stem,gender_ann,group_id,label,music_type_ann,vowel_ann,Total Duration,path,duration_sec,singer,gender
f1_arpeggios_belt_c_a,Female,f1,Belt_Harsh,Arpeggio,a,7.27946,/home/evgeniy/Projects/VocalAssistant/datasets/VocalSet/FULL/female1/arpeggios/belt/f1_arpeggios_belt_c_a.wav,7.279455782312925,female1,female
f1_arpeggios_belt_c_e,Female,f1,Belt_Harsh,Arpeggio,e,7.73225,/home/evgeniy/Projects/VocalAssistant/datasets/VocalSet/FULL/female1/arpeggios/belt/f1_arpeggios_belt_c_e.wav,7.737278911564625,female1,female
f1_arpeggios_belt_c_i,Female,f1,Belt_Harsh,Arpeggio,i,8.01089,/home/evgeniy/Projects/VocalAssistant/datasets/VocalSet/FULL/female1/arpeggios/belt/f1_arpeggios_belt_c_i.wav,8.011972789115646,female1,female
f1_arpeggios_belt_c_o,Female,f1,Belt_Harsh,Arpeggio,o,7.82513,/home/evgeniy/Projects/VocalAssistant/datasets/VocalSet/FULL/female1/arpeggios/belt/f1_arpeggios_belt_c_o.wav,7.828843537414966,female1,female
f1_arpeggios_belt_c_u,Female,f1,Belt_Harsh,Arpeggio,u,7.45361,/home/evgeniy/Projects/VocalAssistant/datasets/VocalSet/FULL/female1/arpeggios/belt/f1_arpeggios_belt_c_u.wav,7.462585034013605,female1,female
f1_arpeggios_breathy_a,Female,f1,VeryBreathy,Arpeggio,a,7.43039,/home/evgeniy/Projects/VocalAssistant/datasets/VocalSet/FULL/female1/arpeggios/breathy/f1_arpeggios_breathy_a.wav,7.441768707482993,female1,female
f1_arpeggios_breathy_e,Female,f1,VeryBreathy,Arpeggio,e,7.52327,/home/evgeniy/Projects/VocalAssistant/datasets/VocalSet/FULL/female1/arpeggios/breathy/f1_arpeggios_breathy_e.wav,7.530362811791383,female1,female
f1_arpeggios_breathy_i,Female,f1,VeryBreathy,Arpeggio,i,7.69742,/home/evgeniy/Projects/VocalAssistant/datasets/VocalSet/FULL/female1/arpeggios/breathy/f1_arpeggios_breathy_i.wav,7.707573696145125,female1,female
f1_arpeggios_breathy_o,Female,f1,VeryBreathy,Arpeggio,o,7.17497,/home/evgeniy/Projects/VocalAssistant/datasets/VocalSet/FULL/female1/arpeggios/breathy/f1_arpeggios_breathy_o.wav,7.176009070294785,female1,female
f1_arpeggios_breathy_u,Female,f1,VeryBreathy,Arpeggio,u,6.81506,/home/evgeniy/Projects/VocalAssistant/datasets/VocalSet/FULL/female1/arpeggios/breathy/f1_arpeggios_breathy_u.wav,6.821632653061225,female1,female
f1_arpeggios_c_fast_forte_a,Female,f1,Fast_Articulated_Forte,Arpeggio,a,2.5542,/home/evgeniy/Projects/VocalAssistant/datasets/VocalSet/FULL/female1/arpeggios/fast_forte/f1_arpeggios_c_fast_forte_a.wav,2.5606349206349206,female1,female
f1_arpeggios_c_fast_forte_e,Female,f1,Fast_Articulated_Forte,Arpeggio,e,2.41488,/home/evgeniy/Projects/VocalAssistant/datasets/VocalSet/FULL/female1/arpeggios/fast_forte/f1_arpeggios_c_fast_forte_e.wav,2.4203174603174604,female1,female
f1_arpeggios_c_fast_forte_i,Female,f1,Fast_Articulated_Forte,Arpeggio,i,2.48454,/home/evgeniy/Projects/VocalAssistant/datasets/VocalSet/FULL/female1/arpeggios/fast_forte/f1_arpeggios_c_fast_forte_i.wav,2.4904761904761905,female1,female
f1_arpeggios_c_fast_forte_o,Female,f1,Fast_Articulated_Forte,Arpeggio,o,2.58903,/home/evgeniy/Projects/VocalAssistant/datasets/VocalSet/FULL/female1/arpeggios/fast_forte/f1_arpeggios_c_fast_forte_o.wav,2.5957142857142856,female1,female
f1_arpeggios_c_fast_forte_u,Female,f1,Fast_Articulated_Forte,Arpeggio,u,2.72835,/home/evgeniy/Projects/VocalAssistant/datasets/VocalSet/FULL/female1/arpeggios/fast_forte/f1_arpeggios_c_fast_forte_u.wav,2.736009070294785,female1,female
f1_arpeggios_c_fast_piano_a,Female,f1,Fast_Articulated_Piano,Arpeggio,a,1.96209,/home/evgeniy/Projects/VocalAssistant/datasets/VocalSet/FULL/female1/arpeggios/fast_piano/f1_arpeggios_c_fast_piano_a.wav,1.9716326530612245,female1,female
f1_arpeggios_c_fast_piano_e,Female,f1,Fast_Articulated_Piano,Arpeggio,e,2.06658,/home/evgeniy/Projects/VocalAssistant/datasets/VocalSet/FULL/female1/arpeggios/fast_piano/f1_arpeggios_c_fast_piano_e.wav,2.0772562358276643,female1,female
f1_arpeggios_c_fast_piano_i,Female,f1,Fast_Articulated_Piano,Arpeggio,i,1.89243,/home/evgeniy/Projects/VocalAssistant/datasets/VocalSet/FULL/female1/arpeggios/fast_piano/f1_arpeggios_c_fast_piano_i.wav,1.9012244897959183,female1,female
f1_arpeggios_c_fast_piano_o,Female,f1,Fast_Articulated_Piano,Arpeggio,o,2.21751,/home/evgeniy/Projects/VocalAssistant/datasets/VocalSet/FULL/female1/arpeggios/fast_piano/f1_arpeggios_c_fast_piano_o.wav,2.218095238095238,female1,female
f1_arpeggios_c_fast_piano_u,Female,f1,Fast_Articulated_Piano,Arpeggio,u,2.21751,/home/evgeniy/Projects/VocalAssistant/datasets/VocalSet/FULL/female1/arpeggios/fast_piano/f1_arpeggios_c_fast_piano_u.wav,2.2180725623582767,female1,female
f1_arpeggios_c_slow_forte_a,Female,f1,Slow_Legato_Forte,Arpeggio,a,7.51166,/home/evgeniy/Projects/VocalAssistant/datasets/VocalSet/FULL/female1/arpeggios/slow_forte/f1_arpeggios_c_slow_forte_a.wav,7.521678004535147,female1,female
f1_arpeggios_c_slow_forte_e,Female,f1,Slow_Legato_Forte,Arpeggio,e,7.59293,/home/evgeniy/Projects/VocalAssistant/datasets/VocalSet/FULL/female1/arpeggios/slow_forte/f1_arpeggios_c_slow_forte_e.wav,7.59766439909297,female1,female
f1_arpeggios_c_slow_forte_u,Female,f1,Slow_Legato_Forte,Arpeggio,u,8.04572,/home/evgeniy/Projects/VocalAssistant/datasets/VocalSet/FULL/female1/arpeggios/slow_forte/f1_arpeggios_c_slow_forte_u.wav,8.053514739229024,female1,female
f1_arpeggios_c_slow_piano_a,Female,f1,Slow_Legato_Piano,Arpeggio,a,8.1386,/home/evgeniy/Projects/VocalAssistant/datasets/VocalSet/FULL/female1/arpeggios/slow_piano/f1_arpeggios_c_slow_piano_a.wav,8.149682539682539,female1,female
f1_arpeggios_c_slow_piano_e,Female,f1,Slow_Legato_Piano,Arpeggio,e,8.64944,/home/evgeniy/Projects/VocalAssistant/datasets/VocalSet/FULL/female1/arpeggios/slow_piano/f1_arpeggios_c_slow_piano_e.wav,8.650090702947846,female1,female
f1_arpeggios_c_slow_piano_i,Female,f1,Slow_Legato_Piano,Arpeggio,i,7.63937,/home/evgeniy/Projects/VocalAssistant/datasets/VocalSet/FULL/female1/arpeggios/slow_piano/f1_arpeggios_c_slow_piano_i.wav,7.6492743764172335,female1,female
f1_arpeggios_c_slow_piano_o,Female,f1,Slow_Legato_Piano,Arpeggio,o,7.7903,/home/evgeniy/Projects/VocalAssistant/datasets/VocalSet/FULL/female1/arpeggios/slow_piano/f1_arpeggios_c_slow_piano_o.wav,7.792244897959184,female1,female
f1_arpeggios_c_slow_piano_u,Female,f1,Slow_Legato_Piano,Arpeggio,u,8.1386,/home/evgeniy/Projects/VocalAssistant/datasets/VocalSet/FULL/female1/arpeggios/slow_piano/f1_arpeggios_c_slow_piano_u.wav,8.149682539682539,female1,female
f1_arpeggios_f_fast_forte_a,Female,f1,Fast_Articulated_Forte,Arpeggio,a,2.29878,/home/evgeniy/Projects/VocalAssistant/datasets/VocalSet/FULL/female1/arpeggios/fast_forte/f1_arpeggios_f_fast_forte_a.wav,2.3060090702947846,female1,female
f1_arpeggios_f_fast_forte_e,Female,f1,Fast_Articulated_Forte,Arpeggio,e,2.26395,/home/evgeniy/Projects/VocalAssistant/datasets/VocalSet/FULL/female1/arpeggios/fast_forte/f1_arpeggios_f_fast_forte_e.wav,2.265555555555556,female1,female
f1_arpeggios_f_fast_forte_i,Female,f1,Fast_Articulated_Forte,Arpeggio,i,2.42649,/home/evgeniy/Projects/VocalAssistant/datasets/VocalSet/FULL/female1/arpeggios/fast_forte/f1_arpeggios_f_fast_forte_i.wav,2.427369614512472,female1,female
f1_arpeggios_f_fast_forte_o,Female,f1,Fast_Articulated_Forte,Arpeggio,o,2.26395,/home/evgeniy/Projects/VocalAssistant/datasets/VocalSet/FULL/female1/arpeggios/fast_forte/f1_arpeggios_f_fast_forte_o.wav,2.265555555555556,female1,female
f1_arpeggios_f_fast_forte_u,Female,f1,Fast_Articulated_Forte,Arpeggio,u,2.13624,/home/evgeniy/Projects/VocalAssistant/datasets/VocalSet/FULL/female1/arpeggios/fast_forte/f1_arpeggios_f_fast_forte_u.wav,2.144172335600907,female1,female
f1_arpeggios_f_fast_piano_a,Female,f1,Fast_Articulated_Piano,Arpeggio,a,2.13624,/home/evgeniy/Projects/VocalAssistant/datasets/VocalSet/FULL/female1/arpeggios/fast_piano/f1_arpeggios_f_fast_piano_a.wav,2.139229024943311,female1,female
f1_arpeggios_f_fast_piano_e,Female,f1,Fast_Articulated_Piano,Arpeggio,e,2.31039,/home/evgeniy/Projects/VocalAssistant/datasets/VocalSet/FULL/female1/arpeggios/fast_piano/f1_arpeggios_f_fast_piano_e.wav,2.314557823129252,female1,female
f1_arpeggios_f_fast_piano_i,Female,f1,Fast_Articulated_Piano,Arpeggio,i,2.06658,/home/evgeniy/Projects/VocalAssistant/datasets/VocalSet/FULL/female1/arpeggios/fast_piano/f1_arpeggios_f_fast_piano_i.wav,2.0690929705215417,female1,female
f1_arpeggios_f_fast_piano_o,Female,f1,Fast_Articulated_Piano,Arpeggio,o,2.13624,/home/evgeniy/Projects/VocalAssistant/datasets/VocalSet/FULL/female1/arpeggios/fast_piano/f1_arpeggios_f_fast_piano_o.wav,2.1392063492063493,female1,female
f1_arpeggios_f_fast_piano_u,Female,f1,Fast_Articulated_Piano,Arpeggio,u,2.10141,/home/evgeniy/Projects/VocalAssistant/datasets/VocalSet/FULL/female1/arpeggios/fast_piano/f1_arpeggios_f_fast_piano_u.wav,2.1041496598639458,female1,female
f1_arpeggios_f_slow_forte_a,Female,f1,Slow_Legato_Forte,Arpeggio,a,8.16182,/home/evgeniy/Projects/VocalAssistant/datasets/VocalSet/FULL/female1/arpeggios/slow_forte/f1_arpeggios_f_slow_forte_a.wav,8.17233560090703,female1,female
f1_arpeggios_f_slow_piano_a,Female,f1,Slow_Legato_Piano,Arpeggio,a,9.07901,/home/evgeniy/Projects/VocalAssistant/datasets/VocalSet/FULL/female1/arpeggios/slow_piano/f1_arpeggios_f_slow_piano_a.wav,9.081972789115646,female1,female
f1_arpeggios_f_slow_piano_e,Female,f1,Slow_Legato_Piano,Arpeggio,e,8.47529,/home/evgeniy/Projects/VocalAssistant/datasets/VocalSet/FULL/female1/arpeggios/slow_piano/f1_arpeggios_f_slow_piano_e.wav,8.476507936507936,female1,female
f1_arpeggios_f_slow_piano_i,Female,f1,Slow_Legato_Piano,Arpeggio,i,8.92808,/home/evgeniy/Projects/VocalAssistant/datasets/VocalSet/FULL/female1/arpeggios/slow_piano/f1_arpeggios_f_slow_piano_i.wav,8.93061224489796,female1,female
f1_arpeggios_f_slow_piano_o,Female,f1,Slow_Legato_Piano,Arpeggio,o,8.62622,/home/evgeniy/Projects/VocalAssistant/datasets/VocalSet/FULL/female1/arpeggios/slow_piano/f1_arpeggios_f_slow_piano_o.wav,8.627868480725624,female1,female
f1_arpeggios_f_slow_piano_u,Female,f1,Slow_Legato_Piano,Arpeggio,u,8.77715,/home/evgeniy/Projects/VocalAssistant/datasets/VocalSet/FULL/female1/arpeggios/slow_piano/f1_arpeggios_f_slow_piano_u.wav,8.779251700680271,female1,female
f1_arpeggios_lip_trill_a,Female,f1,Lip_Trill,Arpeggio,a,6.37388,/home/evgeniy/Projects/VocalAssistant/datasets/VocalSet/FULL/female1/arpeggios/lip_trill/f1_arpeggios_lip_trill_a.wav,6.376349206349206,female1,female
f1_arpeggios_lip_trill_e,Female,f1,Lip_Trill,Arpeggio,e,7.11692,/home/evgeniy/Projects/VocalAssistant/datasets/VocalSet/FULL/female1/arpeggios/lip_trill/f1_arpeggios_lip_trill_e.wav,7.1177777777777775,female1,female
f1_arpeggios_lip_trill_i,Female,f1,Lip_Trill,Arpeggio,i,6.88472,/home/evgeniy/Projects/VocalAssistant/datasets/VocalSet/FULL/female1/arpeggios/lip_trill/f1_arpeggios_lip_trill_i.wav,6.895374149659864,female1,female
f1_arpeggios_lip_trill_o,Female,f1,Lip_Trill,Arpeggio,o,6.96599,/home/evgeniy/Projects/VocalAssistant/datasets/VocalSet/FULL/female1/arpeggios/lip_trill/f1_arpeggios_lip_trill_o.wav,6.9695238095238095,female1,female
f1_arpeggios_lip_trill_u,Female,f1,Lip_Trill,Arpeggio,u,6.44354,/home/evgeniy/Projects/VocalAssistant/datasets/VocalSet/FULL/female1/arpeggios/lip_trill/f1_arpeggios_lip_trill_u.wav,6.450521541950113,female1,female
f1_arpeggios_straight_a,Female,f1,Slow_StraightTone,Arpeggio,a,7.59293,/home/evgeniy/Projects/VocalAssistant/datasets/VocalSet/FULL/female1/arpeggios/straight/f1_arpeggios_straight_a.wav,7.59297052154195,female1,female
f1_arpeggios_straight_e,Female,f1,Slow_StraightTone,Arpeggio,e,7.99928,/home/evgeniy/Projects/VocalAssistant/datasets/VocalSet/FULL/female1/arpeggios/straight/f1_arpeggios_straight_e.wav,8.0056462585034,female1,female
f1_arpeggios_straight_i,Female,f1,Slow_StraightTone,Arpeggio,i,8.08055,/home/evgeniy/Projects/VocalAssistant/datasets/VocalSet/FULL/female1/arpeggios/straight/f1_arpeggios_straight_i.wav,8.088185941043085,female1,female
f1_arpeggios_straight_o,Female,f1,Slow_StraightTone,Arpeggio,o,7.99928,/home/evgeniy/Projects/VocalAssistant/datasets/VocalSet/FULL/female1/arpeggios/straight/f1_arpeggios_straight_o.wav,8.0056462585034,female1,female
f1_arpeggios_straight_u,Female,f1,Slow_StraightTone,Arpeggio,u,8.41724,/home/evgeniy/Projects/VocalAssistant/datasets/VocalSet/FULL/female1/arpeggios/straight/f1_arpeggios_straight_u.wav,8.418299319727891,female1,female
f1_arpeggios_vibrato_a,Female,f1,Slow_MoltoVibrato,Arpeggio,a,8.26631,/home/evgeniy/Projects/VocalAssistant/datasets/VocalSet/FULL/female1/arpeggios/vibrato/f1_arpeggios_vibrato_a.wav,8.272335600907029,female1,female
f1_arpeggios_vibrato_e,Female,f1,Slow_MoltoVibrato,Arpeggio,e,8.26631,/home/evgeniy/Projects/VocalAssistant/datasets/VocalSet/FULL/female1/arpeggios/vibrato/f1_arpeggios_vibrato_e.wav,8.272335600907029,female1,female
f1_arpeggios_vibrato_i,Female,f1,Slow_MoltoVibrato,Arpeggio,i,8.4869,/home/evgeniy/Projects/VocalAssistant/datasets/VocalSet/FULL/female1/arpeggios/vibrato/f1_arpeggios_vibrato_i.wav,8.488140589569161,female1,female
f1_arpeggios_vibrato_o,Female,f1,Slow_MoltoVibrato,Arpeggio,o,8.04572,/home/evgeniy/Projects/VocalAssistant/datasets/VocalSet/FULL/female1/arpeggios/vibrato/f1_arpeggios_vibrato_o.wav,8.056530612244899,female1,female
f1_arpeggios_vibrato_u,Female,f1,Slow_MoltoVibrato,Arpeggio,u,8.04572,/home/evgeniy/Projects/VocalAssistant/datasets/VocalSet/FULL/female1/arpeggios/vibrato/f1_arpeggios_vibrato_u.wav,8.056530612244899,female1,female
f1_caro_straight,Female,f1,StraightTone,MusicalExcerp_Caro,,32.53116,/home/evgeniy/Projects/VocalAssistant/datasets/VocalSet/FULL/female1/excerpts/straight/f1_caro_straight.wav,32.53213151927438,female1,female
f1_caro_vibrato,Female,f1,MoltoVibrato,MusicalExcerp_Caro,o,34.63257,/home/evgeniy/Projects/VocalAssistant/datasets/VocalSet/FULL/female1/excerpts/vibrato/f1_caro_vibrato.wav,34.63521541950114,female1,female
f1_dona_straight,Female,f1,StraightTone,MusicalExcerp_Dona,,20.1317,/home/evgeniy/Projects/VocalAssistant/datasets/VocalSet/FULL/female1/excerpts/straight/f1_dona_straight.wav,20.140498866213157,female1,female
f1_dona_vibrato,Female,f1,MoltoVibrato,MusicalExcerp_Dona,o,21.01406,/home/evgeniy/Projects/VocalAssistant/datasets/VocalSet/FULL/female1/excerpts/vibrato/f1_dona_vibrato.wav,21.01954648526077,female1,female
f1_long_forte_a,Female,f1,FullVoice,Long_tones,a,11.30812,/home/evgeniy/Projects/VocalAssistant/datasets/VocalSet/FULL/female1/long_tones/forte/f1_long_forte_a.wav,11.315510204081631,female1,female
f1_long_forte_e,Female,f1,FullVoice,Long_tones,e,11.06431,/home/evgeniy/Projects/VocalAssistant/datasets/VocalSet/FULL/female1/long_tones/forte/f1_long_forte_e.wav,11.0721768707483,female1,female
f1_long_forte_i,Female,f1,FullVoice,Long_tones,i,11.79574,/home/evgeniy/Projects/VocalAssistant/datasets/VocalSet/FULL/female1/long_tones/forte/f1_long_forte_i.wav,11.802222222222222,female1,female
f1_long_forte_o,Female,f1,FullVoice,Long_tones,o,11.19202,/home/evgeniy/Projects/VocalAssistant/datasets/VocalSet/FULL/female1/long_tones/forte/f1_long_forte_o.wav,11.193854875283447,female1,female
f1_long_forte_u,Female,f1,FullVoice,Long_tones,u,11.06431,/home/evgeniy/Projects/VocalAssistant/datasets/VocalSet/FULL/female1/long_tones/forte/f1_long_forte_u.wav,11.0721768707483,female1,female
f1_long_messa_a,Female,f1,MessaDiVoce,Long_tones,a,14.1874,/home/evgeniy/Projects/VocalAssistant/datasets/VocalSet/FULL/female1/long_tones/messa/f1_long_messa_a.wav,14.189342403628116,female1,female
f1_long_messa_e,Female,f1,MessaDiVoce,Long_tones,e,16.06821,/home/evgeniy/Projects/VocalAssistant/datasets/VocalSet/FULL/female1/long_tones/messa/f1_long_messa_e.wav,16.071609977324265,female1,female
f1_long_messa_i,Female,f1,MessaDiVoce,Long_tones,i,15.19746,/home/evgeniy/Projects/VocalAssistant/datasets/VocalSet/FULL/female1/long_tones/messa/f1_long_messa_i.wav,15.202879818594104,female1,female
f1_long_messa_o,Female,f1,MessaDiVoce,Long_tones,o,14.90721,/home/evgeniy/Projects/VocalAssistant/datasets/VocalSet/FULL/female1/long_tones/messa/f1_long_messa_o.wav,14.913310657596371,female1,female
f1_long_messa_u,Female,f1,MessaDiVoce,Long_tones,u,13.0264,/home/evgeniy/Projects/VocalAssistant/datasets/VocalSet/FULL/female1/long_tones/messa/f1_long_messa_u.wav,13.031043083900228,female1,female
f1_long_straight_a,Female,f1,StraightTone,Long_tones,a,11.81896,/home/evgeniy/Projects/VocalAssistant/datasets/VocalSet/FULL/female1/long_tones/straight/f1_long_straight_a.wav,11.82265306122449,female1,female
f1_long_straight_e,Female,f1,StraightTone,Long_tones,e,10.63474,/home/evgeniy/Projects/VocalAssistant/datasets/VocalSet/FULL/female1/long_tones/straight/f1_long_straight_e.wav,10.640385487528343,female1,female
f1_long_straight_i,Female,f1,StraightTone,Long_tones,i,10.99465,/home/evgeniy/Projects/VocalAssistant/datasets/VocalSet/FULL/female1/long_tones/straight/f1_long_straight_i.wav,10.995056689342404,female1,female
f1_long_straight_o,Female,f1,StraightTone,Long_tones,o,10.63474,/home/evgeniy/Projects/VocalAssistant/datasets/VocalSet/FULL/female1/long_tones/straight/f1_long_straight_o.wav,10.640385487528343,female1,female
f1_long_straight_u,Female,f1,StraightTone,Long_tones,u,10.99465,/home/evgeniy/Projects/VocalAssistant/datasets/VocalSet/FULL/female1/long_tones/straight/f1_long_straight_u.wav,10.995079365079365,female1,female
f1_long_trill_a,Female,f1,Trill,Long_tones,a,16.38168,/home/evgeniy/Projects/VocalAssistant/datasets/VocalSet/FULL/female1/long_tones/trill/f1_long_trill_a.wav,16.388480725623584,female1,female
f1_long_trill_e,Female,f1,Trill,Long_tones,e,19.22613,/home/evgeniy/Projects/VocalAssistant/datasets/VocalSet/FULL/female1/long_tones/trill/f1_long_trill_e.wav,19.231383219954648,female1,female
f1_long_trill_i,Female,f1,Trill,Long_tones,i,17.71683,/home/evgeniy/Projects/VocalAssistant/datasets/VocalSet/FULL/female1/long_tones/trill/f1_long_trill_i.wav,17.726303854875283,female1,female
f1_long_trill_o,Female,f1,Trill,Long_tones,o,16.88091,/home/evgeniy/Projects/VocalAssistant/datasets/VocalSet/FULL/female1/long_tones/trill/f1_long_trill_o.wav,16.89015873015873,female1,female
f1_long_trill_u,Female,f1,Trill,Long_tones,u,17.2176,/home/evgeniy/Projects/VocalAssistant/datasets/VocalSet/FULL/female1/long_tones/trill/f1_long_trill_u.wav,17.224625850340136,female1,female
f1_long_trillo_a,Female,f1,Trillo,Long_tones,a,10.10068,/home/evgeniy/Projects/VocalAssistant/datasets/VocalSet/FULL/female1/long_tones/trillo/f1_long_trillo_a.wav,10.108321995464852,female1,female
f1_long_trillo_e,Female,f1,Trillo,Long_tones,e,10.90177,/home/evgeniy/Projects/VocalAssistant/datasets/VocalSet/FULL/female1/long_tones/trillo/f1_long_trillo_e.wav,10.903356009070295,female1,female
f1_long_trillo_i,Female,f1,Trillo,Long_tones,i,10.55347,/home/evgeniy/Projects/VocalAssistant/datasets/VocalSet/FULL/female1/long_tones/trillo/f1_long_trillo_i.wav,10.56265306122449,female1,female
f1_long_trillo_o,Female,f1,Trillo,Long_tones,o,9.76399,/home/evgeniy/Projects/VocalAssistant/datasets/VocalSet/FULL/female1/long_tones/trillo/f1_long_trillo_o.wav,9.767596371882084,female1,female
f1_long_trillo_u,Female,f1,Trillo,Long_tones,u,9.76399,/home/evgeniy/Projects/VocalAssistant/datasets/VocalSet/FULL/female1/long_tones/trillo/f1_long_trillo_u.wav,9.767619047619048,female1,female
f1_row_straight,Female,f1,StraightTone,MusicalExcerp_RowRow,,14.15257,/home/evgeniy/Projects/VocalAssistant/datasets/VocalSet/FULL/female1/excerpts/straight/f1_row_straight.wav,14.154512471655329,female1,female
f1_row_vibrato,Female,f1,MoltoVibrato,MusicalExcerp_RowRow,o,14.90721,/home/evgeniy/Projects/VocalAssistant/datasets/VocalSet/FULL/female1/excerpts/vibrato/f1_row_vibrato.wav,14.917709750566894,female1,female
f1_scales_belt_a,Female,f1,Belt_Harsh,Scale,a,11.30812,/home/evgeniy/Projects/VocalAssistant/datasets/VocalSet/FULL/female1/scales/belt/f1_scales_belt_a.wav,11.316848072562358,female1,female
f1_scales_belt_e,Female,f1,Belt_Harsh,Scale,e,11.41261,/home/evgeniy/Projects/VocalAssistant/datasets/VocalSet/FULL/female1/scales/belt/f1_scales_belt_e.wav,11.417891156462584,female1,female
f1_scales_belt_i,Female,f1,Belt_Harsh,Scale,i,10.50703,/home/evgeniy/Projects/VocalAssistant/datasets/VocalSet/FULL/female1/scales/belt/f1_scales_belt_i.wav,10.508503401360544,female1,female
f1_scales_belt_o,Female,f1,Belt_Harsh,Scale,o,10.90177,/home/evgeniy/Projects/VocalAssistant/datasets/VocalSet/FULL/female1/scales/belt/f1_scales_belt_o.wav,10.912675736961452,female1,female
f1_scales_belt_u,Female,f1,Belt_Harsh,Scale,u,11.5171,/home/evgeniy/Projects/VocalAssistant/datasets/VocalSet/FULL/female1/scales/belt/f1_scales_belt_u.wav,11.518934240362812,female1,female
f1_scales_breathy_a,Female,f1,Breathy,Scale,a,9.90331,/home/evgeniy/Projects/VocalAssistant/datasets/VocalSet/FULL/female1/scales/breathy/f1_scales_breathy_a.wav,9.912040816326533,female1,female
f1_scales_breathy_e,Female,f1,Breathy,Scale,e,10.24,/home/evgeniy/Projects/VocalAssistant/datasets/VocalSet/FULL/female1/scales/breathy/f1_scales_breathy_e.wav,10.246145124716554,female1,female
f1_scales_breathy_i,Female,f1,Breathy,Scale,i,8.46368,/home/evgeniy/Projects/VocalAssistant/datasets/VocalSet/FULL/female1/scales/breathy/f1_scales_breathy_i.wav,8.46421768707483,female1,female
f1_scales_breathy_o,Female,f1,Breathy,Scale,o,8.56817,/home/evgeniy/Projects/VocalAssistant/datasets/VocalSet/FULL/female1/scales/breathy/f1_scales_breathy_o.wav,8.575578231292518,female1,female
f1_scales_breathy_u,Female,f1,Breathy,Scale,u,8.78876,/home/evgeniy/Projects/VocalAssistant/datasets/VocalSet/FULL/female1/scales/breathy/f1_scales_breathy_u.wav,8.798321995464853,female1,female
f1_scales_c_fast_forte_a,Female,f1,Fast_Articulated_Forte,Scale,a,3.7152,/home/evgeniy/Projects/VocalAssistant/datasets/VocalSet/FULL/female1/scales/fast_forte/f1_scales_c_fast_forte_a.wav,3.724557823129252,female1,female
f1_scales_c_fast_forte_e,Female,f1,Fast_Articulated_Forte,Scale,e,4.16798,/home/evgeniy/Projects/VocalAssistant/datasets/VocalSet/FULL/female1/scales/fast_forte/f1_scales_c_fast_forte_e.wav,4.177551020408163,female1,female
f1_scales_c_fast_forte_i,Female,f1,Fast_Articulated_Forte,Scale,i,4.01705,/home/evgeniy/Projects/VocalAssistant/datasets/VocalSet/FULL/female1/scales/fast_forte/f1_scales_c_fast_forte_i.wav,4.0265759637188205,female1,female
f1_scales_c_fast_forte_o,Female,f1,Fast_Articulated_Forte,Scale,o,3.97061,/home/evgeniy/Projects/VocalAssistant/datasets/VocalSet/FULL/female1/scales/fast_forte/f1_scales_c_fast_forte_o.wav,3.976235827664399,female1,female
f1_scales_c_fast_forte_u,Female,f1,Fast_Articulated_Forte,Scale,u,3.97061,/home/evgeniy/Projects/VocalAssistant/datasets/VocalSet/FULL/female1/scales/fast_forte/f1_scales_c_fast_forte_u.wav,3.976235827664399,female1,female
f1_scales_c_fast_piano_a,Female,f1,Fast_Articulated_Piano,Scale,a,4.23764,/home/evgeniy/Projects/VocalAssistant/datasets/VocalSet/FULL/female1/scales/fast_piano/f1_scales_c_fast_piano_a.wav,4.248072562358277,female1,female
f1_scales_c_fast_piano_e,Female,f1,Fast_Articulated_Piano,Scale,e,3.90095,/home/evgeniy/Projects/VocalAssistant/datasets/VocalSet/FULL/female1/scales/fast_piano/f1_scales_c_fast_piano_e.wav,3.91015873015873,female1,female
f1_scales_c_fast_piano_i,Female,f1,Fast_Articulated_Piano,Scale,i,3.85451,/home/evgeniy/Projects/VocalAssistant/datasets/VocalSet/FULL/female1/scales/fast_piano/f1_scales_c_fast_piano_i.wav,3.861859410430839,female1,female
f1_scales_c_fast_piano_o,Female,f1,Fast_Articulated_Piano,Scale,o,3.80808,/home/evgeniy/Projects/VocalAssistant/datasets/VocalSet/FULL/female1/scales/fast_piano/f1_scales_c_fast_piano_o.wav,3.813605442176871,female1,female
f1_scales_c_fast_piano_u,Female,f1,Fast_Articulated_Piano,Scale,u,4.05188,/home/evgeniy/Projects/VocalAssistant/datasets/VocalSet/FULL/female1/scales/fast_piano/f1_scales_c_fast_piano_u.wav,4.054965986394558,female1,female
f1_scales_c_slow_forte_a,Female,f1,Slow_Legato_Forte,Scale,a,12.14404,/home/evgeniy/Projects/VocalAssistant/datasets/VocalSet/FULL/female1/scales/slow_forte/f1_scales_c_slow_forte_a.wav,12.154104308390025,female1,female
f1_scales_c_slow_forte_e,Female,f1,Slow_Legato_Forte,Scale,e,12.34141,/home/evgeniy/Projects/VocalAssistant/datasets/VocalSet/FULL/female1/scales/slow_forte/f1_scales_c_slow_forte_e.wav,12.34702947845805,female1,female
f1_scales_c_slow_forte_u,Female,f1,Slow_Legato_Forte,Scale,u,12.24853,/home/evgeniy/Projects/VocalAssistant/datasets/VocalSet/FULL/female1/scales/slow_forte/f1_scales_c_slow_forte_u.wav,12.250566893424036,female1,female
f1_scales_c_slow_piano_a,Female,f1,Slow_Legato_Piano,Scale,a,13.33987,/home/evgeniy/Projects/VocalAssistant/datasets/VocalSet/FULL/female1/scales/slow_piano/f1_scales_c_slow_piano_a.wav,13.347097505668934,female1,female
f1_scales_c_slow_piano_e,Female,f1,Slow_Legato_Piano,Scale,e,13.92037,/home/evgeniy/Projects/VocalAssistant/datasets/VocalSet/FULL/female1/scales/slow_piano/f1_scales_c_slow_piano_e.wav,13.921179138321996,female1,female
f1_scales_c_slow_piano_i,Female,f1,Slow_Legato_Piano,Scale,i,13.63012,/home/evgeniy/Projects/VocalAssistant/datasets/VocalSet/FULL/female1/scales/slow_piano/f1_scales_c_slow_piano_i.wav,13.634149659863946,female1,female
f1_scales_c_slow_piano_o,Female,f1,Slow_Legato_Piano,Scale,o,12.62005,/home/evgeniy/Projects/VocalAssistant/datasets/VocalSet/FULL/female1/scales/slow_piano/f1_scales_c_slow_piano_o.wav,12.629523809523809,female1,female
f1_scales_c_slow_piano_u,Female,f1,Slow_Legato_Piano,Scale,u,12.48073,/home/evgeniy/Projects/VocalAssistant/datasets/VocalSet/FULL/female1/scales/slow_piano/f1_scales_c_slow_piano_u.wav,12.486009070294784,female1,female
f1_scales_f_fast_forte_a,Female,f1,Fast_Articulated_Forte,Scale,a,4.1912,/home/evgeniy/Projects/VocalAssistant/datasets/VocalSet/FULL/female1/scales/fast_forte/f1_scales_f_fast_forte_a.wav,4.191428571428571,female1,female
f1_scales_f_fast_forte_e,Female,f1,Fast_Articulated_Forte,Scale,e,4.28408,/home/evgeniy/Projects/VocalAssistant/datasets/VocalSet/FULL/female1/scales/fast_forte/f1_scales_f_fast_forte_e.wav,4.291224489795918,female1,female
f1_scales_f_fast_forte_i,Female,f1,Fast_Articulated_Forte,Scale,i,4.23764,/home/evgeniy/Projects/VocalAssistant/datasets/VocalSet/FULL/female1/scales/fast_forte/f1_scales_f_fast_forte_i.wav,4.241315192743764,female1,female
f1_scales_f_fast_forte_o,Female,f1,Fast_Articulated_Forte,Scale,o,4.38857,/home/evgeniy/Projects/VocalAssistant/datasets/VocalSet/FULL/female1/scales/fast_forte/f1_scales_f_fast_forte_o.wav,4.391020408163265,female1,female
f1_scales_f_fast_forte_u,Female,f1,Fast_Articulated_Forte,Scale,u,4.28408,/home/evgeniy/Projects/VocalAssistant/datasets/VocalSet/FULL/female1/scales/fast_forte/f1_scales_f_fast_forte_u.wav,4.291224489795918,female1,female
f1_scales_f_fast_piano_a,Female,f1,Fast_Articulated_Piano,Scale,a,4.17959,/home/evgeniy/Projects/VocalAssistant/datasets/VocalSet/FULL/female1/scales/fast_piano/f1_scales_f_fast_piano_a.wav,4.1820634920634925,female1,female
f1_scales_f_fast_piano_e,Female,f1,Fast_Articulated_Piano,Scale,e,3.8313,/home/evgeniy/Projects/VocalAssistant/datasets/VocalSet/FULL/female1/scales/fast_piano/f1_scales_f_fast_piano_e.wav,3.8416780045351473,female1,female
f1_scales_f_fast_piano_i,Female,f1,Fast_Articulated_Piano,Scale,i,4.27247,/home/evgeniy/Projects/VocalAssistant/datasets/VocalSet/FULL/female1/scales/fast_piano/f1_scales_f_fast_piano_i.wav,4.279342403628118,female1,female
f1_scales_f_fast_piano_o,Female,f1,Fast_Articulated_Piano,Scale,o,4.4234,/home/evgeniy/Projects/VocalAssistant/datasets/VocalSet/FULL/female1/scales/fast_piano/f1_scales_f_fast_piano_o.wav,4.425215419501134,female1,female
f1_scales_f_fast_piano_u,Female,f1,Fast_Articulated_Piano,Scale,u,4.13315,/home/evgeniy/Projects/VocalAssistant/datasets/VocalSet/FULL/female1/scales/fast_piano/f1_scales_f_fast_piano_u.wav,4.133446712018141,female1,female
f1_scales_f_slow_forte_u,Female,f1,Slow_Legato_Forte,Scale,u,12.23692,/home/evgeniy/Projects/VocalAssistant/datasets/VocalSet/FULL/female1/scales/slow_forte/f1_scales_f_slow_forte_u.wav,12.240839002267574,female1,female
f1_scales_f_slow_piano_a,Female,f1,Slow_Legato_Piano,Scale,a,13.23538,/home/evgeniy/Projects/VocalAssistant/datasets/VocalSet/FULL/female1/scales/slow_piano/f1_scales_f_slow_piano_a.wav,13.239342403628118,female1,female
f1_scales_f_slow_piano_e,Female,f1,Slow_Legato_Piano,Scale,e,13.43275,/home/evgeniy/Projects/VocalAssistant/datasets/VocalSet/FULL/female1/scales/slow_piano/f1_scales_f_slow_piano_e.wav,13.442993197278913,female1,female
f1_scales_f_slow_piano_i,Female,f1,Slow_Legato_Piano,Scale,i,12.51556,/home/evgeniy/Projects/VocalAssistant/datasets/VocalSet/FULL/female1/scales/slow_piano/f1_scales_f_slow_piano_i.wav,12.526439909297052,female1,female
f1_scales_f_slow_piano_o,Female,f1,Slow_Legato_Piano,Scale,o,13.23538,/home/evgeniy/Projects/VocalAssistant/datasets/VocalSet/FULL/female1/scales/slow_piano/f1_scales_f_slow_piano_o.wav,13.239319727891155,female1,female
f1_scales_f_slow_piano_u,Female,f1,Slow_Legato_Piano,Scale,u,13.13089,/home/evgeniy/Projects/VocalAssistant/datasets/VocalSet/FULL/female1/scales/slow_piano/f1_scales_f_slow_piano_u.wav,13.13748299319728,female1,female
f1_scales_straight_a,Female,f1,StraightTone,Scale,a,11.42422,/home/evgeniy/Projects/VocalAssistant/datasets/VocalSet/FULL/female1/scales/straight/f1_scales_straight_a.wav,11.432380952380951,female1,female
f1_scales_straight_e,Female,f1,StraightTone,Scale,e,12.31819,/home/evgeniy/Projects/VocalAssistant/datasets/VocalSet/FULL/female1/scales/straight/f1_scales_straight_e.wav,12.329024943310658,female1,female
f1_scales_straight_i,Female,f1,StraightTone,Scale,i,11.65642,/home/evgeniy/Projects/VocalAssistant/datasets/VocalSet/FULL/female1/scales/straight/f1_scales_straight_i.wav,11.65655328798186,female1,female
f1_scales_straight_o,Female,f1,StraightTone,Scale,o,12.43429,/home/evgeniy/Projects/VocalAssistant/datasets/VocalSet/FULL/female1/scales/straight/f1_scales_straight_o.wav,12.44111111111111,female1,female
f1_scales_straight_u,Female,f1,StraightTone,Scale,u,11.76091,/home/evgeniy/Projects/VocalAssistant/datasets/VocalSet/FULL/female1/scales/straight/f1_scales_straight_u.wav,11.76861678004535,female1,female
f1_scales_vibrato_a,Female,f1,MoltoVibrato,Scale,a,12.06277,/home/evgeniy/Projects/VocalAssistant/datasets/VocalSet/FULL/female1/scales/vibrato/f1_scales_vibrato_a.wav,12.073673469387757,female1,female
f1_scales_vibrato_e,Female,f1,MoltoVibrato,Scale,e,12.16726,/home/evgeniy/Projects/VocalAssistant/datasets/VocalSet/FULL/female1/scales/vibrato/f1_scales_vibrato_e.wav,12.177755102040816,female1,female
f1_scales_vibrato_i,Female,f1,MoltoVibrato,Scale,i,13.10767,/home/evgeniy/Projects/VocalAssistant/datasets/VocalSet/FULL/female1/scales/vibrato/f1_scales_vibrato_i.wav,13.11453514739229,female1,female
f1_scales_vibrato_o,Female,f1,MoltoVibrato,Scale,o,12.06277,/home/evgeniy/Projects/VocalAssistant/datasets/VocalSet/FULL/female1/scales/vibrato/f1_scales_vibrato_o.wav,12.073696145124716,female1,female
f1_scales_vibrato_u,Female,f1,MoltoVibrato,Scale,u,12.58522,/home/evgeniy/Projects/VocalAssistant/datasets/VocalSet/FULL/female1/scales/vibrato/f1_scales_vibrato_u.wav,12.594104308390024,female1,female
f2_arepggios_c_fast_forte_a,Female,f2,Fast_Articulated_Forte,Arpeggio,a,2.26395,/home/evgeniy/Projects/VocalAssistant/datasets/VocalSet/FULL/female2/arpeggios/fast_forte/f2_arepggios_c_fast_forte_a.wav,2.274172335600907,female2,female
f2_arepggios_c_fast_forte_e,Female,f2,Fast_Articulated_Forte,Arpeggio,e,2.29878,/home/evgeniy/Projects/VocalAssistant/datasets/VocalSet/FULL/female2/arpeggios/fast_forte/f2_arepggios_c_fast_forte_e.wav,2.310249433106576,female2,female
f2_arepggios_c_fast_forte_i,Female,f2,Fast_Articulated_Forte,Arpeggio,i,2.34522,/home/evgeniy/Projects/VocalAssistant/datasets/VocalSet/FULL/female2/arpeggios/fast_forte/f2_arepggios_c_fast_forte_i.wav,2.346371882086168,female2,female
f2_arepggios_c_fast_forte_o,Female,f2,Fast_Articulated_Forte,Arpeggio,o,2.22912,/home/evgeniy/Projects/VocalAssistant/datasets/VocalSet/FULL/female2/arpeggios/fast_forte/f2_arepggios_c_fast_forte_o.wav,2.2380725623582767,female2,female
f2_arepggios_c_fast_forte_u,Female,f2,Fast_Articulated_Forte,Arpeggio,u,2.19429,/home/evgeniy/Projects/VocalAssistant/datasets/VocalSet/FULL/female2/arpeggios/fast_forte/f2_arepggios_c_fast_forte_u.wav,2.201972789115646,female2,female
f2_arepggios_c_fast_piano_a,Female,f2,Fast_Articulated_Piano,Arpeggio,a,1.8576,/home/evgeniy/Projects/VocalAssistant/datasets/VocalSet/FULL/female2/arpeggios/fast_piano/f2_arepggios_c_fast_piano_a.wav,1.8634240362811791,female2,female
f2_arepggios_c_fast_piano_e,Female,f2,Fast_Articulated_Piano,Arpeggio,e,1.78794,/home/evgeniy/Projects/VocalAssistant/datasets/VocalSet/FULL/female2/arpeggios/fast_piano/f2_arepggios_c_fast_piano_e.wav,1.7968707482993198,female2,female
f2_arepggios_c_fast_piano_i,Female,f2,Fast_Articulated_Piano,Arpeggio,i,2.05497,/home/evgeniy/Projects/VocalAssistant/datasets/VocalSet/FULL/female2/arpeggios/fast_piano/f2_arepggios_c_fast_piano_i.wav,2.063061224489796,female2,female
f2_arepggios_c_fast_piano_o,Female,f2,Fast_Articulated_Piano,Arpeggio,o,2.02014,/home/evgeniy/Projects/VocalAssistant/datasets/VocalSet/FULL/female2/arpeggios/fast_piano/f2_arepggios_c_fast_piano_o.wav,2.029795918367347,female2,female
f2_arepggios_c_fast_piano_u,Female,f2,Fast_Articulated_Piano,Arpeggio,u,2.12463,/home/evgeniy/Projects/VocalAssistant/datasets/VocalSet/FULL/female2/arpeggios/fast_piano/f2_arepggios_c_fast_piano_u.wav,2.129637188208617,female2,female
f2_arepggios_f_fast_forte_a,Female,f2,Fast_Articulated_Forte,Arpeggio,a,2.02014,/home/evgeniy/Projects/VocalAssistant/datasets/VocalSet/FULL/female2/arpeggios/fast_forte/f2_arepggios_f_fast_forte_a.wav,2.02562358276644,female2,female
f2_arepggios_f_fast_forte_e,Female,f2,Fast_Articulated_Forte,Arpeggio,e,1.95048,/home/evgeniy/Projects/VocalAssistant/datasets/VocalSet/FULL/female2/arpeggios/fast_forte/f2_arepggios_f_fast_forte_e.wav,1.954557823129252,female2,female
f2_arepggios_f_fast_forte_i,Female,f2,Fast_Articulated_Forte,Arpeggio,i,2.05497,/home/evgeniy/Projects/VocalAssistant/datasets/VocalSet/FULL/female2/arpeggios/fast_forte/f2_arepggios_f_fast_forte_i.wav,2.061156462585034,female2,female
f2_arepggios_f_fast_forte_o,Female,f2,Fast_Articulated_Forte,Arpeggio,o,1.91565,/home/evgeniy/Projects/VocalAssistant/datasets/VocalSet/FULL/female2/arpeggios/fast_forte/f2_arepggios_f_fast_forte_o.wav,1.919002267573696,female2,female
f2_arepggios_f_fast_forte_u,Female,f2,Fast_Articulated_Forte,Arpeggio,u,1.98531,/home/evgeniy/Projects/VocalAssistant/datasets/VocalSet/FULL/female2/arpeggios/fast_forte/f2_arepggios_f_fast_forte_u.wav,1.9900907029478456,female2,female
f2_arepggios_f_fast_piano_a,Female,f2,Fast_Articulated_Piano,Arpeggio,a,1.9737,/home/evgeniy/Projects/VocalAssistant/datasets/VocalSet/FULL/female2/arpeggios/fast_piano/f2_arepggios_f_fast_piano_a.wav,1.976984126984127,female2,female
f2_arepggios_f_fast_piano_e,Female,f2,Fast_Articulated_Piano,Arpeggio,e,1.9737,/home/evgeniy/Projects/VocalAssistant/datasets/VocalSet/FULL/female2/arpeggios/fast_piano/f2_arepggios_f_fast_piano_e.wav,1.976984126984127,female2,female
f2_arepggios_f_fast_piano_i,Female,f2,Fast_Articulated_Piano,Arpeggio,i,2.03175,/home/evgeniy/Projects/VocalAssistant/datasets/VocalSet/FULL/female2/arpeggios/fast_piano/f2_arepggios_f_fast_piano_i.wav,2.0418140589569163,female2,female
f2_arepggios_f_fast_piano_o,Female,f2,Fast_Articulated_Piano,Arpeggio,o,1.61379,/home/evgeniy/Projects/VocalAssistant/datasets/VocalSet/FULL/female2/arpeggios/fast_piano/f2_arepggios_f_fast_piano_o.wav,1.6204761904761904,female2,female
f2_arepggios_f_fast_piano_u,Female,f2,Fast_Articulated_Piano,Arpeggio,u,1.86921,/home/evgeniy/Projects/VocalAssistant/datasets/VocalSet/FULL/female2/arpeggios/fast_piano/f2_arepggios_f_fast_piano_u.wav,1.8797732426303853,female2,female
f2_arpeggios_belt_a,Female,f2,Belt_Harsh,Arpeggio,a,6.13007,/home/evgeniy/Projects/VocalAssistant/datasets/VocalSet/FULL/female2/arpeggios/belt/f2_arpeggios_belt_a.wav,6.1401360544217685,female2,female
f2_arpeggios_belt_e,Female,f2,Belt_Harsh,Arpeggio,e,6.29261,/home/evgeniy/Projects/VocalAssistant/datasets/VocalSet/FULL/female2/arpeggios/belt/f2_arpeggios_belt_e.wav,6.303151927437642,female2,female
f2_arpeggios_belt_i,Female,f2,Belt_Harsh,Arpeggio,i,6.02558,/home/evgeniy/Projects/VocalAssistant/datasets/VocalSet/FULL/female2/arpeggios/belt/f2_arpeggios_belt_i.wav,6.031473922902494,female2,female
f2_arpeggios_belt_o,Female,f2,Belt_Harsh,Arpeggio,o,6.18812,/home/evgeniy/Projects/VocalAssistant/datasets/VocalSet/FULL/female2/arpeggios/belt/f2_arpeggios_belt_o.wav,6.194467120181406,female2,female
f2_arpeggios_belt_u,Female,f2,Belt_Harsh,Arpeggio,u,6.13007,/home/evgeniy/Projects/VocalAssistant/datasets/VocalSet/FULL/female2/arpeggios/belt/f2_arpeggios_belt_u.wav,6.1401360544217685,female2,female
f2_arpeggios_breathy_a,Female,f2,VeryBreathy,Arpeggio,a,6.69896,/home/evgeniy/Projects/VocalAssistant/datasets/VocalSet/FULL/female2/arpeggios/breathy/f2_arpeggios_breathy_a.wav,6.707777777777777,female2,female
f2_arpeggios_breathy_e,Female,f2,VeryBreathy,Arpeggio,e,6.47837,/home/evgeniy/Projects/VocalAssistant/datasets/VocalSet/FULL/female2/arpeggios/breathy/f2_arpeggios_breathy_e.wav,6.480408163265306,female2,female
f2_arpeggios_breathy_i,Female,f2,VeryBreathy,Arpeggio,i,6.18812,/home/evgeniy/Projects/VocalAssistant/datasets/VocalSet/FULL/female2/arpeggios/breathy/f2_arpeggios_breathy_i.wav,6.196167800453515,female2,female
f2_arpeggios_breathy_o,Female,f2,VeryBreathy,Arpeggio,o,6.47837,/home/evgeniy/Projects/VocalAssistant/datasets/VocalSet/FULL/female2/arpeggios/breathy/f2_arpeggios_breathy_o.wav,6.480385487528345,female2,female
f2_arpeggios_breathy_u,Female,f2,VeryBreathy,Arpeggio,u,6.24617,/home/evgeniy/Projects/VocalAssistant/datasets/VocalSet/FULL/female2/arpeggios/breathy/f2_arpeggios_breathy_u.wav,6.253015873015873,female2,female
f2_arpeggios_c_slow_forte_a,Female,f2,Slow_Legato_Forte,Arpeggio,a,8.03411,/home/evgeniy/Projects/VocalAssistant/datasets/VocalSet/FULL/female2/arpeggios/slow_forte/f2_arpeggios_c_slow_forte_a.wav,8.042108843537415,female2,female
f2_arpeggios_c_slow_forte_e,Female,f2,Slow_Legato_Forte,Arpeggio,e,7.69742,/home/evgeniy/Projects/VocalAssistant/datasets/VocalSet/FULL/female2/arpeggios/slow_forte/f2_arpeggios_c_slow_forte_e.wav,7.701315192743764,female2,female
f2_arpeggios_c_slow_forte_u,Female,f2,Slow_Legato_Forte,Arpeggio,u,7.76708,/home/evgeniy/Projects/VocalAssistant/datasets/VocalSet/FULL/female2/arpeggios/slow_forte/f2_arpeggios_c_slow_forte_u.wav,7.769478458049886,female2,female
f2_arpeggios_c_slow_piano_a,Female,f2,Slow_Legato_Piano,Arpeggio,a,8.19665,/home/evgeniy/Projects/VocalAssistant/datasets/VocalSet/FULL/female2/arpeggios/slow_piano/f2_arpeggios_c_slow_piano_a.wav,8.206439909297051,female2,female
f2_arpeggios_c_slow_piano_e,Female,f2,Slow_Legato_Piano,Arpeggio,e,7.99928,/home/evgeniy/Projects/VocalAssistant/datasets/VocalSet/FULL/female2/arpeggios/slow_piano/f2_arpeggios_c_slow_piano_e.wav,8.006281179138321,female2,female
f2_arpeggios_c_slow_piano_i,Female,f2,Slow_Legato_Piano,Arpeggio,i,7.60454,/home/evgeniy/Projects/VocalAssistant/datasets/VocalSet/FULL/female2/arpeggios/slow_piano/f2_arpeggios_c_slow_piano_i.wav,7.605963718820861,female2,female
f2_arpeggios_c_slow_piano_o,Female,f2,Slow_Legato_Piano,Arpeggio,o,7.92962,/home/evgeniy/Projects/VocalAssistant/datasets/VocalSet/FULL/female2/arpeggios/slow_piano/f2_arpeggios_c_slow_piano_o.wav,7.939569160997732,female2,female
f2_arpeggios_c_slow_piano_u,Female,f2,Slow_Legato_Piano,Arpeggio,u,7.80191,/home/evgeniy/Projects/VocalAssistant/datasets/VocalSet/FULL/female2/arpeggios/slow_piano/f2_arpeggios_c_slow_piano_u.wav,7.806122448979591,female2,female
f2_arpeggios_f_slow_forte_e,Female,f2,Slow_Legato_Forte,Arpeggio,e,8.41724,/home/evgeniy/Projects/VocalAssistant/datasets/VocalSet/FULL/female2/arpeggios/slow_forte/f2_arpeggios_f_slow_forte_e.wav,8.422902494331066,female2,female
f2_arpeggios_f_slow_piano_a,Female,f2,Slow_Legato_Piano,Arpeggio,a,8.51012,/home/evgeniy/Projects/VocalAssistant/datasets/VocalSet/FULL/female2/arpeggios/slow_piano/f2_arpeggios_f_slow_piano_a.wav,8.518571428571429,female2,female
f2_arpeggios_f_slow_piano_e,Female,f2,Slow_Legato_Piano,Arpeggio,e,8.51012,/home/evgeniy/Projects/VocalAssistant/datasets/VocalSet/FULL/female2/arpeggios/slow_piano/f2_arpeggios_f_slow_piano_e.wav,8.518571428571429,female2,female
f2_arpeggios_f_slow_piano_i,Female,f2,Slow_Legato_Piano,Arpeggio,i,8.23148,/home/evgeniy/Projects/VocalAssistant/datasets/VocalSet/FULL/female2/arpeggios/slow_piano/f2_arpeggios_f_slow_piano_i.wav,8.239274376417233,female2,female
f2_arpeggios_f_slow_piano_o,Female,f2,Slow_Legato_Piano,Arpeggio,o,7.74386,/home/evgeniy/Projects/VocalAssistant/datasets/VocalSet/FULL/female2/arpeggios/slow_piano/f2_arpeggios_f_slow_piano_o.wav,7.750498866213152,female2,female
f2_arpeggios_f_slow_piano_u,Female,f2,Slow_Legato_Piano,Arpeggio,u,8.16182,/home/evgeniy/Projects/VocalAssistant/datasets/VocalSet/FULL/female2/arpeggios/slow_piano/f2_arpeggios_f_slow_piano_u.wav,8.169455782312925,female2,female
f2_arpeggios_lip_trill_a,Female,f2,Lip_Trill,Arpeggio,a,5.24771,/home/evgeniy/Projects/VocalAssistant/datasets/VocalSet/FULL/female2/arpeggios/lip_trill/f2_arpeggios_lip_trill_a.wav,5.254308390022676,female2,female
f2_arpeggios_lip_trill_e,Female,f2,Lip_Trill,Arpeggio,e,4.95746,/home/evgeniy/Projects/VocalAssistant/datasets/VocalSet/FULL/female2/arpeggios/lip_trill/f2_arpeggios_lip_trill_e.wav,4.965079365079365,female2,female
f2_arpeggios_lip_trill_i,Female,f2,Lip_Trill,Arpeggio,i,5.10839,/home/evgeniy/Projects/VocalAssistant/datasets/VocalSet/FULL/female2/arpeggios/lip_trill/f2_arpeggios_lip_trill_i.wav,5.109705215419501,female2,female
f2_arpeggios_lip_trill_o,Female,f2,Lip_Trill,Arpeggio,o,5.44508,/home/evgeniy/Projects/VocalAssistant/datasets/VocalSet/FULL/female2/arpeggios/lip_trill/f2_arpeggios_lip_trill_o.wav,5.447120181405896,female2,female
f2_arpeggios_lip_trill_u,Female,f2,Lip_Trill,Arpeggio,u,5.5844,/home/evgeniy/Projects/VocalAssistant/datasets/VocalSet/FULL/female2/arpeggios/lip_trill/f2_arpeggios_lip_trill_u.wav,5.591746031746032,female2,female
f2_arpeggios_straight_a,Female,f2,Slow_StraightTone,Arpeggio,a,8.04572,/home/evgeniy/Projects/VocalAssistant/datasets/VocalSet/FULL/female2/arpeggios/straight/f2_arpeggios_straight_a.wav,8.057006802721089,female2,female
f2_arpeggios_straight_e,Female,f2,Slow_StraightTone,Arpeggio,e,8.04572,/home/evgeniy/Projects/VocalAssistant/datasets/VocalSet/FULL/female2/arpeggios/straight/f2_arpeggios_straight_e.wav,8.05702947845805,female2,female
f2_arpeggios_straight_i,Female,f2,Slow_StraightTone,Arpeggio,i,7.83674,/home/evgeniy/Projects/VocalAssistant/datasets/VocalSet/FULL/female2/arpeggios/straight/f2_arpeggios_straight_i.wav,7.846825396825396,female2,female
f2_arpeggios_straight_o,Female,f2,Slow_StraightTone,Arpeggio,o,7.69742,/home/evgeniy/Projects/VocalAssistant/datasets/VocalSet/FULL/female2/arpeggios/straight/f2_arpeggios_straight_o.wav,7.70671201814059,female2,female
f2_arpeggios_straight_u,Female,f2,Slow_StraightTone,Arpeggio,u,7.34912,/home/evgeniy/Projects/VocalAssistant/datasets/VocalSet/FULL/female2/arpeggios/straight/f2_arpeggios_straight_u.wav,7.356417233560091,female2,female
f2_arpeggios_vibrato_a,Female,f2,Slow_MoltoVibrato,Arpeggio,a,7.37234,/home/evgeniy/Projects/VocalAssistant/datasets/VocalSet/FULL/female2/arpeggios/vibrado/f2_arpeggios_vibrato_a.wav,7.379319727891157,female2,female
f2_arpeggios_vibrato_e,Female,f2,Slow_MoltoVibrato,Arpeggio,e,7.82513,/home/evgeniy/Projects/VocalAssistant/datasets/VocalSet/FULL/female2/arpeggios/vibrado/f2_arpeggios_vibrato_e.wav,7.836439909297052,female2,female
f2_arpeggios_vibrato_i,Female,f2,Slow_MoltoVibrato,Arpeggio,i,7.63937,/home/evgeniy/Projects/VocalAssistant/datasets/VocalSet/FULL/female2/arpeggios/vibrado/f2_arpeggios_vibrato_i.wav,7.640544217687075,female2,female
f2_arpeggios_vibrato_o,Female,f2,Slow_MoltoVibrato,Arpeggio,o,7.82513,/home/evgeniy/Projects/VocalAssistant/datasets/VocalSet/FULL/female2/arpeggios/vibrado/f2_arpeggios_vibrato_o.wav,7.836462585034013,female2,female
f2_arpeggios_vibrato_u,Female,f2,Slow_MoltoVibrato,Arpeggio,u,7.89479,/home/evgeniy/Projects/VocalAssistant/datasets/VocalSet/FULL/female2/arpeggios/vibrado/f2_arpeggios_vibrato_u.wav,7.901768707482993,female2,female
f2_caro_straight,Female,f2,StraightTone,MusicalExcerp_Caro,,37.02422,/home/evgeniy/Projects/VocalAssistant/datasets/VocalSet/FULL/female2/excerpts/straight/f2_caro_straight.wav,37.03424036281179,female2,female
f2_caro_vibrato,Female,f2,MoltoVibrato,MusicalExcerp_Caro,o,37.09388,/home/evgeniy/Projects/VocalAssistant/datasets/VocalSet/FULL/female2/excerpts/vibrato/f2_caro_vibrato.wav,37.102766439909296,female2,female
f2_dona_straight,Female,f2,StraightTone,MusicalExcerp_Dona,,17.72844,/home/evgeniy/Projects/VocalAssistant/datasets/VocalSet/FULL/female2/excerpts/straight/f2_dona_straight.wav,17.734489795918368,female2,female
f2_dona_vibrato,Female,f2,MoltoVibrato,MusicalExcerp_Dona,o,20.22458,/home/evgeniy/Projects/VocalAssistant/datasets/VocalSet/FULL/female2/excerpts/vibrato/f2_dona_vibrato.wav,20.230498866213157,female2,female
f2_long_forte_a,Female,f2,FullVoice,Long_tones,a,10.49542,/home/evgeniy/Projects/VocalAssistant/datasets/VocalSet/FULL/female2/long_tones/forte/f2_long_forte_a.wav,10.497369614512472,female2,female
f2_long_forte_e,Female,f2,FullVoice,Long_tones,e,11.25007,/home/evgeniy/Projects/VocalAssistant/datasets/VocalSet/FULL/female2/long_tones/forte/f2_long_forte_e.wav,11.258049886621317,female2,female
f2_long_forte_i,Female,f2,FullVoice,Long_tones,i,10.40254,/home/evgeniy/Projects/VocalAssistant/datasets/VocalSet/FULL/female2/long_tones/forte/f2_long_forte_i.wav,10.413696145124716,female2,female
f2_long_forte_o,Female,f2,FullVoice,Long_tones,o,11.52871,/home/evgeniy/Projects/VocalAssistant/datasets/VocalSet/FULL/female2/long_tones/forte/f2_long_forte_o.wav,11.539501133786848,female2,female
f2_long_forte_u,Female,f2,FullVoice,Long_tones,u,11.25007,/home/evgeniy/Projects/VocalAssistant/datasets/VocalSet/FULL/female2/long_tones/forte/f2_long_forte_u.wav,11.258049886621317,female2,female
f2_long_messa_a,Female,f2,MessaDiVoce,Long_tones,a,14.65179,/home/evgeniy/Projects/VocalAssistant/datasets/VocalSet/FULL/female2/long_tones/messa/f2_long_messa_a.wav,14.663106575963718,female2,female
f2_long_messa_e,Female,f2,MessaDiVoce,Long_tones,e,16.9854,/home/evgeniy/Projects/VocalAssistant/datasets/VocalSet/FULL/female2/long_tones/messa/f2_long_messa_e.wav,16.990589569161,female2,female
f2_long_messa_i,Female,f2,MessaDiVoce,Long_tones,i,15.0117,/home/evgeniy/Projects/VocalAssistant/datasets/VocalSet/FULL/female2/long_tones/messa/f2_long_messa_i.wav,15.012222222222222,female2,female
f2_long_messa_o,Female,f2,MessaDiVoce,Long_tones,o,18.0303,/home/evgeniy/Projects/VocalAssistant/datasets/VocalSet/FULL/female2/long_tones/messa/f2_long_messa_o.wav,18.03795918367347,female2,female
f2_long_messa_u,Female,f2,MessaDiVoce,Long_tones,u,17.3337,/home/evgeniy/Projects/VocalAssistant/datasets/VocalSet/FULL/female2/long_tones/messa/f2_long_messa_u.wav,17.339727891156464,female2,female
f2_long_straight_a,Female,f2,StraightTone,Long_tones,a,11.96989,/home/evgeniy/Projects/VocalAssistant/datasets/VocalSet/FULL/female2/long_tones/straight/f2_long_straight_a.wav,11.972131519274376,female2,female
f2_long_straight_e,Female,f2,StraightTone,Long_tones,e,10.54186,/home/evgeniy/Projects/VocalAssistant/datasets/VocalSet/FULL/female2/long_tones/straight/f2_long_straight_e.wav,10.548866213151928,female2,female
f2_long_straight_i,Female,f2,StraightTone,Long_tones,i,10.79728,/home/evgeniy/Projects/VocalAssistant/datasets/VocalSet/FULL/female2/long_tones/straight/f2_long_straight_i.wav,10.800045351473925,female2,female
f2_long_straight_o,Female,f2,StraightTone,Long_tones,o,11.04109,/home/evgeniy/Projects/VocalAssistant/datasets/VocalSet/FULL/female2/long_tones/straight/f2_long_straight_o.wav,11.051201814058956,female2,female
f2_long_straight_u,Female,f2,StraightTone,Long_tones,u,8.87003,/home/evgeniy/Projects/VocalAssistant/datasets/VocalSet/FULL/female2/long_tones/straight/f2_long_straight_u.wav,8.874444444444444,female2,female
f2_long_trill_a,Female,f2,Trill,Long_tones,a,12.84064,/home/evgeniy/Projects/VocalAssistant/datasets/VocalSet/FULL/female2/long_tones/trill/f2_long_trill_a.wav,12.841201814058955,female2,female
f2_long_trill_e,Female,f2,Trill,Long_tones,e,15.09297,/home/evgeniy/Projects/VocalAssistant/datasets/VocalSet/FULL/female2/long_tones/trill/f2_long_trill_e.wav,15.10124716553288,female2,female
f2_long_trill_i,Female,f2,Trill,Long_tones,i,14.98848,/home/evgeniy/Projects/VocalAssistant/datasets/VocalSet/FULL/female2/long_tones/trill/f2_long_trill_i.wav,14.998526077097504,female2,female
f2_long_trill_o,Female,f2,Trill,Long_tones,o,14.79111,/home/evgeniy/Projects/VocalAssistant/datasets/VocalSet/FULL/female2/long_tones/trill/f2_long_trill_o.wav,14.793038548752834,female2,female
f2_long_trill_u,Female,f2,Trill,Long_tones,u,12.93352,/home/evgeniy/Projects/VocalAssistant/datasets/VocalSet/FULL/female2/long_tones/trill/f2_long_trill_u.wav,12.943945578231292,female2,female
f2_long_trillo_a,Female,f2,Trillo,Long_tones,a,9.94975,/home/evgeniy/Projects/VocalAssistant/datasets/VocalSet/FULL/female2/long_tones/trillo/f2_long_trillo_a.wav,9.951156462585034,female2,female
f2_long_trillo_e,Female,f2,Trillo,Long_tones,e,11.12236,/home/evgeniy/Projects/VocalAssistant/datasets/VocalSet/FULL/female2/long_tones/trillo/f2_long_trillo_e.wav,11.126507936507936,female2,female
f2_long_trillo_i,Female,f2,Trillo,Long_tones,i,10.33288,/home/evgeniy/Projects/VocalAssistant/datasets/VocalSet/FULL/female2/long_tones/trillo/f2_long_trillo_i.wav,10.34294784580499,female2,female
f2_long_trillo_o,Female,f2,Trillo,Long_tones,o,8.21987,/home/evgeniy/Projects/VocalAssistant/datasets/VocalSet/FULL/female2/long_tones/trillo/f2_long_trillo_o.wav,8.22734693877551,female2,female
f2_long_trillo_u,Female,f2,Trillo,Long_tones,u,7.36073,/home/evgeniy/Projects/VocalAssistant/datasets/VocalSet/FULL/female2/long_tones/trillo/f2_long_trillo_u.wav,7.365442176870748,female2,female
f2_row_straight,Female,f2,StraightTone,MusicalExcerp_RowRow,,14.93043,/home/evgeniy/Projects/VocalAssistant/datasets/VocalSet/FULL/female2/excerpts/straight/f2_row_straight.wav,14.935759637188209,female2,female
f2_row_vibrato,Female,f2,MoltoVibrato,MusicalExcerp_RowRow,o,17.3337,/home/evgeniy/Projects/VocalAssistant/datasets/VocalSet/FULL/female2/excerpts/vibrato/f2_row_vibrato.wav,17.336848072562358,female2,female
f2_scales_belt_a,Female,f2,Belt_Harsh,Scale,a,7.73225,/home/evgeniy/Projects/VocalAssistant/datasets/VocalSet/FULL/female2/scales/belt/f2_scales_belt_a.wav,7.742063492063492,female2,female
f2_scales_belt_e,Female,f2,Belt_Harsh,Scale,e,7.43039,/home/evgeniy/Projects/VocalAssistant/datasets/VocalSet/FULL/female2/scales/belt/f2_scales_belt_e.wav,7.441972789115646,female2,female
f2_scales_belt_i,Female,f2,Belt_Harsh,Scale,i,7.19819,/home/evgeniy/Projects/VocalAssistant/datasets/VocalSet/FULL/female2/scales/belt/f2_scales_belt_i.wav,7.201904761904762,female2,female
f2_scales_belt_o,Female,f2,Belt_Harsh,Scale,o,7.50005,/home/evgeniy/Projects/VocalAssistant/datasets/VocalSet/FULL/female2/scales/belt/f2_scales_belt_o.wav,7.501995464852608,female2,female
f2_scales_belt_u,Female,f2,Belt_Harsh,Scale,u,7.37234,/home/evgeniy/Projects/VocalAssistant/datasets/VocalSet/FULL/female2/scales/belt/f2_scales_belt_u.wav,7.381972789115646,female2,female
f2_scales_breathy_a,Female,f2,Breathy,Scale,a,7.99928,/home/evgeniy/Projects/VocalAssistant/datasets/VocalSet/FULL/female2/scales/breathy/f2_scales_breathy_a.wav,8.008299319727891,female2,female
f2_scales_breathy_e,Female,f2,Breathy,Scale,e,8.63783,/home/evgeniy/Projects/VocalAssistant/datasets/VocalSet/FULL/female2/scales/breathy/f2_scales_breathy_e.wav,8.648956916099774,female2,female
f2_scales_breathy_i,Female,f2,Breathy,Scale,i,8.12699,/home/evgeniy/Projects/VocalAssistant/datasets/VocalSet/FULL/female2/scales/breathy/f2_scales_breathy_i.wav,8.136439909297053,female2,female
f2_scales_breathy_o,Female,f2,Breathy,Scale,o,7.68581,/home/evgeniy/Projects/VocalAssistant/datasets/VocalSet/FULL/female2/scales/breathy/f2_scales_breathy_o.wav,7.687959183673469,female2,female
f2_scales_breathy_u,Female,f2,Breathy,Scale,u,7.81352,/home/evgeniy/Projects/VocalAssistant/datasets/VocalSet/FULL/female2/scales/breathy/f2_scales_breathy_u.wav,7.81609977324263,female2,female
f2_scales_c_fast_forte_a,Female,f2,Fast_Articulated_Forte,Scale,a,4.06349,/home/evgeniy/Projects/VocalAssistant/datasets/VocalSet/FULL/female2/scales/fast_forte/f2_scales_c_fast_forte_a.wav,4.067006802721089,female2,female
f2_scales_c_fast_forte_e,Female,f2,Fast_Articulated_Forte,Scale,e,3.69198,/home/evgeniy/Projects/VocalAssistant/datasets/VocalSet/FULL/female2/scales/fast_forte/f2_scales_c_fast_forte_e.wav,3.697256235827664,female2,female
f2_scales_c_fast_forte_i,Female,f2,Fast_Articulated_Forte,Scale,i,3.61071,/home/evgeniy/Projects/VocalAssistant/datasets/VocalSet/FULL/female2/scales/fast_forte/f2_scales_c_fast_forte_i.wav,3.615102040816327,female2,female
f2_scales_c_fast_forte_o,Female,f2,Fast_Articulated_Forte,Scale,o,3.72681,/home/evgeniy/Projects/VocalAssistant/datasets/VocalSet/FULL/female2/scales/fast_forte/f2_scales_c_fast_forte_o.wav,3.7383446712018142,female2,female
f2_scales_c_fast_forte_u,Female,f2,Fast_Articulated_Forte,Scale,u,3.98222,/home/evgeniy/Projects/VocalAssistant/datasets/VocalSet/FULL/female2/scales/fast_forte/f2_scales_c_fast_forte_u.wav,3.984829931972789,female2,female
f2_scales_c_fast_piano_a,Female,f2,Fast_Articulated_Piano,Scale,a,3.86612,/home/evgeniy/Projects/VocalAssistant/datasets/VocalSet/FULL/female2/scales/fast_piano/f2_scales_c_fast_piano_a.wav,3.877619047619048,female2,female
f2_scales_c_fast_piano_e,Female,f2,Fast_Articulated_Piano,Scale,e,3.75003,/home/evgeniy/Projects/VocalAssistant/datasets/VocalSet/FULL/female2/scales/fast_piano/f2_scales_c_fast_piano_e.wav,3.751179138321996,female2,female
f2_scales_c_fast_piano_i,Female,f2,Fast_Articulated_Piano,Scale,i,3.65715,/home/evgeniy/Projects/VocalAssistant/datasets/VocalSet/FULL/female2/scales/fast_piano/f2_scales_c_fast_piano_i.wav,3.666893424036281,female2,female
f2_scales_c_fast_piano_o,Female,f2,Fast_Articulated_Piano,Scale,o,3.57588,/home/evgeniy/Projects/VocalAssistant/datasets/VocalSet/FULL/female2/scales/fast_piano/f2_scales_c_fast_piano_o.wav,3.582607709750567,female2,female
f2_scales_c_fast_piano_u,Female,f2,Fast_Articulated_Piano,Scale,u,3.99383,/home/evgeniy/Projects/VocalAssistant/datasets/VocalSet/FULL/female2/scales/fast_piano/f2_scales_c_fast_piano_u.wav,4.0040589569161,female2,female
f2_scales_c_slow_piano_a,Female,f2,Slow_Legato_Piano,Scale,a,11.49388,/home/evgeniy/Projects/VocalAssistant/datasets/VocalSet/FULL/female2/scales/slow_piano/f2_scales_c_slow_piano_a.wav,11.495963718820862,female2,female
f2_scales_c_slow_piano_e,Female,f2,Slow_Legato_Piano,Scale,e,11.401,/home/evgeniy/Projects/VocalAssistant/datasets/VocalSet/FULL/female2/scales/slow_piano/f2_scales_c_slow_piano_e.wav,11.40952380952381,female2,female
f2_scales_c_slow_piano_i,Female,f2,Slow_Legato_Piano,Scale,i,11.14558,/home/evgeniy/Projects/VocalAssistant/datasets/VocalSet/FULL/female2/scales/slow_piano/f2_scales_c_slow_piano_i.wav,11.150204081632651,female2,female
f2_scales_c_slow_piano_o,Female,f2,Slow_Legato_Piano,Scale,o,11.31973,/home/evgeniy/Projects/VocalAssistant/datasets/VocalSet/FULL/female2/scales/slow_piano/f2_scales_c_slow_piano_o.wav,11.323083900226758,female2,female
f2_scales_c_slow_piano_u,Female,f2,Slow_Legato_Piano,Scale,u,11.92345,/home/evgeniy/Projects/VocalAssistant/datasets/VocalSet/FULL/female2/scales/slow_piano/f2_scales_c_slow_piano_u.wav,11.92814058956916,female2,female
f2_scales_f_fast_forte_a,Female,f2,Fast_Articulated_Forte,Scale,a,3.98222,/home/evgeniy/Projects/VocalAssistant/datasets/VocalSet/FULL/female2/scales/fast_forte/f2_scales_f_fast_forte_a.wav,3.991587301587302,female2,female
f2_scales_f_fast_forte_e,Female,f2,Fast_Articulated_Forte,Scale,e,3.98222,/home/evgeniy/Projects/VocalAssistant/datasets/VocalSet/FULL/female2/scales/fast_forte/f2_scales_f_fast_forte_e.wav,3.991587301587302,female2,female
f2_scales_f_fast_forte_i,Female,f2,Fast_Articulated_Forte,Scale,i,4.34213,/home/evgeniy/Projects/VocalAssistant/datasets/VocalSet/FULL/female2/scales/fast_forte/f2_scales_f_fast_forte_i.wav,4.34249433106576,female2,female
f2_scales_f_fast_forte_o,Female,f2,Fast_Articulated_Forte,Scale,o,4.20281,/home/evgeniy/Projects/VocalAssistant/datasets/VocalSet/FULL/female2/scales/fast_forte/f2_scales_f_fast_forte_o.wav,4.210884353741497,female2,female
f2_scales_f_fast_forte_u,Female,f2,Fast_Articulated_Forte,Scale,u,4.29569,/home/evgeniy/Projects/VocalAssistant/datasets/VocalSet/FULL/female2/scales/fast_forte/f2_scales_f_fast_forte_u.wav,4.298639455782313,female2,female
f2_scales_f_fast_piano_a,Female,f2,Fast_Articulated_Piano,Scale,a,4.45823,/home/evgeniy/Projects/VocalAssistant/datasets/VocalSet/FULL/female2/scales/fast_piano/f2_scales_f_fast_piano_a.wav,4.460861678004536,female2,female
f2_scales_f_fast_piano_e,Female,f2,Fast_Articulated_Piano,Scale,e,3.97061,/home/evgeniy/Projects/VocalAssistant/datasets/VocalSet/FULL/female2/scales/fast_piano/f2_scales_f_fast_piano_e.wav,3.9742403628117913,female2,female
f2_scales_f_fast_piano_i,Female,f2,Fast_Articulated_Piano,Scale,i,3.80808,/home/evgeniy/Projects/VocalAssistant/datasets/VocalSet/FULL/female2/scales/fast_piano/f2_scales_f_fast_piano_i.wav,3.812018140589569,female2,female
f2_scales_f_fast_piano_o,Female,f2,Fast_Articulated_Piano,Scale,o,3.8429,/home/evgeniy/Projects/VocalAssistant/datasets/VocalSet/FULL/female2/scales/fast_piano/f2_scales_f_fast_piano_o.wav,3.852562358276644,female2,female
f2_scales_f_fast_piano_u,Female,f2,Fast_Articulated_Piano,Scale,u,3.64554,/home/evgeniy/Projects/VocalAssistant/datasets/VocalSet/FULL/female2/scales/fast_piano/f2_scales_f_fast_piano_u.wav,3.649818594104308,female2,female
f2_scales_f_slow_forte_i,Female,f2,Slow_Legato_Forte,Scale,i,13.27021,/home/evgeniy/Projects/VocalAssistant/datasets/VocalSet/FULL/female2/scales/slow_forte/f2_scales_f_slow_forte_i.wav,13.273650793650791,female2,female
f2_scales_f_slow_forte_o,Female,f2,Slow_Legato_Forte,Scale,o,13.86232,/home/evgeniy/Projects/VocalAssistant/datasets/VocalSet/FULL/female2/scales/slow_forte/f2_scales_f_slow_forte_o.wav,13.86360544217687,female2,female
f2_scales_f_slow_piano_a,Female,f2,Slow_Legato_Piano,Scale,a,12.43429,/home/evgeniy/Projects/VocalAssistant/datasets/VocalSet/FULL/female2/scales/slow_piano/f2_scales_f_slow_piano_a.wav,12.44358276643991,female2,female
f2_scales_f_slow_piano_e,Female,f2,Slow_Legato_Piano,Scale,e,12.07438,/home/evgeniy/Projects/VocalAssistant/datasets/VocalSet/FULL/female2/scales/slow_piano/f2_scales_f_slow_piano_e.wav,12.074875283446712,female2,female
f2_scales_f_slow_piano_i,Female,f2,Slow_Legato_Piano,Scale,i,12.99157,/home/evgeniy/Projects/VocalAssistant/datasets/VocalSet/FULL/female2/scales/slow_piano/f2_scales_f_slow_piano_i.wav,12.996621315192744,female2,female
f2_scales_f_slow_piano_o,Female,f2,Slow_Legato_Piano,Scale,o,12.80581,/home/evgeniy/Projects/VocalAssistant/datasets/VocalSet/FULL/female2/scales/slow_piano/f2_scales_f_slow_piano_o.wav,12.812290249433106,female2,female
f2_scales_f_slow_piano_u,Female,f2,Slow_Legato_Piano,Scale,u,12.15565,/home/evgeniy/Projects/VocalAssistant/datasets/VocalSet/FULL/female2/scales/slow_piano/f2_scales_f_slow_piano_u.wav,12.16705215419501,female2,female
f2_scales_straight_a,Female,f2,StraightTone,Scale,a,12.85225,/home/evgeniy/Projects/VocalAssistant/datasets/VocalSet/FULL/female2/scales/straight/f2_scales_straight_a.wav,12.85467120181406,female2,female
f2_scales_straight_e,Female,f2,StraightTone,Scale,e,13.66495,/home/evgeniy/Projects/VocalAssistant/datasets/VocalSet/FULL/female2/scales/straight/f2_scales_straight_e.wav,13.669410430839005,female2,female
f2_scales_straight_i,Female,f2,StraightTone,Scale,i,13.21216,/home/evgeniy/Projects/VocalAssistant/datasets/VocalSet/FULL/female2/scales/straight/f2_scales_straight_i.wav,13.216780045351474,female2,female
f2_scales_straight_o,Female,f2,StraightTone,Scale,o,12.66649,/home/evgeniy/Projects/VocalAssistant/datasets/VocalSet/FULL/female2/scales/straight/f2_scales_straight_o.wav,12.673628117913832,female2,female
f2_scales_straight_u,Female,f2,StraightTone,Scale,u,11.58676,/home/evgeniy/Projects/VocalAssistant/datasets/VocalSet/FULL/female2/scales/straight/f2_scales_straight_u.wav,11.587324263038548,female2,female
f2_scales_vibrato_a,Female,f2,MoltoVibrato,Scale,a,10.89016,/home/evgeniy/Projects/VocalAssistant/datasets/VocalSet/FULL/female2/scales/vibrato/f2_scales_vibrato_a.wav,10.8965306122449,female2,female
f2_scales_vibrato_e,Female,f2,MoltoVibrato,Scale,e,11.30812,/home/evgeniy/Projects/VocalAssistant/datasets/VocalSet/FULL/female2/scales/vibrato/f2_scales_vibrato_e.wav,11.318888888888887,female2,female
f2_scales_vibrato_i,Female,f2,MoltoVibrato,Scale,i,11.81896,/home/evgeniy/Projects/VocalAssistant/datasets/VocalSet/FULL/female2/scales/vibrato/f2_scales_vibrato_i.wav,11.825714285714286,female2,female
f2_scales_vibrato_o,Female,f2,MoltoVibrato,Scale,o,11.99311,/home/evgeniy/Projects/VocalAssistant/datasets/VocalSet/FULL/female2/scales/vibrato/f2_scales_vibrato_o.wav,11.994648526077098,female2,female
f2_scales_vibrato_u,Female,f2,MoltoVibrato,Scale,u,12.58522,/home/evgeniy/Projects/VocalAssistant/datasets/VocalSet/FULL/female2/scales/vibrato/f2_scales_vibrato_u.wav,12.5859410430839,female2,female
f3_arpeggios_belt_a,Female,f3,Belt_Harsh,Arpeggio,a,8.69588,/home/evgeniy/Projects/VocalAssistant/datasets/VocalSet/FULL/female3/arpeggios/belt/f3_arpeggios_belt_a.wav,8.704081632653061,female3,female
f3_arpeggios_belt_e,Female,f3,Belt_Harsh,Arpeggio,e,8.54495,/home/evgeniy/Projects/VocalAssistant/datasets/VocalSet/FULL/female3/arpeggios/belt/f3_arpeggios_belt_e.wav,8.546780045351474,female3,female
f3_arpeggios_belt_i,Female,f3,Belt_Harsh,Arpeggio,i,8.54495,/home/evgeniy/Projects/VocalAssistant/datasets/VocalSet/FULL/female3/arpeggios/belt/f3_arpeggios_belt_i.wav,8.546780045351474,female3,female
f3_arpeggios_belt_o,Female,f3,Belt_Harsh,Arpeggio,o,9.17188,/home/evgeniy/Projects/VocalAssistant/datasets/VocalSet/FULL/female3/arpeggios/belt/f3_arpeggios_belt_o.wav,9.175986394557825,female3,female
f3_arpeggios_belt_u,Female,f3,Belt_Harsh,Arpeggio,u,9.21832,/home/evgeniy/Projects/VocalAssistant/datasets/VocalSet/FULL/female3/arpeggios/belt/f3_arpeggios_belt_u.wav,9.22843537414966,female3,female
f3_arpeggios_breathy_a,Female,f3,VeryBreathy,Arpeggio,a,8.26631,/home/evgeniy/Projects/VocalAssistant/datasets/VocalSet/FULL/female3/arpeggios/breathy/f3_arpeggios_breathy_a.wav,8.26920634920635,female3,female
f3_arpeggios_breathy_e,Female,f3,VeryBreathy,Arpeggio,e,8.31275,/home/evgeniy/Projects/VocalAssistant/datasets/VocalSet/FULL/female3/arpeggios/breathy/f3_arpeggios_breathy_e.wav,8.319931972789115,female3,female
f3_arpeggios_breathy_i,Female,f3,VeryBreathy,Arpeggio,i,8.46368,/home/evgeniy/Projects/VocalAssistant/datasets/VocalSet/FULL/female3/arpeggios/breathy/f3_arpeggios_breathy_i.wav,8.472108843537415,female3,female
f3_arpeggios_breathy_o,Female,f3,VeryBreathy,Arpeggio,o,8.20826,/home/evgeniy/Projects/VocalAssistant/datasets/VocalSet/FULL/female3/arpeggios/breathy/f3_arpeggios_breathy_o.wav,8.218458049886621,female3,female
f3_arpeggios_breathy_u,Female,f3,VeryBreathy,Arpeggio,u,8.01089,/home/evgeniy/Projects/VocalAssistant/datasets/VocalSet/FULL/female3/arpeggios/breathy/f3_arpeggios_breathy_u.wav,8.015555555555556,female3,female
f3_arpeggios_c_fast_forte_a,Female,f3,Fast_Articulated_Forte,Arpeggio,a,2.92572,/home/evgeniy/Projects/VocalAssistant/datasets/VocalSet/FULL/female3/arpeggios/fast_forte/f3_arpeggios_c_fast_forte_a.wav,2.9360544217687075,female3,female
f3_arpeggios_c_fast_forte_e,Female,f3,Fast_Articulated_Forte,Arpeggio,e,2.9025,/home/evgeniy/Projects/VocalAssistant/datasets/VocalSet/FULL/female3/arpeggios/fast_forte/f3_arpeggios_c_fast_forte_e.wav,2.907573696145125,female3,female
f3_arpeggios_c_fast_forte_i,Female,f3,Fast_Articulated_Forte,Arpeggio,i,2.7864,/home/evgeniy/Projects/VocalAssistant/datasets/VocalSet/FULL/female3/arpeggios/fast_forte/f3_arpeggios_c_fast_forte_i.wav,2.793537414965986,female3,female
f3_arpeggios_c_fast_forte_o,Female,f3,Fast_Articulated_Forte,Arpeggio,o,2.82123,/home/evgeniy/Projects/VocalAssistant/datasets/VocalSet/FULL/female3/arpeggios/fast_forte/f3_arpeggios_c_fast_forte_o.wav,2.8220408163265307,female3,female
f3_arpeggios_c_fast_forte_u,Female,f3,Fast_Articulated_Forte,Arpeggio,u,2.53098,/home/evgeniy/Projects/VocalAssistant/datasets/VocalSet/FULL/female3/arpeggios/fast_forte/f3_arpeggios_c_fast_forte_u.wav,2.5370068027210886,female3,female
f3_arpeggios_c_fast_piano_a,Female,f3,Fast_Articulated_Piano,Arpeggio,a,3.0186,/home/evgeniy/Projects/VocalAssistant/datasets/VocalSet/FULL/female3/arpeggios/fast_piano/f3_arpeggios_c_fast_piano_a.wav,3.0281179138322,female3,female
f3_arpeggios_c_fast_piano_e,Female,f3,Fast_Articulated_Piano,Arpeggio,e,2.80962,/home/evgeniy/Projects/VocalAssistant/datasets/VocalSet/FULL/female3/arpeggios/fast_piano/f3_arpeggios_c_fast_piano_e.wav,2.81374149659864,female3,female
f3_arpeggios_c_fast_piano_i,Female,f3,Fast_Articulated_Piano,Arpeggio,i,2.72835,/home/evgeniy/Projects/VocalAssistant/datasets/VocalSet/FULL/female3/arpeggios/fast_piano/f3_arpeggios_c_fast_piano_i.wav,2.733356009070295,female3,female
f3_arpeggios_c_fast_piano_o,Female,f3,Fast_Articulated_Piano,Arpeggio,o,2.89089,/home/evgeniy/Projects/VocalAssistant/datasets/VocalSet/FULL/female3/arpeggios/fast_piano/f3_arpeggios_c_fast_piano_o.wav,2.894149659863946,female3,female
f3_arpeggios_c_fast_piano_u,Female,f3,Fast_Articulated_Piano,Arpeggio,u,3.05343,/home/evgeniy/Projects/VocalAssistant/datasets/VocalSet/FULL/female3/arpeggios/fast_piano/f3_arpeggios_c_fast_piano_u.wav,3.054920634920635,female3,female
f3_arpeggios_c_slow_forte_i,Female,f3,Slow_Legato_Forte,Arpeggio,i,8.12699,/home/evgeniy/Projects/VocalAssistant/datasets/VocalSet/FULL/female3/arpeggios/slow_forte/f3_arpeggios_c_slow_forte_i.wav,8.137210884353742,female3,female
f3_arpeggios_c_slow_forte_o,Female,f3,Slow_Legato_Forte,Arpeggio,o,8.66105,/home/evgeniy/Projects/VocalAssistant/datasets/VocalSet/FULL/female3/arpeggios/slow_forte/f3_arpeggios_c_slow_forte_o.wav,8.662176870748299,female3,female
f3_arpeggios_c_slow_piano_a,Female,f3,Slow_Legato_Piano,Arpeggio,a,10.30966,/home/evgeniy/Projects/VocalAssistant/datasets/VocalSet/FULL/female3/arpeggios/slow_piano/f3_arpeggios_c_slow_piano_a.wav,10.319251700680272,female3,female
f3_arpeggios_c_slow_piano_e,Female,f3,Slow_Legato_Piano,Arpeggio,e,9.90331,/home/evgeniy/Projects/VocalAssistant/datasets/VocalSet/FULL/female3/arpeggios/slow_piano/f3_arpeggios_c_slow_piano_e.wav,9.911156462585032,female3,female
f3_arpeggios_c_slow_piano_i,Female,f3,Slow_Legato_Piano,Arpeggio,i,9.26476,/home/evgeniy/Projects/VocalAssistant/datasets/VocalSet/FULL/female3/arpeggios/slow_piano/f3_arpeggios_c_slow_piano_i.wav,9.26984126984127,female3,female
f3_arpeggios_c_slow_piano_o,Female,f3,Slow_Legato_Piano,Arpeggio,o,9.61306,/home/evgeniy/Projects/VocalAssistant/datasets/VocalSet/FULL/female3/arpeggios/slow_piano/f3_arpeggios_c_slow_piano_o.wav,9.619637188208618,female3,female
f3_arpeggios_c_slow_piano_u,Female,f3,Slow_Legato_Piano,Arpeggio,u,9.90331,/home/evgeniy/Projects/VocalAssistant/datasets/VocalSet/FULL/female3/arpeggios/slow_piano/f3_arpeggios_c_slow_piano_u.wav,9.911133786848072,female3,female
f3_arpeggios_f_fast_forte_a,Female,f3,Fast_Articulated_Forte,Arpeggio,a,2.89089,/home/evgeniy/Projects/VocalAssistant/datasets/VocalSet/FULL/female3/arpeggios/fast_forte/f3_arpeggios_f_fast_forte_a.wav,2.8975736961451246,female3,female
f3_arpeggios_f_fast_forte_e,Female,f3,Fast_Articulated_Forte,Arpeggio,e,2.72835,/home/evgeniy/Projects/VocalAssistant/datasets/VocalSet/FULL/female3/arpeggios/fast_forte/f3_arpeggios_f_fast_forte_e.wav,2.738095238095238,female3,female
f3_arpeggios_f_fast_forte_i,Female,f3,Fast_Articulated_Forte,Arpeggio,i,2.62386,/home/evgeniy/Projects/VocalAssistant/datasets/VocalSet/FULL/female3/arpeggios/fast_forte/f3_arpeggios_f_fast_forte_i.wav,2.631746031746032,female3,female
f3_arpeggios_f_fast_forte_o,Female,f3,Fast_Articulated_Forte,Arpeggio,o,2.62386,/home/evgeniy/Projects/VocalAssistant/datasets/VocalSet/FULL/female3/arpeggios/fast_forte/f3_arpeggios_f_fast_forte_o.wav,2.631746031746032,female3,female
f3_arpeggios_f_fast_forte_u,Female,f3,Fast_Articulated_Forte,Arpeggio,u,2.60064,/home/evgeniy/Projects/VocalAssistant/datasets/VocalSet/FULL/female3/arpeggios/fast_forte/f3_arpeggios_f_fast_forte_u.wav,2.6051473922902493,female3,female
f3_arpeggios_f_fast_piano_a,Female,f3,Fast_Articulated_Piano,Arpeggio,a,3.07665,/home/evgeniy/Projects/VocalAssistant/datasets/VocalSet/FULL/female3/arpeggios/fast_piano/f3_arpeggios_f_fast_piano_a.wav,3.0828344671201813,female3,female
f3_arpeggios_f_fast_piano_e,Female,f3,Fast_Articulated_Piano,Arpeggio,e,2.93733,/home/evgeniy/Projects/VocalAssistant/datasets/VocalSet/FULL/female3/arpeggios/fast_piano/f3_arpeggios_f_fast_piano_e.wav,2.948798185941043,female3,female
f3_arpeggios_f_fast_piano_i,Female,f3,Fast_Articulated_Piano,Arpeggio,i,3.0186,/home/evgeniy/Projects/VocalAssistant/datasets/VocalSet/FULL/female3/arpeggios/fast_piano/f3_arpeggios_f_fast_piano_i.wav,3.0292290249433105,female3,female
f3_arpeggios_f_fast_piano_o,Female,f3,Fast_Articulated_Piano,Arpeggio,o,2.86767,/home/evgeniy/Projects/VocalAssistant/datasets/VocalSet/FULL/female3/arpeggios/fast_piano/f3_arpeggios_f_fast_piano_o.wav,2.868367346938776,female3,female
f3_arpeggios_f_fast_piano_u,Female,f3,Fast_Articulated_Piano,Arpeggio,u,2.99538,/home/evgeniy/Projects/VocalAssistant/datasets/VocalSet/FULL/female3/arpeggios/fast_piano/f3_arpeggios_f_fast_piano_u.wav,3.0024263038548757,female3,female
f3_arpeggios_f_slow_piano_a,Female,f3,Slow_Legato_Piano,Arpeggio,a,10.3561,/home/evgeniy/Projects/VocalAssistant/datasets/VocalSet/FULL/female3/arpeggios/slow_piano/f3_arpeggios_f_slow_piano_a.wav,10.365034013605442,female3,female
f3_arpeggios_f_slow_piano_e,Female,f3,Slow_Legato_Piano,Arpeggio,e,9.76399,/home/evgeniy/Projects/VocalAssistant/datasets/VocalSet/FULL/female3/arpeggios/slow_piano/f3_arpeggios_f_slow_piano_e.wav,9.76591836734694,female3,female
f3_arpeggios_f_slow_piano_i,Female,f3,Slow_Legato_Piano,Arpeggio,i,10.71601,/home/evgeniy/Projects/VocalAssistant/datasets/VocalSet/FULL/female3/arpeggios/slow_piano/f3_arpeggios_f_slow_piano_i.wav,10.72453514739229,female3,female
f3_arpeggios_f_slow_piano_o,Female,f3,Slow_Legato_Piano,Arpeggio,o,10.41415,/home/evgeniy/Projects/VocalAssistant/datasets/VocalSet/FULL/female3/arpeggios/slow_piano/f3_arpeggios_f_slow_piano_o.wav,10.424943310657596,female3,female
f3_arpeggios_f_slow_piano_u,Female,f3,Slow_Legato_Piano,Arpeggio,u,10.3561,/home/evgeniy/Projects/VocalAssistant/datasets/VocalSet/FULL/female3/arpeggios/slow_piano/f3_arpeggios_f_slow_piano_u.wav,10.365056689342405,female3,female
f3_arpeggios_lip_trill_a,Female,f3,Lip_Trill,Arpeggio,a,7.61615,/home/evgeniy/Projects/VocalAssistant/datasets/VocalSet/FULL/female3/arpeggios/lip_trill/f3_arpeggios_lip_trill_a.wav,7.625759637188208,female3,female
f3_arpeggios_lip_trill_e,Female,f3,Lip_Trill,Arpeggio,e,7.2098,/home/evgeniy/Projects/VocalAssistant/datasets/VocalSet/FULL/female3/arpeggios/lip_trill/f3_arpeggios_lip_trill_e.wav,7.214784580498867,female3,female
f3_arpeggios_lip_trill_i,Female,f3,Lip_Trill,Arpeggio,i,7.39556,/home/evgeniy/Projects/VocalAssistant/datasets/VocalSet/FULL/female3/arpeggios/lip_trill/f3_arpeggios_lip_trill_i.wav,7.397437641723356,female3,female
f3_arpeggios_lip_trill_o,Female,f3,Lip_Trill,Arpeggio,o,7.442,/home/evgeniy/Projects/VocalAssistant/datasets/VocalSet/FULL/female3/arpeggios/lip_trill/f3_arpeggios_lip_trill_o.wav,7.443106575963719,female3,female
f3_arpeggios_lip_trill_u,Female,f3,Lip_Trill,Arpeggio,u,6.83828,/home/evgeniy/Projects/VocalAssistant/datasets/VocalSet/FULL/female3/arpeggios/lip_trill/f3_arpeggios_lip_trill_u.wav,6.849478458049886,female3,female
f3_arpeggios_straight_a,Female,f3,Slow_StraightTone,Arpeggio,a,8.9513,/home/evgeniy/Projects/VocalAssistant/datasets/VocalSet/FULL/female3/arpeggios/straight/f3_arpeggios_straight_a.wav,8.958820861678005,female3,female
f3_arpeggios_straight_e,Female,f3,Slow_StraightTone,Arpeggio,e,8.4869,/home/evgeniy/Projects/VocalAssistant/datasets/VocalSet/FULL/female3/arpeggios/straight/f3_arpeggios_straight_e.wav,8.490045351473922,female3,female
f3_arpeggios_straight_i,Female,f3,Slow_StraightTone,Arpeggio,i,8.74232,/home/evgeniy/Projects/VocalAssistant/datasets/VocalSet/FULL/female3/arpeggios/straight/f3_arpeggios_straight_i.wav,8.75047619047619,female3,female
f3_arpeggios_straight_o,Female,f3,Slow_StraightTone,Arpeggio,o,8.90486,/home/evgeniy/Projects/VocalAssistant/datasets/VocalSet/FULL/female3/arpeggios/straight/f3_arpeggios_straight_o.wav,8.906757369614512,female3,female
f3_arpeggios_straight_u,Female,f3,Slow_StraightTone,Arpeggio,u,8.32436,/home/evgeniy/Projects/VocalAssistant/datasets/VocalSet/FULL/female3/arpeggios/straight/f3_arpeggios_straight_u.wav,8.333786848072563,female3,female
f3_arpeggios_vibrato_a,Female,f3,Slow_MoltoVibrato,Arpeggio,a,9.4273,/home/evgeniy/Projects/VocalAssistant/datasets/VocalSet/FULL/female3/arpeggios/vibrato/f3_arpeggios_vibrato_a.wav,9.432380952380951,female3,female
f3_arpeggios_vibrato_e,Female,f3,Slow_MoltoVibrato,Arpeggio,e,9.20671,/home/evgeniy/Projects/VocalAssistant/datasets/VocalSet/FULL/female3/arpeggios/vibrato/f3_arpeggios_vibrato_e.wav,9.213038548752834,female3,female
f3_arpeggios_vibrato_i,Female,f3,Slow_MoltoVibrato,Arpeggio,i,8.76554,/home/evgeniy/Projects/VocalAssistant/datasets/VocalSet/FULL/female3/arpeggios/vibrato/f3_arpeggios_vibrato_i.wav,8.774308390022675,female3,female
f3_arpeggios_vibrato_o,Female,f3,Slow_MoltoVibrato,Arpeggio,o,9.70594,/home/evgeniy/Projects/VocalAssistant/datasets/VocalSet/FULL/female3/arpeggios/vibrato/f3_arpeggios_vibrato_o.wav,9.70657596371882,female3,female
f3_arpeggios_vibrato_u,Female,f3,Slow_MoltoVibrato,Arpeggio,u,9.3112,/home/evgeniy/Projects/VocalAssistant/datasets/VocalSet/FULL/female3/arpeggios/vibrato/f3_arpeggios_vibrato_u.wav,9.322698412698411,female3,female
f3_caro_vibrato,Female,f3,MoltoVibrato,MusicalExcerp_Caro,o,34.81832,/home/evgeniy/Projects/VocalAssistant/datasets/VocalSet/FULL/female3/excerpts/vibrato/f3_caro_vibrato.wav,34.819092970521545,female3,female
f3_dona_straight,Female,f3,StraightTone,MusicalExcerp_Dona,,22.16345,/home/evgeniy/Projects/VocalAssistant/datasets/VocalSet/FULL/female3/excerpts/straight/f3_dona_straight.wav,22.16362811791383,female3,female
f3_dona_vibrato,Female,f3,MoltoVibrato,MusicalExcerp_Dona,o,20.2478,/home/evgeniy/Projects/VocalAssistant/datasets/VocalSet/FULL/female3/excerpts/vibrato/f3_dona_vibrato.wav,20.252086167800453,female3,female
f3_long_forte_a,Female,f3,FullVoice,Long_tones,a,7.83674,/home/evgeniy/Projects/VocalAssistant/datasets/VocalSet/FULL/female3/long_tones/forte/f3_long_forte_a.wav,7.839614512471655,female3,female
f3_long_forte_e,Female,f3,FullVoice,Long_tones,e,8.46368,/home/evgeniy/Projects/VocalAssistant/datasets/VocalSet/FULL/female3/long_tones/forte/f3_long_forte_e.wav,8.470997732426303,female3,female
f3_long_forte_i,Female,f3,FullVoice,Long_tones,i,8.56817,/home/evgeniy/Projects/VocalAssistant/datasets/VocalSet/FULL/female3/long_tones/forte/f3_long_forte_i.wav,8.5762358276644,female3,female
f3_long_forte_o,Female,f3,FullVoice,Long_tones,o,9.20671,/home/evgeniy/Projects/VocalAssistant/datasets/VocalSet/FULL/female3/long_tones/forte/f3_long_forte_o.wav,9.207619047619048,female3,female
f3_long_forte_u,Female,f3,FullVoice,Long_tones,u,8.67266,/home/evgeniy/Projects/VocalAssistant/datasets/VocalSet/FULL/female3/long_tones/forte/f3_long_forte_u.wav,8.681451247165533,female3,female
f3_long_messa_a,Female,f3,MessaDiVoce,Long_tones,a,13.28182,/home/evgeniy/Projects/VocalAssistant/datasets/VocalSet/FULL/female3/long_tones/messa/f3_long_messa_a.wav,13.291859410430838,female3,female
f3_long_messa_e,Female,f3,MessaDiVoce,Long_tones,e,13.86232,/home/evgeniy/Projects/VocalAssistant/datasets/VocalSet/FULL/female3/long_tones/messa/f3_long_messa_e.wav,13.872925170068028,female3,female
f3_long_messa_i,Female,f3,MessaDiVoce,Long_tones,i,13.50241,/home/evgeniy/Projects/VocalAssistant/datasets/VocalSet/FULL/female3/long_tones/messa/f3_long_messa_i.wav,13.509750566893423,female3,female
f3_long_messa_o,Female,f3,MessaDiVoce,Long_tones,o,13.43275,/home/evgeniy/Projects/VocalAssistant/datasets/VocalSet/FULL/female3/long_tones/messa/f3_long_messa_o.wav,13.437120181405897,female3,female
f3_long_messa_u,Female,f3,MessaDiVoce,Long_tones,u,13.86232,/home/evgeniy/Projects/VocalAssistant/datasets/VocalSet/FULL/female3/long_tones/messa/f3_long_messa_u.wav,13.872925170068028,female3,female
f3_long_straight_a,Female,f3,StraightTone,Long_tones,a,11.12236,/home/evgeniy/Projects/VocalAssistant/datasets/VocalSet/FULL/female3/long_tones/straight/f3_long_straight_a.wav,11.12702947845805,female3,female
f3_long_straight_e,Female,f3,StraightTone,Long_tones,e,10.55347,/home/evgeniy/Projects/VocalAssistant/datasets/VocalSet/FULL/female3/long_tones/straight/f3_long_straight_e.wav,10.564421768707485,female3,female
f3_long_straight_i,Female,f3,StraightTone,Long_tones,i,10.68118,/home/evgeniy/Projects/VocalAssistant/datasets/VocalSet/FULL/female3/long_tones/straight/f3_long_straight_i.wav,10.689455782312924,female3,female
f3_long_straight_o,Female,f3,StraightTone,Long_tones,o,10.86694,/home/evgeniy/Projects/VocalAssistant/datasets/VocalSet/FULL/female3/long_tones/straight/f3_long_straight_o.wav,10.876984126984128,female3,female
f3_long_straight_u,Female,f3,StraightTone,Long_tones,u,9.93814,/home/evgeniy/Projects/VocalAssistant/datasets/VocalSet/FULL/female3/long_tones/straight/f3_long_straight_u.wav,9.939297052154195,female3,female
f3_long_trill_a,Female,f3,Trill,Long_tones,a,9.84526,/home/evgeniy/Projects/VocalAssistant/datasets/VocalSet/FULL/female3/long_tones/trill/f3_long_trill_a.wav,9.85031746031746,female3,female
f3_long_trill_e,Female,f3,Trill,Long_tones,e,11.45905,/home/evgeniy/Projects/VocalAssistant/datasets/VocalSet/FULL/female3/long_tones/trill/f3_long_trill_e.wav,11.467551020408164,female3,female
f3_long_trill_i,Female,f3,Trill,Long_tones,i,15.20907,/home/evgeniy/Projects/VocalAssistant/datasets/VocalSet/FULL/female3/long_tones/trill/f3_long_trill_i.wav,15.216530612244895,female3,female
f3_long_trill_o,Female,f3,Trill,Long_tones,o,10.65796,/home/evgeniy/Projects/VocalAssistant/datasets/VocalSet/FULL/female3/long_tones/trill/f3_long_trill_o.wav,10.65891156462585,female3,female
f3_long_trill_u,Female,f3,Trill,Long_tones,u,9.99619,/home/evgeniy/Projects/VocalAssistant/datasets/VocalSet/FULL/female3/long_tones/trill/f3_long_trill_u.wav,9.997346938775513,female3,female
f3_long_trillo_a,Female,f3,Trillo,Long_tones,a,10.86694,/home/evgeniy/Projects/VocalAssistant/datasets/VocalSet/FULL/female3/long_tones/trillo/f3_long_trillo_a.wav,10.874195011337868,female3,female
f3_long_trillo_e,Female,f3,Trillo,Long_tones,e,10.11229,/home/evgeniy/Projects/VocalAssistant/datasets/VocalSet/FULL/female3/long_tones/trillo/f3_long_trillo_e.wav,10.114172335600909,female3,female
f3_long_trillo_i,Female,f3,Trillo,Long_tones,i,9.28798,/home/evgeniy/Projects/VocalAssistant/datasets/VocalSet/FULL/female3/long_tones/trillo/f3_long_trillo_i.wav,9.295668934240362,female3,female
f3_long_trillo_o,Female,f3,Trillo,Long_tones,o,9.52018,/home/evgeniy/Projects/VocalAssistant/datasets/VocalSet/FULL/female3/long_tones/trillo/f3_long_trillo_o.wav,9.529546485260772,female3,female
f3_long_trillo_u,Female,f3,Trillo,Long_tones,u,9.69433,/home/evgeniy/Projects/VocalAssistant/datasets/VocalSet/FULL/female3/long_tones/trillo/f3_long_trillo_u.wav,9.704943310657596,female3,female
f3_row_straight,Female,f3,StraightTone,MusicalExcerp_RowRow,,14.19901,/home/evgeniy/Projects/VocalAssistant/datasets/VocalSet/FULL/female3/excerpts/straight/f3_row_straight.wav,14.209047619047618,female3,female
f3_row_vibrato,Female,f3,MoltoVibrato,MusicalExcerp_RowRow,o,12.2137,/home/evgeniy/Projects/VocalAssistant/datasets/VocalSet/FULL/female3/excerpts/vibrato/f3_row_vibrato.wav,12.220068027210884,female3,female
f3_scales_belt_a,Female,f3,Belt_Harsh,Scale,a,10.63474,/home/evgeniy/Projects/VocalAssistant/datasets/VocalSet/FULL/female3/scales/belt/f3_scales_belt_a.wav,10.635759637188208,female3,female
f3_scales_belt_e,Female,f3,Belt_Harsh,Scale,e,10.63474,/home/evgeniy/Projects/VocalAssistant/datasets/VocalSet/FULL/female3/scales/belt/f3_scales_belt_e.wav,10.635759637188208,female3,female
f3_scales_belt_i,Female,f3,Belt_Harsh,Scale,i,10.86694,/home/evgeniy/Projects/VocalAssistant/datasets/VocalSet/FULL/female3/scales/belt/f3_scales_belt_i.wav,10.869501133786848,female3,female
f3_scales_belt_o,Female,f3,Belt_Harsh,Scale,o,10.80889,/home/evgeniy/Projects/VocalAssistant/datasets/VocalSet/FULL/female3/scales/belt/f3_scales_belt_o.wav,10.811065759637188,female3,female
f3_scales_belt_u,Female,f3,Belt_Harsh,Scale,u,10.75084,/home/evgeniy/Projects/VocalAssistant/datasets/VocalSet/FULL/female3/scales/belt/f3_scales_belt_u.wav,10.752607709750569,female3,female
f3_scales_breathy_a,Female,f3,Breathy,Scale,a,11.67964,/home/evgeniy/Projects/VocalAssistant/datasets/VocalSet/FULL/female3/scales/breathy/f3_scales_breathy_a.wav,11.685600907029478,female3,female
f3_scales_breathy_e,Female,f3,Breathy,Scale,e,11.20363,/home/evgeniy/Projects/VocalAssistant/datasets/VocalSet/FULL/female3/scales/breathy/f3_scales_breathy_e.wav,11.203718820861678,female3,female
f3_scales_breathy_i,Female,f3,Breathy,Scale,i,10.53025,/home/evgeniy/Projects/VocalAssistant/datasets/VocalSet/FULL/female3/scales/breathy/f3_scales_breathy_i.wav,10.541133786848071,female3,female
f3_scales_breathy_o,Female,f3,Breathy,Scale,o,10.22839,/home/evgeniy/Projects/VocalAssistant/datasets/VocalSet/FULL/female3/scales/breathy/f3_scales_breathy_o.wav,10.239954648526076,female3,female
f3_scales_breathy_u,Female,f3,Breathy,Scale,u,10.4722,/home/evgeniy/Projects/VocalAssistant/datasets/VocalSet/FULL/female3/scales/breathy/f3_scales_breathy_u.wav,10.480907029478455,female3,female
f3_scales_c_fast_forte_a,Female,f3,Fast_Articulated_Forte,Scale,a,3.42495,/home/evgeniy/Projects/VocalAssistant/datasets/VocalSet/FULL/female3/scales/fast_forte/f3_scales_c_fast_forte_a.wav,3.4329478458049887,female3,female
f3_scales_c_fast_forte_e,Female,f3,Fast_Articulated_Forte,Scale,e,3.51783,/home/evgeniy/Projects/VocalAssistant/datasets/VocalSet/FULL/female3/scales/fast_forte/f3_scales_c_fast_forte_e.wav,3.5217233560090704,female3,female
f3_scales_c_fast_forte_i,Female,f3,Fast_Articulated_Forte,Scale,i,3.57588,/home/evgeniy/Projects/VocalAssistant/datasets/VocalSet/FULL/female3/scales/fast_forte/f3_scales_c_fast_forte_i.wav,3.580907029478458,female3,female
f3_scales_c_fast_forte_o,Female,f3,Fast_Articulated_Forte,Scale,o,3.3669,/home/evgeniy/Projects/VocalAssistant/datasets/VocalSet/FULL/female3/scales/fast_forte/f3_scales_c_fast_forte_o.wav,3.3737414965986394,female3,female
f3_scales_c_fast_forte_u,Female,f3,Fast_Articulated_Forte,Scale,u,3.5991,/home/evgeniy/Projects/VocalAssistant/datasets/VocalSet/FULL/female3/scales/fast_forte/f3_scales_c_fast_forte_u.wav,3.610498866213152,female3,female
f3_scales_c_fast_piano_a,Female,f3,Fast_Articulated_Piano,Scale,a,3.88934,/home/evgeniy/Projects/VocalAssistant/datasets/VocalSet/FULL/female3/scales/fast_piano/f3_scales_c_fast_piano_a.wav,3.8995238095238096,female3,female
f3_scales_c_fast_piano_e,Female,f3,Fast_Articulated_Piano,Scale,e,4.10993,/home/evgeniy/Projects/VocalAssistant/datasets/VocalSet/FULL/female3/scales/fast_piano/f3_scales_c_fast_piano_e.wav,4.111133786848073,female3,female
f3_scales_c_fast_piano_i,Female,f3,Fast_Articulated_Piano,Scale,i,3.58749,/home/evgeniy/Projects/VocalAssistant/datasets/VocalSet/FULL/female3/scales/fast_piano/f3_scales_c_fast_piano_i.wav,3.5972562358276643,female3,female
f3_scales_c_fast_piano_o,Female,f3,Fast_Articulated_Piano,Scale,o,4.0751,/home/evgeniy/Projects/VocalAssistant/datasets/VocalSet/FULL/female3/scales/fast_piano/f3_scales_c_fast_piano_o.wav,4.080907029478458,female3,female
f3_scales_c_fast_piano_u,Female,f3,Fast_Articulated_Piano,Scale,u,3.8313,/home/evgeniy/Projects/VocalAssistant/datasets/VocalSet/FULL/female3/scales/fast_piano/f3_scales_c_fast_piano_u.wav,3.8390929705215417,female3,female
f3_scales_c_slow_piano_a,Female,f3,Slow_Legato_Piano,Scale,a,12.13243,/home/evgeniy/Projects/VocalAssistant/datasets/VocalSet/FULL/female3/scales/slow_piano/f3_scales_c_slow_piano_a.wav,12.140045351473924,female3,female
f3_scales_c_slow_piano_e,Female,f3,Slow_Legato_Piano,Scale,e,12.34141,/home/evgeniy/Projects/VocalAssistant/datasets/VocalSet/FULL/female3/scales/slow_piano/f3_scales_c_slow_piano_e.wav,12.350589569161,female3,female
f3_scales_c_slow_piano_i,Female,f3,Slow_Legato_Piano,Scale,i,12.13243,/home/evgeniy/Projects/VocalAssistant/datasets/VocalSet/FULL/female3/scales/slow_piano/f3_scales_c_slow_piano_i.wav,12.140068027210884,female3,female
f3_scales_c_slow_piano_o,Female,f3,Slow_Legato_Piano,Scale,o,12.77098,/home/evgeniy/Projects/VocalAssistant/datasets/VocalSet/FULL/female3/scales/slow_piano/f3_scales_c_slow_piano_o.wav,12.771609977324262,female3,female
f3_scales_c_slow_piano_u,Female,f3,Slow_Legato_Piano,Scale,u,12.84064,/home/evgeniy/Projects/VocalAssistant/datasets/VocalSet/FULL/female3/scales/slow_piano/f3_scales_c_slow_piano_u.wav,12.841791383219954,female3,female
f3_scales_f_fast_forte_a,Female,f3,Fast_Articulated_Forte,Scale,a,3.81969,/home/evgeniy/Projects/VocalAssistant/datasets/VocalSet/FULL/female3/scales/fast_forte/f3_scales_f_fast_forte_a.wav,3.828140589569161,female3,female
f3_scales_f_fast_forte_e,Female,f3,Fast_Articulated_Forte,Scale,e,3.79647,/home/evgeniy/Projects/VocalAssistant/datasets/VocalSet/FULL/female3/scales/fast_forte/f3_scales_f_fast_forte_e.wav,3.797278911564626,female3,female
f3_scales_f_fast_forte_i,Female,f3,Fast_Articulated_Forte,Scale,i,3.61071,/home/evgeniy/Projects/VocalAssistant/datasets/VocalSet/FULL/female3/scales/fast_forte/f3_scales_f_fast_forte_i.wav,3.6120408163265303,female3,female
f3_scales_f_fast_forte_o,Female,f3,Fast_Articulated_Forte,Scale,o,3.85451,/home/evgeniy/Projects/VocalAssistant/datasets/VocalSet/FULL/female3/scales/fast_forte/f3_scales_f_fast_forte_o.wav,3.859024943310658,female3,female
f3_scales_f_fast_forte_u,Female,f3,Fast_Articulated_Forte,Scale,u,3.70359,/home/evgeniy/Projects/VocalAssistant/datasets/VocalSet/FULL/female3/scales/fast_forte/f3_scales_f_fast_forte_u.wav,3.7046485260770976,female3,female
f3_scales_f_fast_piano_a,Female,f3,Fast_Articulated_Piano,Scale,a,3.98222,/home/evgeniy/Projects/VocalAssistant/datasets/VocalSet/FULL/female3/scales/fast_piano/f3_scales_f_fast_piano_a.wav,3.984875283446712,female3,female
f3_scales_f_fast_piano_e,Female,f3,Fast_Articulated_Piano,Scale,e,4.16798,/home/evgeniy/Projects/VocalAssistant/datasets/VocalSet/FULL/female3/scales/fast_piano/f3_scales_f_fast_piano_e.wav,4.1761451247165535,female3,female
f3_scales_f_fast_piano_i,Female,f3,Fast_Articulated_Piano,Scale,i,4.10993,/home/evgeniy/Projects/VocalAssistant/datasets/VocalSet/FULL/female3/scales/fast_piano/f3_scales_f_fast_piano_i.wav,4.112403628117914,female3,female
f3_scales_f_fast_piano_o,Female,f3,Fast_Articulated_Piano,Scale,o,4.0751,/home/evgeniy/Projects/VocalAssistant/datasets/VocalSet/FULL/female3/scales/fast_piano/f3_scales_f_fast_piano_o.wav,4.080498866213152,female3,female
f3_scales_f_fast_piano_u,Female,f3,Fast_Articulated_Piano,Scale,u,4.26086,/home/evgeniy/Projects/VocalAssistant/datasets/VocalSet/FULL/female3/scales/fast_piano/f3_scales_f_fast_piano_u.wav,4.271791383219955,female3,female
f3_scales_f_slow_forte_a,Female,f3,Slow_Legato_Forte,Scale,a,11.72608,/home/evgeniy/Projects/VocalAssistant/datasets/VocalSet/FULL/female3/scales/slow_forte/f3_scales_f_slow_forte_a.wav,11.732267573696143,female3,female
f3_scales_f_slow_forte_e,Female,f3,Slow_Legato_Forte,Scale,e,11.60998,/home/evgeniy/Projects/VocalAssistant/datasets/VocalSet/FULL/female3/scales/slow_forte/f3_scales_f_slow_forte_e.wav,11.619455782312926,female3,female
f3_scales_f_slow_forte_u,Female,f3,Slow_Legato_Forte,Scale,u,11.27329,/home/evgeniy/Projects/VocalAssistant/datasets/VocalSet/FULL/female3/scales/slow_forte/f3_scales_f_slow_forte_u.wav,11.281043083900228,female3,female
f3_scales_f_slow_piano_a,Female,f3,Slow_Legato_Piano,Scale,a,12.15565,/home/evgeniy/Projects/VocalAssistant/datasets/VocalSet/FULL/female3/scales/slow_piano/f3_scales_f_slow_piano_a.wav,12.16655328798186,female3,female
f3_scales_f_slow_piano_e,Female,f3,Slow_Legato_Piano,Scale,e,12.84064,/home/evgeniy/Projects/VocalAssistant/datasets/VocalSet/FULL/female3/scales/slow_piano/f3_scales_f_slow_piano_e.wav,12.850090702947846,female3,female
f3_scales_f_slow_piano_i,Female,f3,Slow_Legato_Piano,Scale,i,12.29497,/home/evgeniy/Projects/VocalAssistant/datasets/VocalSet/FULL/female3/scales/slow_piano/f3_scales_f_slow_piano_i.wav,12.30328798185941,female3,female
f3_scales_f_slow_piano_o,Female,f3,Slow_Legato_Piano,Scale,o,12.50395,/home/evgeniy/Projects/VocalAssistant/datasets/VocalSet/FULL/female3/scales/slow_piano/f3_scales_f_slow_piano_o.wav,12.508321995464852,female3,female
f3_scales_f_slow_piano_u,Female,f3,Slow_Legato_Piano,Scale,u,12.0976,/home/evgeniy/Projects/VocalAssistant/datasets/VocalSet/FULL/female3/scales/slow_piano/f3_scales_f_slow_piano_u.wav,12.098208616780044,female3,female
f3_scales_straight_a,Female,f3,StraightTone,Scale,a,11.37778,/home/evgeniy/Projects/VocalAssistant/datasets/VocalSet/FULL/female3/scales/straight/f3_scales_straight_a.wav,11.380204081632654,female3,female
f3_scales_straight_e,Female,f3,StraightTone,Scale,e,11.94667,/home/evgeniy/Projects/VocalAssistant/datasets/VocalSet/FULL/female3/scales/straight/f3_scales_straight_e.wav,11.95562358276644,female3,female
f3_scales_straight_i,Female,f3,StraightTone,Scale,i,11.88862,/home/evgeniy/Projects/VocalAssistant/datasets/VocalSet/FULL/female3/scales/straight/f3_scales_straight_i.wav,11.891678004535148,female3,female
f3_scales_straight_o,Female,f3,StraightTone,Scale,o,11.43583,/home/evgeniy/Projects/VocalAssistant/datasets/VocalSet/FULL/female3/scales/straight/f3_scales_straight_o.wav,11.444149659863946,female3,female
f3_scales_straight_u,Female,f3,StraightTone,Scale,u,11.12236,/home/evgeniy/Projects/VocalAssistant/datasets/VocalSet/FULL/female3/scales/straight/f3_scales_straight_u.wav,11.124489795918368,female3,female
f3_scales_vibrato_a,Female,f3,MoltoVibrato,Scale,a,13.24699,/home/evgeniy/Projects/VocalAssistant/datasets/VocalSet/FULL/female3/scales/vibrato/f3_scales_vibrato_a.wav,13.257687074829931,female3,female
f3_scales_vibrato_e,Female,f3,MoltoVibrato,Scale,e,13.32826,/home/evgeniy/Projects/VocalAssistant/datasets/VocalSet/FULL/female3/scales/vibrato/f3_scales_vibrato_e.wav,13.329727891156464,female3,female
f3_scales_vibrato_i,Female,f3,MoltoVibrato,Scale,i,13.6069,/home/evgeniy/Projects/VocalAssistant/datasets/VocalSet/FULL/female3/scales/vibrato/f3_scales_vibrato_i.wav,13.617936507936507,female3,female
f3_scales_vibrato_o,Female,f3,MoltoVibrato,Scale,o,14.25705,/home/evgeniy/Projects/VocalAssistant/datasets/VocalSet/FULL/female3/scales/vibrato/f3_scales_vibrato_o.wav,14.266417233560093,female3,female
f3_scales_vibrato_u,Female,f3,MoltoVibrato,Scale,u,13.53724,/home/evgeniy/Projects/VocalAssistant/datasets/VocalSet/FULL/female3/scales/vibrato/f3_scales_vibrato_u.wav,13.545895691609978,female3,female
f4_arpeggios_breathy_a,Female,f4,VeryBreathy,Arpeggio,a,5.0039,/home/evgeniy/Projects/VocalAssistant/datasets/VocalSet/FULL/female4/arpeggios/breathy/f4_arpeggios_breathy_a.wav,5.0048979591836735,female4,female
f4_arpeggios_breathy_e,Female,f4,VeryBreathy,Arpeggio,e,6.43193,/home/evgeniy/Projects/VocalAssistant/datasets/VocalSet/FULL/female4/arpeggios/breathy/f4_arpeggios_breathy_e.wav,6.43485260770975,female4,female
f4_arpeggios_breathy_i,Female,f4,VeryBreathy,Arpeggio,i,6.24617,/home/evgeniy/Projects/VocalAssistant/datasets/VocalSet/FULL/female4/arpeggios/breathy/f4_arpeggios_breathy_i.wav,6.256122448979592,female4,female
f4_arpeggios_breathy_o,Female,f4,VeryBreathy,Arpeggio,o,5.65406,/home/evgeniy/Projects/VocalAssistant/datasets/VocalSet/FULL/female4/arpeggios/breathy/f4_arpeggios_breathy_o.wav,5.660294784580499,female4,female
f4_arpeggios_c_fast_forte_a,Female,f4,Fast_Articulated_Forte,Arpeggio,a,3.26241,/home/evgeniy/Projects/VocalAssistant/datasets/VocalSet/FULL/female4/arpeggios/fast_forte/f4_arpeggios_c_fast_forte_a.wav,3.2656009070294783,female4,female
f4_arpeggios_c_fast_forte_e,Female,f4,Fast_Articulated_Forte,Arpeggio,e,3.26241,/home/evgeniy/Projects/VocalAssistant/datasets/VocalSet/FULL/female4/arpeggios/fast_forte/f4_arpeggios_c_fast_forte_e.wav,3.265578231292517,female4,female
f4_arpeggios_c_fast_forte_i,Female,f4,Fast_Articulated_Forte,Arpeggio,i,3.91256,/home/evgeniy/Projects/VocalAssistant/datasets/VocalSet/FULL/female4/arpeggios/fast_forte/f4_arpeggios_c_fast_forte_i.wav,3.918707482993197,female4,female
f4_arpeggios_c_fast_forte_o,Female,f4,Fast_Articulated_Forte,Arpeggio,o,3.483,/home/evgeniy/Projects/VocalAssistant/datasets/VocalSet/FULL/female4/arpeggios/fast_forte/f4_arpeggios_c_fast_forte_o.wav,3.483310657596372,female4,female
f4_arpeggios_c_fast_forte_u,Female,f4,Fast_Articulated_Forte,Arpeggio,u,4.01705,/home/evgeniy/Projects/VocalAssistant/datasets/VocalSet/FULL/female4/arpeggios/fast_forte/f4_arpeggios_c_fast_forte_u.wav,4.027573696145125,female4,female
f4_arpeggios_c_fast_piano_a,Female,f4,Fast_Articulated_Piano,Arpeggio,a,3.14631,/home/evgeniy/Projects/VocalAssistant/datasets/VocalSet/FULL/female4/arpeggios/fast_piano/f4_arpeggios_c_fast_piano_a.wav,3.156734693877551,female4,female
f4_arpeggios_c_fast_piano_e,Female,f4,Fast_Articulated_Piano,Arpeggio,e,3.58749,/home/evgeniy/Projects/VocalAssistant/datasets/VocalSet/FULL/female4/arpeggios/fast_piano/f4_arpeggios_c_fast_piano_e.wav,3.592154195011338,female4,female
f4_arpeggios_c_fast_piano_i,Female,f4,Fast_Articulated_Piano,Arpeggio,i,3.04182,/home/evgeniy/Projects/VocalAssistant/datasets/VocalSet/FULL/female4/arpeggios/fast_piano/f4_arpeggios_c_fast_piano_i.wav,3.047891156462585,female4,female
f4_arpeggios_c_fast_piano_o,Female,f4,Fast_Articulated_Piano,Arpeggio,o,3.3669,/home/evgeniy/Projects/VocalAssistant/datasets/VocalSet/FULL/female4/arpeggios/fast_piano/f4_arpeggios_c_fast_piano_o.wav,3.3744444444444444,female4,female
f4_arpeggios_c_fast_piano_u,Female,f4,Fast_Articulated_Piano,Arpeggio,u,3.04182,/home/evgeniy/Projects/VocalAssistant/datasets/VocalSet/FULL/female4/arpeggios/fast_piano/f4_arpeggios_c_fast_piano_u.wav,3.047868480725624,female4,female
f4_arpeggios_c_slow_piano_a,Female,f4,Slow_Legato_Piano,Arpeggio,a,6.33905,/home/evgeniy/Projects/VocalAssistant/datasets/VocalSet/FULL/female4/arpeggios/slow_piano/f4_arpeggios_c_slow_piano_a.wav,6.345283446712018,female4,female
f4_arpeggios_c_slow_piano_e,Female,f4,Slow_Legato_Piano,Arpeggio,e,6.18812,/home/evgeniy/Projects/VocalAssistant/datasets/VocalSet/FULL/female4/arpeggios/slow_piano/f4_arpeggios_c_slow_piano_e.wav,6.194195011337868,female4,female
f4_arpeggios_c_slow_piano_i,Female,f4,Slow_Legato_Piano,Arpeggio,i,5.88626,/home/evgeniy/Projects/VocalAssistant/datasets/VocalSet/FULL/female4/arpeggios/slow_piano/f4_arpeggios_c_slow_piano_i.wav,5.8920408163265305,female4,female
f4_arpeggios_c_slow_piano_o,Female,f4,Slow_Legato_Piano,Arpeggio,o,7.0937,/home/evgeniy/Projects/VocalAssistant/datasets/VocalSet/FULL/female4/arpeggios/slow_piano/f4_arpeggios_c_slow_piano_o.wav,7.100657596371882,female4,female
f4_arpeggios_c_slow_piano_u,Female,f4,Slow_Legato_Piano,Arpeggio,u,6.64091,/home/evgeniy/Projects/VocalAssistant/datasets/VocalSet/FULL/female4/arpeggios/slow_piano/f4_arpeggios_c_slow_piano_u.wav,6.647460317460317,female4,female
f4_arpeggios_f_fast_forte_a,Female,f4,Fast_Articulated_Forte,Arpeggio,a,3.44817,/home/evgeniy/Projects/VocalAssistant/datasets/VocalSet/FULL/female4/arpeggios/fast_forte/f4_arpeggios_f_fast_forte_a.wav,3.4572108843537417,female4,female
f4_arpeggios_f_fast_forte_e,Female,f4,Fast_Articulated_Forte,Arpeggio,e,2.93733,/home/evgeniy/Projects/VocalAssistant/datasets/VocalSet/FULL/female4/arpeggios/fast_forte/f4_arpeggios_f_fast_forte_e.wav,2.948798185941043,female4,female
f4_arpeggios_f_fast_forte_i,Female,f4,Fast_Articulated_Forte,Arpeggio,i,3.2508,/home/evgeniy/Projects/VocalAssistant/datasets/VocalSet/FULL/female4/arpeggios/fast_forte/f4_arpeggios_f_fast_forte_i.wav,3.253854875283446,female4,female
f4_arpeggios_f_fast_forte_o,Female,f4,Fast_Articulated_Forte,Arpeggio,o,3.65715,/home/evgeniy/Projects/VocalAssistant/datasets/VocalSet/FULL/female4/arpeggios/fast_forte/f4_arpeggios_f_fast_forte_o.wav,3.660566893424036,female4,female
f4_arpeggios_f_fast_forte_u,Female,f4,Fast_Articulated_Forte,Arpeggio,u,3.55266,/home/evgeniy/Projects/VocalAssistant/datasets/VocalSet/FULL/female4/arpeggios/fast_forte/f4_arpeggios_f_fast_forte_u.wav,3.5588888888888888,female4,female
f4_arpeggios_f_fast_piano_a,Female,f4,Fast_Articulated_Piano,Arpeggio,a,2.22912,/home/evgeniy/Projects/VocalAssistant/datasets/VocalSet/FULL/female4/arpeggios/fast_piano/f4_arpeggios_f_fast_piano_a.wav,2.23702947845805,female4,female
f4_arpeggios_f_fast_piano_e,Female,f4,Fast_Articulated_Piano,Arpeggio,e,2.93733,/home/evgeniy/Projects/VocalAssistant/datasets/VocalSet/FULL/female4/arpeggios/fast_piano/f4_arpeggios_f_fast_piano_e.wav,2.948798185941043,female4,female
f4_arpeggios_f_fast_piano_i,Female,f4,Fast_Articulated_Piano,Arpeggio,i,3.65715,/home/evgeniy/Projects/VocalAssistant/datasets/VocalSet/FULL/female4/arpeggios/fast_piano/f4_arpeggios_f_fast_piano_i.wav,3.6605895691609978,female4,female
f4_arpeggios_f_fast_piano_o,Female,f4,Fast_Articulated_Piano,Arpeggio,o,3.2508,/home/evgeniy/Projects/VocalAssistant/datasets/VocalSet/FULL/female4/arpeggios/fast_piano/f4_arpeggios_f_fast_piano_o.wav,3.253854875283446,female4,female
f4_arpeggios_f_fast_piano_u,Female,f4,Fast_Articulated_Piano,Arpeggio,u,3.44817,/home/evgeniy/Projects/VocalAssistant/datasets/VocalSet/FULL/female4/arpeggios/fast_piano/f4_arpeggios_f_fast_piano_u.wav,3.4572108843537417,female4,female
f4_arpeggios_f_slow_forte_a,Female,f4,Slow_Legato_Forte,Arpeggio,a,7.17497,/home/evgeniy/Projects/VocalAssistant/datasets/VocalSet/FULL/female4/arpeggios/slow_forte/f4_arpeggios_f_slow_forte_a.wav,7.180272108843537,female4,female
f4_arpeggios_f_slow_forte_e,Female,f4,Slow_Legato_Forte,Arpeggio,e,7.17497,/home/evgeniy/Projects/VocalAssistant/datasets/VocalSet/FULL/female4/arpeggios/slow_forte/f4_arpeggios_f_slow_forte_e.wav,7.180272108843537,female4,female
f4_arpeggios_f_slow_forte_u,Female,f4,Slow_Legato_Forte,Arpeggio,u,6.71057,/home/evgeniy/Projects/VocalAssistant/datasets/VocalSet/FULL/female4/arpeggios/slow_forte/f4_arpeggios_f_slow_forte_u.wav,6.721972789115647,female4,female
f4_arpeggios_f_slow_piano_a,Female,f4,Slow_Legato_Piano,Arpeggio,a,5.95592,/home/evgeniy/Projects/VocalAssistant/datasets/VocalSet/FULL/female4/arpeggios/slow_piano/f4_arpeggios_f_slow_piano_a.wav,5.9581179138322,female4,female
f4_arpeggios_f_slow_piano_e,Female,f4,Slow_Legato_Piano,Arpeggio,e,6.10685,/home/evgeniy/Projects/VocalAssistant/datasets/VocalSet/FULL/female4/arpeggios/slow_piano/f4_arpeggios_f_slow_piano_e.wav,6.110884353741497,female4,female
f4_arpeggios_f_slow_piano_i,Female,f4,Slow_Legato_Piano,Arpeggio,i,5.95592,/home/evgeniy/Projects/VocalAssistant/datasets/VocalSet/FULL/female4/arpeggios/slow_piano/f4_arpeggios_f_slow_piano_i.wav,5.9581179138322,female4,female
f4_arpeggios_f_slow_piano_o,Female,f4,Slow_Legato_Piano,Arpeggio,o,5.64245,/home/evgeniy/Projects/VocalAssistant/datasets/VocalSet/FULL/female4/arpeggios/slow_piano/f4_arpeggios_f_slow_piano_o.wav,5.652562358276644,female4,female
f4_arpeggios_f_slow_piano_u,Female,f4,Slow_Legato_Piano,Arpeggio,u,6.25778,/home/evgeniy/Projects/VocalAssistant/datasets/VocalSet/FULL/female4/arpeggios/slow_piano/f4_arpeggios_f_slow_piano_u.wav,6.263650793650793,female4,female
f4_arpeggios_lip_trill_a,Female,f4,Lip_Trill,Arpeggio,a,6.9776,/home/evgeniy/Projects/VocalAssistant/datasets/VocalSet/FULL/female4/arpeggios/lip_trill/f4_arpeggios_lip_trill_a.wav,6.978730158730159,female4,female
f4_arpeggios_lip_trill_e,Female,f4,Lip_Trill,Arpeggio,e,6.69896,/home/evgeniy/Projects/VocalAssistant/datasets/VocalSet/FULL/female4/arpeggios/lip_trill/f4_arpeggios_lip_trill_e.wav,6.706825396825397,female4,female
f4_arpeggios_lip_trill_i,Female,f4,Lip_Trill,Arpeggio,i,5.79338,/home/evgeniy/Projects/VocalAssistant/datasets/VocalSet/FULL/female4/arpeggios/lip_trill/f4_arpeggios_lip_trill_i.wav,5.800498866213152,female4,female
f4_arpeggios_lip_trill_o,Female,f4,Lip_Trill,Arpeggio,o,5.79338,/home/evgeniy/Projects/VocalAssistant/datasets/VocalSet/FULL/female4/arpeggios/lip_trill/f4_arpeggios_lip_trill_o.wav,5.800498866213152,female4,female
f4_arpeggios_lip_trill_u,Female,f4,Lip_Trill,Arpeggio,u,5.61923,/home/evgeniy/Projects/VocalAssistant/datasets/VocalSet/FULL/female4/arpeggios/lip_trill/f4_arpeggios_lip_trill_u.wav,5.61922902494331,female4,female
f4_arpeggios_vibrato_a,Female,f4,Slow_MoltoVibrato,Arpeggio,a,6.00236,/home/evgeniy/Projects/VocalAssistant/datasets/VocalSet/FULL/female4/arpeggios/vibrato/f4_arpeggios_vibrato_a.wav,6.007278911564626,female4,female
f4_arpeggios_vibrato_e,Female,f4,Slow_MoltoVibrato,Arpeggio,e,6.00236,/home/evgeniy/Projects/VocalAssistant/datasets/VocalSet/FULL/female4/arpeggios/vibrato/f4_arpeggios_vibrato_e.wav,6.007301587301587,female4,female
f4_arpeggios_vibrato_i,Female,f4,Slow_MoltoVibrato,Arpeggio,i,6.281,/home/evgeniy/Projects/VocalAssistant/datasets/VocalSet/FULL/female4/arpeggios/vibrato/f4_arpeggios_vibrato_i.wav,6.29,female4,female
f4_arpeggios_vibrato_o,Female,f4,Slow_MoltoVibrato,Arpeggio,o,6.35066,/home/evgeniy/Projects/VocalAssistant/datasets/VocalSet/FULL/female4/arpeggios/vibrato/f4_arpeggios_vibrato_o.wav,6.360657596371882,female4,female
f4_arpeggios_vibrato_u,Female,f4,Slow_MoltoVibrato,Arpeggio,u,6.91955,/home/evgeniy/Projects/VocalAssistant/datasets/VocalSet/FULL/female4/arpeggios/vibrato/f4_arpeggios_vibrato_u.wav,6.926054421768708,female4,female
f4_caro_straight,Female,f4,StraightTone,MusicalExcerp_Caro,,41.18059,/home/evgeniy/Projects/VocalAssistant/datasets/VocalSet/FULL/female4/excerpts/straight/f4_caro_straight.wav,41.18641723356009,female4,female
f4_caro_vibrato,Female,f4,MoltoVibrato,MusicalExcerp_Caro,o,38.0459,/home/evgeniy/Projects/VocalAssistant/datasets/VocalSet/FULL/female4/excerpts/vibrato/f4_caro_vibrato.wav,38.051700680272106,female4,female
f4_dona_straight,Female,f4,StraightTone,MusicalExcerp_Dona,,19.81823,/home/evgeniy/Projects/VocalAssistant/datasets/VocalSet/FULL/female4/excerpts/straight/f4_dona_straight.wav,19.82523809523809,female4,female
f4_dona_vibrato,Female,f4,MoltoVibrato,MusicalExcerp_Dona,o,19.36544,/home/evgeniy/Projects/VocalAssistant/datasets/VocalSet/FULL/female4/excerpts/vibrato/f4_dona_vibrato.wav,19.367732426303856,female4,female
f4_long_forte_a,Female,f4,FullVoice,Long_tones,a,11.13397,/home/evgeniy/Projects/VocalAssistant/datasets/VocalSet/FULL/female4/long_tones/forte/f4_long_forte_a.wav,11.137324263038549,female4,female
f4_long_forte_e,Female,f4,FullVoice,Long_tones,e,11.48227,/home/evgeniy/Projects/VocalAssistant/datasets/VocalSet/FULL/female4/long_tones/forte/f4_long_forte_e.wav,11.49278911564626,female4,female
f4_long_forte_i,Female,f4,FullVoice,Long_tones,i,10.65796,/home/evgeniy/Projects/VocalAssistant/datasets/VocalSet/FULL/female4/long_tones/forte/f4_long_forte_i.wav,10.663401360544215,female4,female
f4_long_forte_o,Female,f4,FullVoice,Long_tones,o,11.13397,/home/evgeniy/Projects/VocalAssistant/datasets/VocalSet/FULL/female4/long_tones/forte/f4_long_forte_o.wav,11.137324263038549,female4,female
f4_long_forte_u,Female,f4,FullVoice,Long_tones,u,12.20209,/home/evgeniy/Projects/VocalAssistant/datasets/VocalSet/FULL/female4/long_tones/forte/f4_long_forte_u.wav,12.203673469387756,female4,female
f4_long_messa_a,Female,f4,MessaDiVoce,Long_tones,a,12.17887,/home/evgeniy/Projects/VocalAssistant/datasets/VocalSet/FULL/female4/long_tones/messa/f4_long_messa_a.wav,12.185374149659864,female4,female
f4_long_messa_e,Female,f4,MessaDiVoce,Long_tones,e,11.93506,/home/evgeniy/Projects/VocalAssistant/datasets/VocalSet/FULL/female4/long_tones/messa/f4_long_messa_e.wav,11.941655328798186,female4,female
f4_long_messa_o,Female,f4,MessaDiVoce,Long_tones,o,11.44744,/home/evgeniy/Projects/VocalAssistant/datasets/VocalSet/FULL/female4/long_tones/messa/f4_long_messa_o.wav,11.454240362811792,female4,female
f4_long_messa_u,Female,f4,MessaDiVoce,Long_tones,u,11.44744,/home/evgeniy/Projects/VocalAssistant/datasets/VocalSet/FULL/female4/long_tones/messa/f4_long_messa_u.wav,11.454240362811792,female4,female
f4_long_straight_a,Female,f4,StraightTone,Long_tones,a,11.14558,/home/evgeniy/Projects/VocalAssistant/datasets/VocalSet/FULL/female4/long_tones/straight/f4_long_straight_a.wav,11.152154195011338,female4,female
f4_long_straight_e,Female,f4,StraightTone,Long_tones,e,12.02794,/home/evgeniy/Projects/VocalAssistant/datasets/VocalSet/FULL/female4/long_tones/straight/f4_long_straight_e.wav,12.035487528344673,female4,female
f4_long_straight_i,Female,f4,StraightTone,Long_tones,i,11.80735,/home/evgeniy/Projects/VocalAssistant/datasets/VocalSet/FULL/female4/long_tones/straight/f4_long_straight_i.wav,11.814648526077098,female4,female
f4_long_straight_o,Female,f4,StraightTone,Long_tones,o,11.14558,/home/evgeniy/Projects/VocalAssistant/datasets/VocalSet/FULL/female4/long_tones/straight/f4_long_straight_o.wav,11.152131519274375,female4,female
f4_long_straight_u,Female,f4,StraightTone,Long_tones,u,12.02794,/home/evgeniy/Projects/VocalAssistant/datasets/VocalSet/FULL/female4/long_tones/straight/f4_long_straight_u.wav,12.035487528344673,female4,female
f4_long_trillo_a,Female,f4,Trillo,Long_tones,a,11.07592,/home/evgeniy/Projects/VocalAssistant/datasets/VocalSet/FULL/female4/long_tones/trillo/f4_long_trillo_a.wav,11.07721088435374,female4,female
f4_long_trillo_e,Female,f4,Trillo,Long_tones,e,11.27329,/home/evgeniy/Projects/VocalAssistant/datasets/VocalSet/FULL/female4/long_tones/trillo/f4_long_trillo_e.wav,11.284263038548753,female4,female
f4_long_trillo_i,Female,f4,Trillo,Long_tones,i,10.65796,/home/evgeniy/Projects/VocalAssistant/datasets/VocalSet/FULL/female4/long_tones/trillo/f4_long_trillo_i.wav,10.663106575963718,female4,female
f4_long_trillo_o,Female,f4,Trillo,Long_tones,o,8.99774,/home/evgeniy/Projects/VocalAssistant/datasets/VocalSet/FULL/female4/long_tones/trillo/f4_long_trillo_o.wav,9.006689342403629,female4,female
f4_long_trillo_u,Female,f4,Trillo,Long_tones,u,9.62467,/home/evgeniy/Projects/VocalAssistant/datasets/VocalSet/FULL/female4/long_tones/trillo/f4_long_trillo_u.wav,9.62784580498866,female4,female
f4_row_straight,Female,f4,StraightTone,MusicalExcerp_RowRow,,10.29805,/home/evgeniy/Projects/VocalAssistant/datasets/VocalSet/FULL/female4/excerpts/straight/f4_row_straight.wav,10.305396825396825,female4,female
f4_row_vibrato,Female,f4,MoltoVibrato,MusicalExcerp_RowRow,o,10.17034,/home/evgeniy/Projects/VocalAssistant/datasets/VocalSet/FULL/female4/excerpts/vibrato/f4_row_vibrato.wav,10.179342403628118,female4,female
f4_scales_belt_a,Female,f4,Belt_Harsh,Scale,a,6.47837,/home/evgeniy/Projects/VocalAssistant/datasets/VocalSet/FULL/female4/scales/belt/f4_scales_belt_a.wav,6.479410430839002,female4,female
f4_scales_belt_e,Female,f4,Belt_Harsh,Scale,e,6.57125,/home/evgeniy/Projects/VocalAssistant/datasets/VocalSet/FULL/female4/scales/belt/f4_scales_belt_e.wav,6.57469387755102,female4,female
f4_scales_belt_i,Female,f4,Belt_Harsh,Scale,i,6.47837,/home/evgeniy/Projects/VocalAssistant/datasets/VocalSet/FULL/female4/scales/belt/f4_scales_belt_i.wav,6.479410430839002,female4,female
f4_scales_belt_o,Female,f4,Belt_Harsh,Scale,o,6.61769,/home/evgeniy/Projects/VocalAssistant/datasets/VocalSet/FULL/female4/scales/belt/f4_scales_belt_o.wav,6.622358276643991,female4,female
f4_scales_belt_u,Female,f4,Belt_Harsh,Scale,u,6.75701,/home/evgeniy/Projects/VocalAssistant/datasets/VocalSet/FULL/female4/scales/belt/f4_scales_belt_u.wav,6.765260770975057,female4,female
f4_scales_breathy_a,Female,f4,Breathy,Scale,a,11.84218,/home/evgeniy/Projects/VocalAssistant/datasets/VocalSet/FULL/female4/scales/breathy/f4_scales_breathy_a.wav,11.850657596371882,female4,female
f4_scales_breathy_e,Female,f4,Breathy,Scale,e,10.90177,/home/evgeniy/Projects/VocalAssistant/datasets/VocalSet/FULL/female4/scales/breathy/f4_scales_breathy_e.wav,10.912857142857144,female4,female
f4_scales_breathy_i,Female,f4,Breathy,Scale,i,10.22839,/home/evgeniy/Projects/VocalAssistant/datasets/VocalSet/FULL/female4/scales/breathy/f4_scales_breathy_i.wav,10.23079365079365,female4,female
f4_scales_breathy_o,Female,f4,Breathy,Scale,o,9.79882,/home/evgeniy/Projects/VocalAssistant/datasets/VocalSet/FULL/female4/scales/breathy/f4_scales_breathy_o.wav,9.804512471655327,female4,female
f4_scales_breathy_u,Female,f4,Breathy,Scale,u,9.46213,/home/evgeniy/Projects/VocalAssistant/datasets/VocalSet/FULL/female4/scales/breathy/f4_scales_breathy_u.wav,9.463469387755104,female4,female
f4_scales_c_fast_forte_a,Female,f4,Fast_Articulated_Forte,Scale,a,3.98222,/home/evgeniy/Projects/VocalAssistant/datasets/VocalSet/FULL/female4/scales/fast_forte/f4_scales_c_fast_forte_a.wav,3.9879138321995455,female4,female
f4_scales_c_fast_forte_e,Female,f4,Fast_Articulated_Forte,Scale,e,3.86612,/home/evgeniy/Projects/VocalAssistant/datasets/VocalSet/FULL/female4/scales/fast_forte/f4_scales_c_fast_forte_e.wav,3.877142857142857,female4,female
f4_scales_c_fast_forte_i,Female,f4,Fast_Articulated_Forte,Scale,i,3.54105,/home/evgeniy/Projects/VocalAssistant/datasets/VocalSet/FULL/female4/scales/fast_forte/f4_scales_c_fast_forte_i.wav,3.544807256235828,female4,female
f4_scales_c_fast_forte_o,Female,f4,Fast_Articulated_Forte,Scale,o,3.98222,/home/evgeniy/Projects/VocalAssistant/datasets/VocalSet/FULL/female4/scales/fast_forte/f4_scales_c_fast_forte_o.wav,3.9879138321995455,female4,female
f4_scales_c_fast_forte_u,Female,f4,Fast_Articulated_Forte,Scale,u,3.81969,/home/evgeniy/Projects/VocalAssistant/datasets/VocalSet/FULL/female4/scales/fast_forte/f4_scales_c_fast_forte_u.wav,3.821768707482993,female4,female
f4_scales_c_fast_piano_a,Female,f4,Fast_Articulated_Piano,Scale,a,3.68037,/home/evgeniy/Projects/VocalAssistant/datasets/VocalSet/FULL/female4/scales/fast_piano/f4_scales_c_fast_piano_a.wav,3.681972789115646,female4,female
f4_scales_c_fast_piano_e,Female,f4,Fast_Articulated_Piano,Scale,e,2.80962,/home/evgeniy/Projects/VocalAssistant/datasets/VocalSet/FULL/female4/scales/fast_piano/f4_scales_c_fast_piano_e.wav,2.8126303854875285,female4,female
f4_scales_c_fast_piano_i,Female,f4,Fast_Articulated_Piano,Scale,i,3.57588,/home/evgeniy/Projects/VocalAssistant/datasets/VocalSet/FULL/female4/scales/fast_piano/f4_scales_c_fast_piano_i.wav,3.57968253968254,female4,female
f4_scales_c_fast_piano_o,Female,f4,Fast_Articulated_Piano,Scale,o,3.26241,/home/evgeniy/Projects/VocalAssistant/datasets/VocalSet/FULL/female4/scales/fast_piano/f4_scales_c_fast_piano_o.wav,3.2728571428571427,female4,female
f4_scales_c_fast_piano_u,Female,f4,Fast_Articulated_Piano,Scale,u,3.51783,/home/evgeniy/Projects/VocalAssistant/datasets/VocalSet/FULL/female4/scales/fast_piano/f4_scales_c_fast_piano_u.wav,3.528548752834467,female4,female
f4_scales_c_slow_forte_u,Female,f4,Slow_Legato_Forte,Scale,u,12.55039,/home/evgeniy/Projects/VocalAssistant/datasets/VocalSet/FULL/female4/scales/slow_forte/f4_scales_c_slow_forte_u.wav,12.554399092970522,female4,female
f4_scales_c_slow_piano_a,Female,f4,Slow_Legato_Piano,Scale,a,12.6781,/home/evgeniy/Projects/VocalAssistant/datasets/VocalSet/FULL/female4/scales/slow_piano/f4_scales_c_slow_piano_a.wav,12.679637188208616,female4,female
f4_scales_c_slow_piano_e,Female,f4,Slow_Legato_Piano,Scale,e,12.06277,/home/evgeniy/Projects/VocalAssistant/datasets/VocalSet/FULL/female4/scales/slow_piano/f4_scales_c_slow_piano_e.wav,12.07002267573696,female4,female
f4_scales_c_slow_piano_i,Female,f4,Slow_Legato_Piano,Scale,i,12.6781,/home/evgeniy/Projects/VocalAssistant/datasets/VocalSet/FULL/female4/scales/slow_piano/f4_scales_c_slow_piano_i.wav,12.679637188208616,female4,female
f4_scales_c_slow_piano_o,Female,f4,Slow_Legato_Piano,Scale,o,12.92191,/home/evgeniy/Projects/VocalAssistant/datasets/VocalSet/FULL/female4/scales/slow_piano/f4_scales_c_slow_piano_o.wav,12.92344671201814,female4,female
f4_scales_c_slow_piano_u,Female,f4,Slow_Legato_Piano,Scale,u,12.55039,/home/evgeniy/Projects/VocalAssistant/datasets/VocalSet/FULL/female4/scales/slow_piano/f4_scales_c_slow_piano_u.wav,12.557709750566891,female4,female
f4_scales_lip_trill_a,Female,f4,Lip_Trill,Scale,a,7.58132,/home/evgeniy/Projects/VocalAssistant/datasets/VocalSet/FULL/female4/scales/lip_trill/f4_scales_lip_trill_a.wav,7.590249433106576,female4,female
f4_scales_lip_trill_e,Female,f4,Lip_Trill,Scale,e,7.66259,/home/evgeniy/Projects/VocalAssistant/datasets/VocalSet/FULL/female4/scales/lip_trill/f4_scales_lip_trill_e.wav,7.67015873015873,female4,female
f4_scales_lip_trill_i,Female,f4,Lip_Trill,Scale,i,7.66259,/home/evgeniy/Projects/VocalAssistant/datasets/VocalSet/FULL/female4/scales/lip_trill/f4_scales_lip_trill_i.wav,7.670136054421769,female4,female
f4_scales_lip_trill_o,Female,f4,Lip_Trill,Scale,o,6.8615,/home/evgeniy/Projects/VocalAssistant/datasets/VocalSet/FULL/female4/scales/lip_trill/f4_scales_lip_trill_o.wav,6.871179138321995,female4,female
f4_scales_lip_trill_u,Female,f4,Lip_Trill,Scale,u,7.34912,/home/evgeniy/Projects/VocalAssistant/datasets/VocalSet/FULL/female4/scales/lip_trill/f4_scales_lip_trill_u.wav,7.350566893424037,female4,female
f4_scales_vibrato_a,Female,f4,MoltoVibrato,Scale,a,6.90794,/home/evgeniy/Projects/VocalAssistant/datasets/VocalSet/FULL/female4/scales/vibrato/f4_scales_vibrato_a.wav,6.910272108843538,female4,female
f4_scales_vibrato_e,Female,f4,MoltoVibrato,Scale,e,6.78023,/home/evgeniy/Projects/VocalAssistant/datasets/VocalSet/FULL/female4/scales/vibrato/f4_scales_vibrato_e.wav,6.787981859410431,female4,female
f4_scales_vibrato_i,Female,f4,MoltoVibrato,Scale,i,6.47837,/home/evgeniy/Projects/VocalAssistant/datasets/VocalSet/FULL/female4/scales/vibrato/f4_scales_vibrato_i.wav,6.482199546485261,female4,female
f4_scales_vibrato_o,Female,f4,MoltoVibrato,Scale,o,6.66413,/home/evgeniy/Projects/VocalAssistant/datasets/VocalSet/FULL/female4/scales/vibrato/f4_scales_vibrato_o.wav,6.6656689342403626,female4,female
f4_scales_vibrato_u,Female,f4,MoltoVibrato,Scale,u,6.72218,/home/evgeniy/Projects/VocalAssistant/datasets/VocalSet/FULL/female4/scales/vibrato/f4_scales_vibrato_u.wav,6.726802721088435,female4,female
f5_arpeggios_belt_a,Female,f5,Belt_Harsh,Arpeggio,a,7.26785,/home/evgeniy/Projects/VocalAssistant/datasets/VocalSet/FULL/female5/arpeggios/belt/f5_arpeggios_belt_a.wav,7.27843537414966,female5,female
f5_arpeggios_belt_e,Female,f5,Belt_Harsh,Arpeggio,e,6.67574,/home/evgeniy/Projects/VocalAssistant/datasets/VocalSet/FULL/female5/arpeggios/belt/f5_arpeggios_belt_e.wav,6.682925170068027,female5,female
f5_arpeggios_belt_i,Female,f5,Belt_Harsh,Arpeggio,i,7.60454,/home/evgeniy/Projects/VocalAssistant/datasets/VocalSet/FULL/female5/arpeggios/belt/f5_arpeggios_belt_i.wav,7.609297052154195,female5,female
f5_arpeggios_belt_o,Female,f5,Belt_Harsh,Arpeggio,o,7.33751,/home/evgeniy/Projects/VocalAssistant/datasets/VocalSet/FULL/female5/arpeggios/belt/f5_arpeggios_belt_o.wav,7.344625850340136,female5,female
f5_arpeggios_belt_u,Female,f5,Belt_Harsh,Arpeggio,u,7.60454,/home/evgeniy/Projects/VocalAssistant/datasets/VocalSet/FULL/female5/arpeggios/belt/f5_arpeggios_belt_u.wav,7.609297052154195,female5,female
f5_arpeggios_breathy_a,Female,f5,VeryBreathy,Arpeggio,a,9.26476,/home/evgeniy/Projects/VocalAssistant/datasets/VocalSet/FULL/female5/arpeggios/breathy/f5_arpeggios_breathy_a.wav,9.274920634920637,female5,female
f5_arpeggios_breathy_e,Female,f5,VeryBreathy,Arpeggio,e,7.46522,/home/evgeniy/Projects/VocalAssistant/datasets/VocalSet/FULL/female5/arpeggios/breathy/f5_arpeggios_breathy_e.wav,7.476734693877551,female5,female
f5_arpeggios_breathy_i,Female,f5,VeryBreathy,Arpeggio,i,8.89325,/home/evgeniy/Projects/VocalAssistant/datasets/VocalSet/FULL/female5/arpeggios/breathy/f5_arpeggios_breathy_i.wav,8.896371882086168,female5,female
f5_arpeggios_breathy_o,Female,f5,VeryBreathy,Arpeggio,o,8.80037,/home/evgeniy/Projects/VocalAssistant/datasets/VocalSet/FULL/female5/arpeggios/breathy/f5_arpeggios_breathy_o.wav,8.80172335600907,female5,female
f5_arpeggios_breathy_u,Female,f5,VeryBreathy,Arpeggio,u,8.32436,/home/evgeniy/Projects/VocalAssistant/datasets/VocalSet/FULL/female5/arpeggios/breathy/f5_arpeggios_breathy_u.wav,8.328526077097505,female5,female
f5_arpeggios_c_fast_forte_a,Female,f5,Fast_Articulated_Forte,Arpeggio,a,2.35683,/home/evgeniy/Projects/VocalAssistant/datasets/VocalSet/FULL/female5/arpeggios/fast_forte/f5_arpeggios_c_fast_forte_a.wav,2.366643990929705,female5,female
f5_arpeggios_c_fast_forte_e,Female,f5,Fast_Articulated_Forte,Arpeggio,e,2.62386,/home/evgeniy/Projects/VocalAssistant/datasets/VocalSet/FULL/female5/arpeggios/fast_forte/f5_arpeggios_c_fast_forte_e.wav,2.6296145124716555,female5,female
f5_arpeggios_c_fast_forte_i,Female,f5,Fast_Articulated_Forte,Arpeggio,i,3.06504,/home/evgeniy/Projects/VocalAssistant/datasets/VocalSet/FULL/female5/arpeggios/fast_forte/f5_arpeggios_c_fast_forte_i.wav,3.067868480725624,female5,female
f5_arpeggios_c_fast_forte_o,Female,f5,Fast_Articulated_Forte,Arpeggio,o,2.79801,/home/evgeniy/Projects/VocalAssistant/datasets/VocalSet/FULL/female5/arpeggios/fast_forte/f5_arpeggios_c_fast_forte_o.wav,2.804920634920635,female5,female
f5_arpeggios_c_fast_forte_u,Female,f5,Fast_Articulated_Forte,Arpeggio,u,3.06504,/home/evgeniy/Projects/VocalAssistant/datasets/VocalSet/FULL/female5/arpeggios/fast_forte/f5_arpeggios_c_fast_forte_u.wav,3.067868480725624,female5,female
f5_arpeggios_c_fast_piano_a,Female,f5,Fast_Articulated_Piano,Arpeggio,a,2.44971,/home/evgeniy/Projects/VocalAssistant/datasets/VocalSet/FULL/female5/arpeggios/fast_piano/f5_arpeggios_c_fast_piano_a.wav,2.456825396825397,female5,female
f5_arpeggios_c_fast_piano_e,Female,f5,Fast_Articulated_Piano,Arpeggio,e,2.56581,/home/evgeniy/Projects/VocalAssistant/datasets/VocalSet/FULL/female5/arpeggios/fast_piano/f5_arpeggios_c_fast_piano_e.wav,2.5766666666666667,female5,female
f5_arpeggios_c_fast_piano_i,Female,f5,Fast_Articulated_Piano,Arpeggio,i,2.14785,/home/evgeniy/Projects/VocalAssistant/datasets/VocalSet/FULL/female5/arpeggios/fast_piano/f5_arpeggios_c_fast_piano_i.wav,2.1572108843537414,female5,female
f5_arpeggios_c_fast_piano_o,Female,f5,Fast_Articulated_Piano,Arpeggio,o,2.03175,/home/evgeniy/Projects/VocalAssistant/datasets/VocalSet/FULL/female5/arpeggios/fast_piano/f5_arpeggios_c_fast_piano_o.wav,2.037369614512472,female5,female
f5_arpeggios_c_fast_piano_u,Female,f5,Fast_Articulated_Piano,Arpeggio,u,2.03175,/home/evgeniy/Projects/VocalAssistant/datasets/VocalSet/FULL/female5/arpeggios/fast_piano/f5_arpeggios_c_fast_piano_u.wav,2.037369614512472,female5,female
f5_arpeggios_c_slow_piano_a,Female,f5,Slow_Legato_Piano,Arpeggio,a,7.89479,/home/evgeniy/Projects/VocalAssistant/datasets/VocalSet/FULL/female5/arpeggios/slow_piano/f5_arpeggios_c_slow_piano_a.wav,7.899092970521542,female5,female
f5_arpeggios_c_slow_piano_e,Female,f5,Slow_Legato_Piano,Arpeggio,e,7.37234,/home/evgeniy/Projects/VocalAssistant/datasets/VocalSet/FULL/female5/arpeggios/slow_piano/f5_arpeggios_c_slow_piano_e.wav,7.379410430839002,female5,female
f5_arpeggios_c_slow_piano_i,Female,f5,Slow_Legato_Piano,Arpeggio,i,8.10377,/home/evgeniy/Projects/VocalAssistant/datasets/VocalSet/FULL/female5/arpeggios/slow_piano/f5_arpeggios_c_slow_piano_i.wav,8.106961451247166,female5,female
f5_arpeggios_c_slow_piano_o,Female,f5,Slow_Legato_Piano,Arpeggio,o,8.7191,/home/evgeniy/Projects/VocalAssistant/datasets/VocalSet/FULL/female5/arpeggios/slow_piano/f5_arpeggios_c_slow_piano_o.wav,8.730566893424037,female5,female
f5_arpeggios_c_slow_piano_u,Female,f5,Slow_Legato_Piano,Arpeggio,u,9.55501,/home/evgeniy/Projects/VocalAssistant/datasets/VocalSet/FULL/female5/arpeggios/slow_piano/f5_arpeggios_c_slow_piano_u.wav,9.562040816326531,female5,female
f5_arpeggios_f_fast_forte_a,Female,f5,Fast_Articulated_Forte,Arpeggio,a,3.32046,/home/evgeniy/Projects/VocalAssistant/datasets/VocalSet/FULL/female5/arpeggios/fast_forte/f5_arpeggios_f_fast_forte_a.wav,3.330839002267574,female5,female
f5_arpeggios_f_fast_forte_e,Female,f5,Fast_Articulated_Forte,Arpeggio,e,3.23919,/home/evgeniy/Projects/VocalAssistant/datasets/VocalSet/FULL/female5/arpeggios/fast_forte/f5_arpeggios_f_fast_forte_e.wav,3.243174603174604,female5,female
f5_arpeggios_f_fast_forte_i,Female,f5,Fast_Articulated_Forte,Arpeggio,i,3.06504,/home/evgeniy/Projects/VocalAssistant/datasets/VocalSet/FULL/female5/arpeggios/fast_forte/f5_arpeggios_f_fast_forte_i.wav,3.067868480725624,female5,female
f5_arpeggios_f_fast_forte_o,Female,f5,Fast_Articulated_Forte,Arpeggio,o,2.79801,/home/evgeniy/Projects/VocalAssistant/datasets/VocalSet/FULL/female5/arpeggios/fast_forte/f5_arpeggios_f_fast_forte_o.wav,2.8048979591836734,female5,female
f5_arpeggios_f_fast_forte_u,Female,f5,Fast_Articulated_Forte,Arpeggio,u,2.89089,/home/evgeniy/Projects/VocalAssistant/datasets/VocalSet/FULL/female5/arpeggios/fast_forte/f5_arpeggios_f_fast_forte_u.wav,2.892585034013605,female5,female
f5_arpeggios_f_fast_piano_a,Female,f5,Fast_Articulated_Piano,Arpeggio,a,2.03175,/home/evgeniy/Projects/VocalAssistant/datasets/VocalSet/FULL/female5/arpeggios/fast_piano/f5_arpeggios_f_fast_piano_a.wav,2.037369614512472,female5,female
f5_arpeggios_f_fast_piano_e,Female,f5,Fast_Articulated_Piano,Arpeggio,e,2.44971,/home/evgeniy/Projects/VocalAssistant/datasets/VocalSet/FULL/female5/arpeggios/fast_piano/f5_arpeggios_f_fast_piano_e.wav,2.456825396825397,female5,female
f5_arpeggios_f_fast_piano_i,Female,f5,Fast_Articulated_Piano,Arpeggio,i,2.33361,/home/evgeniy/Projects/VocalAssistant/datasets/VocalSet/FULL/female5/arpeggios/fast_piano/f5_arpeggios_f_fast_piano_i.wav,2.336984126984127,female5,female
f5_arpeggios_f_fast_piano_o,Female,f5,Fast_Articulated_Piano,Arpeggio,o,2.0898,/home/evgeniy/Projects/VocalAssistant/datasets/VocalSet/FULL/female5/arpeggios/fast_piano/f5_arpeggios_f_fast_piano_o.wav,2.0972789115646258,female5,female
f5_arpeggios_f_fast_piano_u,Female,f5,Fast_Articulated_Piano,Arpeggio,u,2.50776,/home/evgeniy/Projects/VocalAssistant/datasets/VocalSet/FULL/female5/arpeggios/fast_piano/f5_arpeggios_f_fast_piano_u.wav,2.5167573696145125,female5,female
f5_arpeggios_f_slow_forte_i,Female,f5,Slow_Legato_Forte,Arpeggio,i,8.35919,/home/evgeniy/Projects/VocalAssistant/datasets/VocalSet/FULL/female5/arpeggios/slow_forte/f5_arpeggios_f_slow_forte_i.wav,8.364580498866212,female5,female
f5_arpeggios_f_slow_forte_o,Female,f5,Slow_Legato_Forte,Arpeggio,o,7.63937,/home/evgeniy/Projects/VocalAssistant/datasets/VocalSet/FULL/female5/arpeggios/slow_forte/f5_arpeggios_f_slow_forte_o.wav,7.641700680272109,female5,female
f5_arpeggios_f_slow_piano_a,Female,f5,Slow_Legato_Piano,Arpeggio,a,7.58132,/home/evgeniy/Projects/VocalAssistant/datasets/VocalSet/FULL/female5/arpeggios/slow_piano/f5_arpeggios_f_slow_piano_a.wav,7.587278911564626,female5,female
f5_arpeggios_f_slow_piano_e,Female,f5,Slow_Legato_Piano,Arpeggio,e,8.20826,/home/evgeniy/Projects/VocalAssistant/datasets/VocalSet/FULL/female5/arpeggios/slow_piano/f5_arpeggios_f_slow_piano_e.wav,8.210907029478458,female5,female
f5_arpeggios_f_slow_piano_i,Female,f5,Slow_Legato_Piano,Arpeggio,i,8.20826,/home/evgeniy/Projects/VocalAssistant/datasets/VocalSet/FULL/female5/arpeggios/slow_piano/f5_arpeggios_f_slow_piano_i.wav,8.210907029478458,female5,female
f5_arpeggios_f_slow_piano_o,Female,f5,Slow_Legato_Piano,Arpeggio,o,8.52173,/home/evgeniy/Projects/VocalAssistant/datasets/VocalSet/FULL/female5/arpeggios/slow_piano/f5_arpeggios_f_slow_piano_o.wav,8.522698412698412,female5,female
f5_arpeggios_f_slow_piano_u,Female,f5,Slow_Legato_Piano,Arpeggio,u,8.31275,/home/evgeniy/Projects/VocalAssistant/datasets/VocalSet/FULL/female5/arpeggios/slow_piano/f5_arpeggios_f_slow_piano_u.wav,8.314829931972788,female5,female
f5_arpeggios_lip_trill_a,Female,f5,Lip_Trill,Arpeggio,a,7.70903,/home/evgeniy/Projects/VocalAssistant/datasets/VocalSet/FULL/female5/arpeggios/lip_trill/f5_arpeggios_lip_trill_a.wav,7.712630385487528,female5,female
f5_arpeggios_lip_trill_e,Female,f5,Lip_Trill,Arpeggio,e,7.50005,/home/evgeniy/Projects/VocalAssistant/datasets/VocalSet/FULL/female5/arpeggios/lip_trill/f5_arpeggios_lip_trill_e.wav,7.509659863945578,female5,female
f5_arpeggios_lip_trill_i,Female,f5,Lip_Trill,Arpeggio,i,6.68735,/home/evgeniy/Projects/VocalAssistant/datasets/VocalSet/FULL/female5/arpeggios/lip_trill/f5_arpeggios_lip_trill_i.wav,6.69780045351474,female5,female
f5_arpeggios_lip_trill_o,Female,f5,Lip_Trill,Arpeggio,o,6.59447,/home/evgeniy/Projects/VocalAssistant/datasets/VocalSet/FULL/female5/arpeggios/lip_trill/f5_arpeggios_lip_trill_o.wav,6.596326530612245,female5,female
f5_arpeggios_straight_a,Female,f5,Slow_StraightTone,Arpeggio,a,7.73225,/home/evgeniy/Projects/VocalAssistant/datasets/VocalSet/FULL/female5/arpeggios/straight/f5_arpeggios_straight_a.wav,7.742358276643991,female5,female
f5_arpeggios_straight_e,Female,f5,Slow_StraightTone,Arpeggio,e,7.07048,/home/evgeniy/Projects/VocalAssistant/datasets/VocalSet/FULL/female5/arpeggios/straight/f5_arpeggios_straight_e.wav,7.081451247165533,female5,female
f5_arpeggios_straight_i,Female,f5,Slow_StraightTone,Arpeggio,i,8.0225,/home/evgeniy/Projects/VocalAssistant/datasets/VocalSet/FULL/female5/arpeggios/straight/f5_arpeggios_straight_i.wav,8.025623582766439,female5,female
f5_arpeggios_straight_o,Female,f5,Slow_StraightTone,Arpeggio,o,8.87003,/home/evgeniy/Projects/VocalAssistant/datasets/VocalSet/FULL/female5/arpeggios/straight/f5_arpeggios_straight_o.wav,8.875396825396825,female5,female
f5_arpeggios_straight_u,Female,f5,Slow_StraightTone,Arpeggio,u,8.20826,/home/evgeniy/Projects/VocalAssistant/datasets/VocalSet/FULL/female5/arpeggios/straight/f5_arpeggios_straight_u.wav,8.214467120181405,female5,female
f5_arpeggios_vibrato_a,Female,f5,Slow_MoltoVibrato,Arpeggio,a,9.78721,/home/evgeniy/Projects/VocalAssistant/datasets/VocalSet/FULL/female5/arpeggios/vibrato/f5_arpeggios_vibrato_a.wav,9.797891156462583,female5,female
f5_arpeggios_vibrato_e,Female,f5,Slow_MoltoVibrato,Arpeggio,e,9.38086,/home/evgeniy/Projects/VocalAssistant/datasets/VocalSet/FULL/female5/arpeggios/vibrato/f5_arpeggios_vibrato_e.wav,9.38095238095238,female5,female
f5_arpeggios_vibrato_i,Female,f5,Slow_MoltoVibrato,Arpeggio,i,8.75393,/home/evgeniy/Projects/VocalAssistant/datasets/VocalSet/FULL/female5/arpeggios/vibrato/f5_arpeggios_vibrato_i.wav,8.755555555555556,female5,female
f5_arpeggios_vibrato_o,Female,f5,Slow_MoltoVibrato,Arpeggio,o,8.96291,/home/evgeniy/Projects/VocalAssistant/datasets/VocalSet/FULL/female5/arpeggios/vibrato/f5_arpeggios_vibrato_o.wav,8.964013605442178,female5,female
f5_arpeggios_vibrato_u,Female,f5,Slow_MoltoVibrato,Arpeggio,u,9.38086,/home/evgeniy/Projects/VocalAssistant/datasets/VocalSet/FULL/female5/arpeggios/vibrato/f5_arpeggios_vibrato_u.wav,9.38095238095238,female5,female
f5_caro_straight,Female,f5,StraightTone,MusicalExcerp_Caro,,44.87257,/home/evgeniy/Projects/VocalAssistant/datasets/VocalSet/FULL/female5/excerpts/straight/f5_caro_straight.wav,44.88401360544218,female5,female
f5_caro_vibrato,Female,f5,MoltoVibrato,MusicalExcerp_Caro,o,48.10014,/home/evgeniy/Projects/VocalAssistant/datasets/VocalSet/FULL/female5/excerpts/vibrato/f5_caro_vibrato.wav,48.10244897959184,female5,female
f5_dona_straight,Female,f5,StraightTone,MusicalExcerp_Dona,,21.68744,/home/evgeniy/Projects/VocalAssistant/datasets/VocalSet/FULL/female5/excerpts/straight/f5_dona_straight.wav,21.68814058956916,female5,female
f5_dona_vibrato,Female,f5,MoltoVibrato,MusicalExcerp_Dona,o,22.46531,/home/evgeniy/Projects/VocalAssistant/datasets/VocalSet/FULL/female5/excerpts/vibrato/f5_dona_vibrato.wav,22.46668934240363,female5,female
f5_long_forte_a,Female,f5,FullVoice,Long_tones,a,13.56046,/home/evgeniy/Projects/VocalAssistant/datasets/VocalSet/FULL/female5/long_tones/forte/f5_long_forte_a.wav,13.565873015873017,female5,female
f5_long_forte_e,Female,f5,FullVoice,Long_tones,e,14.51247,/home/evgeniy/Projects/VocalAssistant/datasets/VocalSet/FULL/female5/long_tones/forte/f5_long_forte_e.wav,14.521201814058957,female5,female
f5_long_forte_i,Female,f5,FullVoice,Long_tones,i,16.33524,/home/evgeniy/Projects/VocalAssistant/datasets/VocalSet/FULL/female5/long_tones/forte/f5_long_forte_i.wav,16.33637188208617,female5,female
f5_long_forte_o,Female,f5,FullVoice,Long_tones,o,15.4761,/home/evgeniy/Projects/VocalAssistant/datasets/VocalSet/FULL/female5/long_tones/forte/f5_long_forte_o.wav,15.47655328798186,female5,female
f5_long_forte_u,Female,f5,FullVoice,Long_tones,u,14.03647,/home/evgeniy/Projects/VocalAssistant/datasets/VocalSet/FULL/female5/long_tones/forte/f5_long_forte_u.wav,14.043560090702949,female5,female
f5_long_messa_a,Female,f5,MessaDiVoce,Long_tones,a,15.54576,/home/evgeniy/Projects/VocalAssistant/datasets/VocalSet/FULL/female5/long_tones/messa/f5_long_messa_a.wav,15.55283446712018,female5,female
f5_long_messa_e,Female,f5,MessaDiVoce,Long_tones,e,16.88091,/home/evgeniy/Projects/VocalAssistant/datasets/VocalSet/FULL/female5/long_tones/messa/f5_long_messa_e.wav,16.88215419501134,female5,female
f5_long_messa_i,Female,f5,MessaDiVoce,Long_tones,i,19.53959,/home/evgeniy/Projects/VocalAssistant/datasets/VocalSet/FULL/female5/long_tones/messa/f5_long_messa_i.wav,19.540748299319727,female5,female
f5_long_messa_o,Female,f5,MessaDiVoce,Long_tones,o,18.47148,/home/evgeniy/Projects/VocalAssistant/datasets/VocalSet/FULL/female5/long_tones/messa/f5_long_messa_o.wav,18.477301587301582,female5,female
f5_long_messa_u,Female,f5,MessaDiVoce,Long_tones,u,19.00554,/home/evgeniy/Projects/VocalAssistant/datasets/VocalSet/FULL/female5/long_tones/messa/f5_long_messa_u.wav,19.009024943310656,female5,female
f5_long_straight_a,Female,f5,StraightTone,Long_tones,a,12.80581,/home/evgeniy/Projects/VocalAssistant/datasets/VocalSet/FULL/female5/long_tones/straight/f5_long_straight_a.wav,12.813197278911565,female5,female
f5_long_straight_e,Female,f5,StraightTone,Long_tones,e,15.7083,/home/evgeniy/Projects/VocalAssistant/datasets/VocalSet/FULL/female5/long_tones/straight/f5_long_straight_e.wav,15.712539682539685,female5,female
f5_long_straight_i,Female,f5,StraightTone,Long_tones,i,15.89406,/home/evgeniy/Projects/VocalAssistant/datasets/VocalSet/FULL/female5/long_tones/straight/f5_long_straight_i.wav,15.899591836734691,female5,female
f5_long_straight_o,Female,f5,StraightTone,Long_tones,o,16.6371,/home/evgeniy/Projects/VocalAssistant/datasets/VocalSet/FULL/female5/long_tones/straight/f5_long_straight_o.wav,16.64780045351474,female5,female
f5_long_straight_u,Female,f5,StraightTone,Long_tones,u,15.42966,/home/evgeniy/Projects/VocalAssistant/datasets/VocalSet/FULL/female5/long_tones/straight/f5_long_straight_u.wav,15.431950113378685,female5,female
f5_long_trill_a,Female,f5,Trill,Long_tones,a,19.1913,/home/evgeniy/Projects/VocalAssistant/datasets/VocalSet/FULL/female5/long_tones/trill/f5_long_trill_a.wav,19.19548752834467,female5,female
f5_long_trill_e,Female,f5,Trill,Long_tones,e,19.0752,/home/evgeniy/Projects/VocalAssistant/datasets/VocalSet/FULL/female5/long_tones/trill/f5_long_trill_e.wav,19.08641723356009,female5,female
f5_long_trill_i,Female,f5,Trill,Long_tones,i,18.42504,/home/evgeniy/Projects/VocalAssistant/datasets/VocalSet/FULL/female5/long_tones/trill/f5_long_trill_i.wav,18.43204081632653,female5,female
f5_long_trill_o,Female,f5,Trill,Long_tones,o,20.06204,/home/evgeniy/Projects/VocalAssistant/datasets/VocalSet/FULL/female5/long_tones/trill/f5_long_trill_o.wav,20.06800453514739,female5,female
f5_long_trill_u,Female,f5,Trill,Long_tones,u,18.52953,/home/evgeniy/Projects/VocalAssistant/datasets/VocalSet/FULL/female5/long_tones/trill/f5_long_trill_u.wav,18.54108843537415,female5,female
f5_long_trillo_a,Female,f5,Trillo,Long_tones,a,14.7795,/home/evgeniy/Projects/VocalAssistant/datasets/VocalSet/FULL/female5/long_tones/trillo/f5_long_trillo_a.wav,14.784920634920637,female5,female
f5_long_trillo_e,Female,f5,Trillo,Long_tones,e,17.62395,/home/evgeniy/Projects/VocalAssistant/datasets/VocalSet/FULL/female5/long_tones/trillo/f5_long_trillo_e.wav,17.62439909297052,female5,female
f5_long_trillo_i,Female,f5,Trillo,Long_tones,i,17.22921,/home/evgeniy/Projects/VocalAssistant/datasets/VocalSet/FULL/female5/long_tones/trillo/f5_long_trillo_i.wav,17.232743764172337,female5,female
f5_long_trillo_o,Female,f5,Trillo,Long_tones,o,19.08681,/home/evgeniy/Projects/VocalAssistant/datasets/VocalSet/FULL/female5/long_tones/trillo/f5_long_trillo_o.wav,19.09310657596372,female5,female
f5_long_trillo_u,Female,f5,Trillo,Long_tones,u,20.3639,/home/evgeniy/Projects/VocalAssistant/datasets/VocalSet/FULL/female5/long_tones/trillo/f5_long_trillo_u.wav,20.365986394557822,female5,female
f5_row_straight,Female,f5,StraightTone,MusicalExcerp_RowRow,,17.11311,/home/evgeniy/Projects/VocalAssistant/datasets/VocalSet/FULL/female5/excerpts/straight/f5_row_straight.wav,17.116621315192745,female5,female
f5_row_vibrato,Female,f5,MoltoVibrato,MusicalExcerp_RowRow,o,17.83293,/home/evgeniy/Projects/VocalAssistant/datasets/VocalSet/FULL/female5/excerpts/vibrato/f5_row_vibrato.wav,17.834807256235827,female5,female
f5_scales_belt_a,Female,f5,Belt_Harsh,Scale,a,9.85687,/home/evgeniy/Projects/VocalAssistant/datasets/VocalSet/FULL/female5/scales/belt/f5_scales_belt_a.wav,9.865827664399092,female5,female
f5_scales_belt_e,Female,f5,Belt_Harsh,Scale,e,9.85687,/home/evgeniy/Projects/VocalAssistant/datasets/VocalSet/FULL/female5/scales/belt/f5_scales_belt_e.wav,9.865827664399092,female5,female
f5_scales_belt_i,Female,f5,Belt_Harsh,Scale,i,10.05424,/home/evgeniy/Projects/VocalAssistant/datasets/VocalSet/FULL/female5/scales/belt/f5_scales_belt_i.wav,10.059274376417234,female5,female
f5_scales_belt_o,Female,f5,Belt_Harsh,Scale,o,9.76399,/home/evgeniy/Projects/VocalAssistant/datasets/VocalSet/FULL/female5/scales/belt/f5_scales_belt_o.wav,9.769115646258504,female5,female
f5_scales_belt_u,Female,f5,Belt_Harsh,Scale,u,8.69588,/home/evgeniy/Projects/VocalAssistant/datasets/VocalSet/FULL/female5/scales/belt/f5_scales_belt_u.wav,8.70514739229025,female5,female
f5_scales_breathy_e,Female,f5,Breathy,Scale,e,9.6595,/home/evgeniy/Projects/VocalAssistant/datasets/VocalSet/FULL/female5/scales/breathy/f5_scales_breathy_e.wav,9.661678004535148,female5,female
f5_scales_breathy_i,Female,f5,Breathy,Scale,i,10.01941,/home/evgeniy/Projects/VocalAssistant/datasets/VocalSet/FULL/female5/scales/breathy/f5_scales_breathy_i.wav,10.02625850340136,female5,female
f5_scales_breathy_o,Female,f5,Breathy,Scale,o,10.01941,/home/evgeniy/Projects/VocalAssistant/datasets/VocalSet/FULL/female5/scales/breathy/f5_scales_breathy_o.wav,10.026281179138325,female5,female
f5_scales_breathy_u,Female,f5,Breathy,Scale,u,9.92653,/home/evgeniy/Projects/VocalAssistant/datasets/VocalSet/FULL/female5/scales/breathy/f5_scales_breathy_u.wav,9.935124716553288,female5,female
f5_scales_c_fast_forte_a,Female,f5,Fast_Articulated_Forte,Scale,a,3.97061,/home/evgeniy/Projects/VocalAssistant/datasets/VocalSet/FULL/female5/scales/fast_forte/f5_scales_c_fast_forte_a.wav,3.976462585034013,female5,female
f5_scales_c_fast_forte_e,Female,f5,Fast_Articulated_Forte,Scale,e,3.7152,/home/evgeniy/Projects/VocalAssistant/datasets/VocalSet/FULL/female5/scales/fast_forte/f5_scales_c_fast_forte_e.wav,3.722630385487528,female5,female
f5_scales_c_fast_forte_i,Female,f5,Fast_Articulated_Forte,Scale,i,4.22603,/home/evgeniy/Projects/VocalAssistant/datasets/VocalSet/FULL/female5/scales/fast_forte/f5_scales_c_fast_forte_i.wav,4.230272108843537,female5,female
f5_scales_c_fast_forte_o,Female,f5,Fast_Articulated_Forte,Scale,o,3.97061,/home/evgeniy/Projects/VocalAssistant/datasets/VocalSet/FULL/female5/scales/fast_forte/f5_scales_c_fast_forte_o.wav,3.976439909297052,female5,female
f5_scales_c_fast_forte_u,Female,f5,Fast_Articulated_Forte,Scale,u,4.14476,/home/evgeniy/Projects/VocalAssistant/datasets/VocalSet/FULL/female5/scales/fast_forte/f5_scales_c_fast_forte_u.wav,4.145668934240363,female5,female
f5_scales_c_fast_piano_a,Female,f5,Fast_Articulated_Piano,Scale,a,3.43656,/home/evgeniy/Projects/VocalAssistant/datasets/VocalSet/FULL/female5/scales/fast_piano/f5_scales_c_fast_piano_a.wav,3.447052154195011,female5,female
f5_scales_c_fast_piano_e,Female,f5,Fast_Articulated_Piano,Scale,e,3.22758,/home/evgeniy/Projects/VocalAssistant/datasets/VocalSet/FULL/female5/scales/fast_piano/f5_scales_c_fast_piano_e.wav,3.238140589569161,female5,female
f5_scales_c_fast_piano_i,Female,f5,Fast_Articulated_Piano,Scale,i,3.43656,/home/evgeniy/Projects/VocalAssistant/datasets/VocalSet/FULL/female5/scales/fast_piano/f5_scales_c_fast_piano_i.wav,3.447052154195011,female5,female
f5_scales_c_fast_piano_o,Female,f5,Fast_Articulated_Piano,Scale,o,3.64554,/home/evgeniy/Projects/VocalAssistant/datasets/VocalSet/FULL/female5/scales/fast_piano/f5_scales_c_fast_piano_o.wav,3.655963718820862,female5,female
f5_scales_c_fast_piano_u,Female,f5,Fast_Articulated_Piano,Scale,u,3.43656,/home/evgeniy/Projects/VocalAssistant/datasets/VocalSet/FULL/female5/scales/fast_piano/f5_scales_c_fast_piano_u.wav,3.4470294784580497,female5,female
f5_scales_c_slow_forte_o,Female,f5,Slow_Legato_Forte,Scale,o,9.78721,/home/evgeniy/Projects/VocalAssistant/datasets/VocalSet/FULL/female5/scales/slow_forte/f5_scales_c_slow_forte_o.wav,9.787981859410433,female5,female
f5_scales_c_slow_piano_a,Female,f5,Slow_Legato_Piano,Scale,a,10.01941,/home/evgeniy/Projects/VocalAssistant/datasets/VocalSet/FULL/female5/scales/slow_piano/f5_scales_c_slow_piano_a.wav,10.028503401360544,female5,female
f5_scales_c_slow_piano_e,Female,f5,Slow_Legato_Piano,Scale,e,9.6595,/home/evgeniy/Projects/VocalAssistant/datasets/VocalSet/FULL/female5/scales/slow_piano/f5_scales_c_slow_piano_e.wav,9.661587301587302,female5,female
f5_scales_c_slow_piano_i,Female,f5,Slow_Legato_Piano,Scale,i,9.28798,/home/evgeniy/Projects/VocalAssistant/datasets/VocalSet/FULL/female5/scales/slow_piano/f5_scales_c_slow_piano_i.wav,9.29469387755102,female5,female
f5_scales_c_slow_piano_o,Female,f5,Slow_Legato_Piano,Scale,o,9.53179,/home/evgeniy/Projects/VocalAssistant/datasets/VocalSet/FULL/female5/scales/slow_piano/f5_scales_c_slow_piano_o.wav,9.539297052154197,female5,female
f5_scales_c_slow_piano_u,Female,f5,Slow_Legato_Piano,Scale,u,10.01941,/home/evgeniy/Projects/VocalAssistant/datasets/VocalSet/FULL/female5/scales/slow_piano/f5_scales_c_slow_piano_u.wav,10.028503401360544,female5,female
f5_scales_f_fast_forte_a,Female,f5,Fast_Articulated_Forte,Scale,a,3.97061,/home/evgeniy/Projects/VocalAssistant/datasets/VocalSet/FULL/female5/scales/fast_forte/f5_scales_f_fast_forte_a.wav,3.976462585034013,female5,female
f5_scales_f_fast_forte_e,Female,f5,Fast_Articulated_Forte,Scale,e,4.38857,/home/evgeniy/Projects/VocalAssistant/datasets/VocalSet/FULL/female5/scales/fast_forte/f5_scales_f_fast_forte_e.wav,4.399501133786848,female5,female
f5_scales_f_fast_forte_i,Female,f5,Fast_Articulated_Forte,Scale,i,4.3073,/home/evgeniy/Projects/VocalAssistant/datasets/VocalSet/FULL/female5/scales/fast_forte/f5_scales_f_fast_forte_i.wav,4.314897959183673,female5,female
f5_scales_f_fast_forte_o,Female,f5,Fast_Articulated_Forte,Scale,o,3.55266,/home/evgeniy/Projects/VocalAssistant/datasets/VocalSet/FULL/female5/scales/fast_forte/f5_scales_f_fast_forte_o.wav,3.553446712018141,female5,female
f5_scales_f_fast_forte_u,Female,f5,Fast_Articulated_Forte,Scale,u,4.05188,/home/evgeniy/Projects/VocalAssistant/datasets/VocalSet/FULL/female5/scales/fast_forte/f5_scales_f_fast_forte_u.wav,4.061065759637188,female5,female
f5_scales_f_fast_piano_a,Female,f5,Fast_Articulated_Piano,Scale,a,4.27247,/home/evgeniy/Projects/VocalAssistant/datasets/VocalSet/FULL/female5/scales/fast_piano/f5_scales_f_fast_piano_a.wav,4.282675736961451,female5,female
f5_scales_f_fast_piano_e,Female,f5,Fast_Articulated_Piano,Scale,e,3.959,/home/evgeniy/Projects/VocalAssistant/datasets/VocalSet/FULL/female5/scales/fast_piano/f5_scales_f_fast_piano_e.wav,3.969319727891156,female5,female
f5_scales_f_fast_piano_i,Female,f5,Fast_Articulated_Piano,Scale,i,3.33207,/home/evgeniy/Projects/VocalAssistant/datasets/VocalSet/FULL/female5/scales/fast_piano/f5_scales_f_fast_piano_i.wav,3.3425850340136054,female5,female
f5_scales_f_fast_piano_o,Female,f5,Fast_Articulated_Piano,Scale,o,3.959,/home/evgeniy/Projects/VocalAssistant/datasets/VocalSet/FULL/female5/scales/fast_piano/f5_scales_f_fast_piano_o.wav,3.969319727891156,female5,female
f5_scales_f_fast_piano_u,Female,f5,Fast_Articulated_Piano,Scale,u,3.64554,/home/evgeniy/Projects/VocalAssistant/datasets/VocalSet/FULL/female5/scales/fast_piano/f5_scales_f_fast_piano_u.wav,3.6559410430839,female5,female
f5_scales_f_slow_forte_i,Female,f5,Slow_Legato_Forte,Scale,i,10.50703,/home/evgeniy/Projects/VocalAssistant/datasets/VocalSet/FULL/female5/scales/slow_forte/f5_scales_f_slow_forte_i.wav,10.51843537414966,female5,female
f5_scales_f_slow_forte_o,Female,f5,Slow_Legato_Forte,Scale,o,10.50703,/home/evgeniy/Projects/VocalAssistant/datasets/VocalSet/FULL/female5/scales/slow_forte/f5_scales_f_slow_forte_o.wav,10.51843537414966,female5,female
f5_scales_f_slow_piano_a,Female,f5,Slow_Legato_Piano,Scale,a,9.53179,/home/evgeniy/Projects/VocalAssistant/datasets/VocalSet/FULL/female5/scales/slow_piano/f5_scales_f_slow_piano_a.wav,9.539297052154197,female5,female
f5_scales_f_slow_piano_e,Female,f5,Slow_Legato_Piano,Scale,e,9.41569,/home/evgeniy/Projects/VocalAssistant/datasets/VocalSet/FULL/female5/scales/slow_piano/f5_scales_f_slow_piano_e.wav,9.416984126984127,female5,female
f5_scales_f_slow_piano_i,Female,f5,Slow_Legato_Piano,Scale,i,9.7756,/home/evgeniy/Projects/VocalAssistant/datasets/VocalSet/FULL/female5/scales/slow_piano/f5_scales_f_slow_piano_i.wav,9.78390022675737,female5,female
f5_scales_f_slow_piano_o,Female,f5,Slow_Legato_Piano,Scale,o,9.17188,/home/evgeniy/Projects/VocalAssistant/datasets/VocalSet/FULL/female5/scales/slow_piano/f5_scales_f_slow_piano_o.wav,9.172426303854875,female5,female
f5_scales_f_slow_piano_u,Female,f5,Slow_Legato_Piano,Scale,u,10.14712,/home/evgeniy/Projects/VocalAssistant/datasets/VocalSet/FULL/female5/scales/slow_piano/f5_scales_f_slow_piano_u.wav,10.15079365079365,female5,female
f5_scales_lip_trill_a,Female,f5,Lip_Trill,Scale,a,8.56817,/home/evgeniy/Projects/VocalAssistant/datasets/VocalSet/FULL/female5/scales/lip_trill/f5_scales_lip_trill_a.wav,8.574444444444444,female5,female
f5_scales_lip_trill_e,Female,f5,Lip_Trill,Scale,e,9.07901,/home/evgeniy/Projects/VocalAssistant/datasets/VocalSet/FULL/female5/scales/lip_trill/f5_scales_lip_trill_e.wav,9.08482993197279,female5,female
f5_scales_lip_trill_i,Female,f5,Lip_Trill,Scale,i,8.87003,/home/evgeniy/Projects/VocalAssistant/datasets/VocalSet/FULL/female5/scales/lip_trill/f5_scales_lip_trill_i.wav,8.880657596371883,female5,female
f5_scales_lip_trill_o,Female,f5,Lip_Trill,Scale,o,8.35919,/home/evgeniy/Projects/VocalAssistant/datasets/VocalSet/FULL/female5/scales/lip_trill/f5_scales_lip_trill_o.wav,8.3702947845805,female5,female
f5_scales_lip_trill_u,Female,f5,Lip_Trill,Scale,u,8.77715,/home/evgeniy/Projects/VocalAssistant/datasets/VocalSet/FULL/female5/scales/lip_trill/f5_scales_lip_trill_u.wav,8.77859410430839,female5,female
f5_scales_straight_a,Female,f5,StraightTone,Scale,a,9.11383,/home/evgeniy/Projects/VocalAssistant/datasets/VocalSet/FULL/female5/scales/straight/f5_scales_straight_a.wav,9.119546485260772,female5,female
f5_scales_straight_e,Female,f5,StraightTone,Scale,e,8.69588,/home/evgeniy/Projects/VocalAssistant/datasets/VocalSet/FULL/female5/scales/straight/f5_scales_straight_e.wav,8.699569160997733,female5,female
f5_scales_straight_i,Female,f5,StraightTone,Scale,i,8.99774,/home/evgeniy/Projects/VocalAssistant/datasets/VocalSet/FULL/female5/scales/straight/f5_scales_straight_i.wav,8.999569160997732,female5,female
f5_scales_straight_o,Female,f5,StraightTone,Scale,o,9.05579,/home/evgeniy/Projects/VocalAssistant/datasets/VocalSet/FULL/female5/scales/straight/f5_scales_straight_o.wav,9.059569160997732,female5,female
f5_scales_straight_u,Female,f5,StraightTone,Scale,u,8.92808,/home/evgeniy/Projects/VocalAssistant/datasets/VocalSet/FULL/female5/scales/straight/f5_scales_straight_u.wav,8.93954648526077,female5,female
f5_scales_vibrato_a,Female,f5,MoltoVibrato,Scale,a,10.17034,/home/evgeniy/Projects/VocalAssistant/datasets/VocalSet/FULL/female5/scales/vibrato/f5_scales_vibrato_a.wav,10.17421768707483,female5,female
f5_scales_vibrato_e,Female,f5,MoltoVibrato,Scale,e,9.5434,/home/evgeniy/Projects/VocalAssistant/datasets/VocalSet/FULL/female5/scales/vibrato/f5_scales_vibrato_e.wav,9.554920634920634,female5,female
f5_scales_vibrato_i,Female,f5,MoltoVibrato,Scale,i,10.17034,/home/evgeniy/Projects/VocalAssistant/datasets/VocalSet/FULL/female5/scales/vibrato/f5_scales_vibrato_i.wav,10.17421768707483,female5,female
f5_scales_vibrato_o,Female,f5,MoltoVibrato,Scale,o,10.17034,/home/evgeniy/Projects/VocalAssistant/datasets/VocalSet/FULL/female5/scales/vibrato/f5_scales_vibrato_o.wav,10.17421768707483,female5,female
f5_scales_vibrato_u,Female,f5,MoltoVibrato,Scale,u,10.17034,/home/evgeniy/Projects/VocalAssistant/datasets/VocalSet/FULL/female5/scales/vibrato/f5_scales_vibrato_u.wav,10.17421768707483,female5,female
f6_arpeggios_belt_1_a,Female,f6,Belt_Harsh,Arpeggio,a,7.50005,/home/evgeniy/Projects/VocalAssistant/datasets/VocalSet/FULL/female6/arpeggios/belt/f6_arpeggios_belt_1_a.wav,7.510929705215419,female6,female
f6_arpeggios_belt_1_e,Female,f6,Belt_Harsh,Arpeggio,e,7.29107,/home/evgeniy/Projects/VocalAssistant/datasets/VocalSet/FULL/female6/arpeggios/belt/f6_arpeggios_belt_1_e.wav,7.293832199546485,female6,female
f6_arpeggios_belt_1_i,Female,f6,Belt_Harsh,Arpeggio,i,7.54649,/home/evgeniy/Projects/VocalAssistant/datasets/VocalSet/FULL/female6/arpeggios/belt/f6_arpeggios_belt_1_i.wav,7.554331065759637,female6,female
f6_arpeggios_belt_1_o,Female,f6,Belt_Harsh,Arpeggio,o,7.16336,/home/evgeniy/Projects/VocalAssistant/datasets/VocalSet/FULL/female6/arpeggios/belt/f6_arpeggios_belt_1_o.wav,7.163605442176871,female6,female
f6_arpeggios_belt_1_u,Female,f6,Belt_Harsh,Arpeggio,u,7.24463,/home/evgeniy/Projects/VocalAssistant/datasets/VocalSet/FULL/female6/arpeggios/belt/f6_arpeggios_belt_1_u.wav,7.250430839002267,female6,female
f6_arpeggios_belt_2_a,Female,f6,Belt_Harsh,Arpeggio,a,7.16336,/home/evgeniy/Projects/VocalAssistant/datasets/VocalSet/FULL/female6/arpeggios/belt/f6_arpeggios_belt_2_a.wav,7.164421768707483,female6,female
f6_arpeggios_belt_2_e,Female,f6,Belt_Harsh,Arpeggio,e,6.71057,/home/evgeniy/Projects/VocalAssistant/datasets/VocalSet/FULL/female6/arpeggios/belt/f6_arpeggios_belt_2_e.wav,6.718956916099773,female6,female
f6_arpeggios_belt_2_i,Female,f6,Belt_Harsh,Arpeggio,i,6.60608,/home/evgeniy/Projects/VocalAssistant/datasets/VocalSet/FULL/female6/arpeggios/belt/f6_arpeggios_belt_2_i.wav,6.607596371882086,female6,female
f6_arpeggios_belt_2_o,Female,f6,Belt_Harsh,Arpeggio,o,7.01243,/home/evgeniy/Projects/VocalAssistant/datasets/VocalSet/FULL/female6/arpeggios/belt/f6_arpeggios_belt_2_o.wav,7.015941043083901,female6,female
f6_arpeggios_belt_2_u,Female,f6,Belt_Harsh,Arpeggio,u,7.26785,/home/evgeniy/Projects/VocalAssistant/datasets/VocalSet/FULL/female6/arpeggios/belt/f6_arpeggios_belt_2_u.wav,7.275804988662132,female6,female
f6_arpeggios_breathy_a,Female,f6,VeryBreathy,Arpeggio,a,8.34758,/home/evgeniy/Projects/VocalAssistant/datasets/VocalSet/FULL/female6/arpeggios/breathy/f6_arpeggios_breathy_a.wav,8.347891156462586,female6,female
f6_arpeggios_breathy_e,Female,f6,VeryBreathy,Arpeggio,e,8.47529,/home/evgeniy/Projects/VocalAssistant/datasets/VocalSet/FULL/female6/arpeggios/breathy/f6_arpeggios_breathy_e.wav,8.482539682539683,female6,female
f6_arpeggios_breathy_i,Female,f6,VeryBreathy,Arpeggio,i,8.06894,/home/evgeniy/Projects/VocalAssistant/datasets/VocalSet/FULL/female6/arpeggios/breathy/f6_arpeggios_breathy_i.wav,8.078616780045351,female6,female
f6_arpeggios_breathy_o,Female,f6,VeryBreathy,Arpeggio,o,8.61461,/home/evgeniy/Projects/VocalAssistant/datasets/VocalSet/FULL/female6/arpeggios/breathy/f6_arpeggios_breathy_o.wav,8.61718820861678,female6,female
f6_arpeggios_breathy_u,Female,f6,VeryBreathy,Arpeggio,u,8.11538,/home/evgeniy/Projects/VocalAssistant/datasets/VocalSet/FULL/female6/arpeggios/breathy/f6_arpeggios_breathy_u.wav,8.123492063492064,female6,female
f6_arpeggios_c_fast_forte_a,Female,f6,Fast_Articulated_Forte,Arpeggio,a,2.10141,/home/evgeniy/Projects/VocalAssistant/datasets/VocalSet/FULL/female6/arpeggios/fast_forte/f6_arpeggios_c_fast_forte_a.wav,2.106077097505669,female6,female
f6_arpeggios_c_fast_forte_e,Female,f6,Fast_Articulated_Forte,Arpeggio,e,2.17107,/home/evgeniy/Projects/VocalAssistant/datasets/VocalSet/FULL/female6/arpeggios/fast_forte/f6_arpeggios_c_fast_forte_e.wav,2.175532879818594,female6,female
f6_arpeggios_c_fast_forte_i,Female,f6,Fast_Articulated_Forte,Arpeggio,i,2.14785,/home/evgeniy/Projects/VocalAssistant/datasets/VocalSet/FULL/female6/arpeggios/fast_forte/f6_arpeggios_c_fast_forte_i.wav,2.1523809523809523,female6,female
f6_arpeggios_c_fast_forte_o,Female,f6,Fast_Articulated_Forte,Arpeggio,o,2.35683,/home/evgeniy/Projects/VocalAssistant/datasets/VocalSet/FULL/female6/arpeggios/fast_forte/f6_arpeggios_c_fast_forte_o.wav,2.360657596371882,female6,female
f6_arpeggios_c_fast_forte_u,Female,f6,Fast_Articulated_Forte,Arpeggio,u,2.61225,/home/evgeniy/Projects/VocalAssistant/datasets/VocalSet/FULL/female6/arpeggios/fast_forte/f6_arpeggios_c_fast_forte_u.wav,2.615260770975057,female6,female
f6_arpeggios_c_fast_piano_a,Female,f6,Fast_Articulated_Piano,Arpeggio,a,2.14785,/home/evgeniy/Projects/VocalAssistant/datasets/VocalSet/FULL/female6/arpeggios/fast_piano/f6_arpeggios_c_fast_piano_a.wav,2.1547619047619047,female6,female
f6_arpeggios_c_fast_piano_e,Female,f6,Fast_Articulated_Piano,Arpeggio,e,2.05497,/home/evgeniy/Projects/VocalAssistant/datasets/VocalSet/FULL/female6/arpeggios/fast_piano/f6_arpeggios_c_fast_piano_e.wav,2.056825396825397,female6,female
f6_arpeggios_c_fast_piano_i,Female,f6,Fast_Articulated_Piano,Arpeggio,i,2.17107,/home/evgeniy/Projects/VocalAssistant/datasets/VocalSet/FULL/female6/arpeggios/fast_piano/f6_arpeggios_c_fast_piano_i.wav,2.1743537414965988,female6,female
f6_arpeggios_c_fast_piano_o,Female,f6,Fast_Articulated_Piano,Arpeggio,o,2.11302,/home/evgeniy/Projects/VocalAssistant/datasets/VocalSet/FULL/female6/arpeggios/fast_piano/f6_arpeggios_c_fast_piano_o.wav,2.115578231292517,female6,female
f6_arpeggios_c_fast_piano_u,Female,f6,Fast_Articulated_Piano,Arpeggio,u,2.18268,/home/evgeniy/Projects/VocalAssistant/datasets/VocalSet/FULL/female6/arpeggios/fast_piano/f6_arpeggios_c_fast_piano_u.wav,2.1939455782312924,female6,female
f6_arpeggios_c_slow_piano_a,Female,f6,Slow_Legato_Piano,Arpeggio,a,8.45207,/home/evgeniy/Projects/VocalAssistant/datasets/VocalSet/FULL/female6/arpeggios/slow_piano/f6_arpeggios_c_slow_piano_a.wav,8.460385487528345,female6,female
f6_arpeggios_c_slow_piano_e,Female,f6,Slow_Legato_Piano,Arpeggio,e,8.40563,/home/evgeniy/Projects/VocalAssistant/datasets/VocalSet/FULL/female6/arpeggios/slow_piano/f6_arpeggios_c_slow_piano_e.wav,8.41201814058957,female6,female
f6_arpeggios_c_slow_piano_i,Female,f6,Slow_Legato_Piano,Arpeggio,i,8.35919,/home/evgeniy/Projects/VocalAssistant/datasets/VocalSet/FULL/female6/arpeggios/slow_piano/f6_arpeggios_c_slow_piano_i.wav,8.363696145124717,female6,female
f6_arpeggios_c_slow_piano_o,Female,f6,Slow_Legato_Piano,Arpeggio,o,8.69588,/home/evgeniy/Projects/VocalAssistant/datasets/VocalSet/FULL/female6/arpeggios/slow_piano/f6_arpeggios_c_slow_piano_o.wav,8.702086167800454,female6,female
f6_arpeggios_c_slow_piano_u,Female,f6,Slow_Legato_Piano,Arpeggio,u,8.603,/home/evgeniy/Projects/VocalAssistant/datasets/VocalSet/FULL/female6/arpeggios/slow_piano/f6_arpeggios_c_slow_piano_u.wav,8.605419501133786,female6,female
f6_arpeggios_f_fast_forte_a,Female,f6,Fast_Articulated_Forte,Arpeggio,a,2.10141,/home/evgeniy/Projects/VocalAssistant/datasets/VocalSet/FULL/female6/arpeggios/fast_forte/f6_arpeggios_f_fast_forte_a.wav,2.1051700680272107,female6,female
f6_arpeggios_f_fast_forte_e,Female,f6,Fast_Articulated_Forte,Arpeggio,e,2.21751,/home/evgeniy/Projects/VocalAssistant/datasets/VocalSet/FULL/female6/arpeggios/fast_forte/f6_arpeggios_f_fast_forte_e.wav,2.2232199546485263,female6,female
f6_arpeggios_f_fast_forte_i,Female,f6,Fast_Articulated_Forte,Arpeggio,i,2.18268,/home/evgeniy/Projects/VocalAssistant/datasets/VocalSet/FULL/female6/arpeggios/fast_forte/f6_arpeggios_f_fast_forte_i.wav,2.1838775510204083,female6,female
f6_arpeggios_f_fast_forte_o,Female,f6,Fast_Articulated_Forte,Arpeggio,o,2.47293,/home/evgeniy/Projects/VocalAssistant/datasets/VocalSet/FULL/female6/arpeggios/fast_forte/f6_arpeggios_f_fast_forte_o.wav,2.4789795918367346,female6,female
f6_arpeggios_f_fast_forte_u,Female,f6,Fast_Articulated_Forte,Arpeggio,u,2.18268,/home/evgeniy/Projects/VocalAssistant/datasets/VocalSet/FULL/female6/arpeggios/fast_forte/f6_arpeggios_f_fast_forte_u.wav,2.183854875283447,female6,female
f6_arpeggios_f_fast_piano_a,Female,f6,Fast_Articulated_Piano,Arpeggio,a,2.33361,/home/evgeniy/Projects/VocalAssistant/datasets/VocalSet/FULL/female6/arpeggios/fast_piano/f6_arpeggios_f_fast_piano_a.wav,2.3346031746031746,female6,female
f6_arpeggios_f_fast_piano_e,Female,f6,Fast_Articulated_Piano,Arpeggio,e,2.34522,/home/evgeniy/Projects/VocalAssistant/datasets/VocalSet/FULL/female6/arpeggios/fast_piano/f6_arpeggios_f_fast_piano_e.wav,2.3548979591836736,female6,female
f6_arpeggios_f_fast_piano_i,Female,f6,Fast_Articulated_Piano,Arpeggio,i,2.0898,/home/evgeniy/Projects/VocalAssistant/datasets/VocalSet/FULL/female6/arpeggios/fast_piano/f6_arpeggios_f_fast_piano_i.wav,2.090997732426304,female6,female
f6_arpeggios_f_fast_piano_o,Female,f6,Fast_Articulated_Piano,Arpeggio,o,2.44971,/home/evgeniy/Projects/VocalAssistant/datasets/VocalSet/FULL/female6/arpeggios/fast_piano/f6_arpeggios_f_fast_piano_o.wav,2.456417233560091,female6,female
f6_arpeggios_f_fast_piano_u,Female,f6,Fast_Articulated_Piano,Arpeggio,u,2.53098,/home/evgeniy/Projects/VocalAssistant/datasets/VocalSet/FULL/female6/arpeggios/fast_piano/f6_arpeggios_f_fast_piano_u.wav,2.537619047619048,female6,female
f6_arpeggios_f_slow_forte_i,Female,f6,Slow_Legato_Forte,Arpeggio,i,8.55656,/home/evgeniy/Projects/VocalAssistant/datasets/VocalSet/FULL/female6/arpeggios/slow_forte/f6_arpeggios_f_slow_forte_i.wav,8.567120181405896,female6,female
f6_arpeggios_f_slow_forte_o,Female,f6,Slow_Legato_Forte,Arpeggio,o,8.80037,/home/evgeniy/Projects/VocalAssistant/datasets/VocalSet/FULL/female6/arpeggios/slow_forte/f6_arpeggios_f_slow_forte_o.wav,8.80641723356009,female6,female
f6_arpeggios_f_slow_piano_a,Female,f6,Slow_Legato_Piano,Arpeggio,a,8.69588,/home/evgeniy/Projects/VocalAssistant/datasets/VocalSet/FULL/female6/arpeggios/slow_piano/f6_arpeggios_f_slow_piano_a.wav,8.70392290249433,female6,female
f6_arpeggios_f_slow_piano_e,Female,f6,Slow_Legato_Piano,Arpeggio,e,8.87003,/home/evgeniy/Projects/VocalAssistant/datasets/VocalSet/FULL/female6/arpeggios/slow_piano/f6_arpeggios_f_slow_piano_e.wav,8.88156462585034,female6,female
f6_arpeggios_f_slow_piano_i,Female,f6,Slow_Legato_Piano,Arpeggio,i,8.52173,/home/evgeniy/Projects/VocalAssistant/datasets/VocalSet/FULL/female6/arpeggios/slow_piano/f6_arpeggios_f_slow_piano_i.wav,8.526281179138323,female6,female
f6_arpeggios_f_slow_piano_o,Female,f6,Slow_Legato_Piano,Arpeggio,o,9.34603,/home/evgeniy/Projects/VocalAssistant/datasets/VocalSet/FULL/female6/arpeggios/slow_piano/f6_arpeggios_f_slow_piano_o.wav,9.355238095238096,female6,female
f6_arpeggios_f_slow_piano_u,Female,f6,Slow_Legato_Piano,Arpeggio,u,8.93969,/home/evgeniy/Projects/VocalAssistant/datasets/VocalSet/FULL/female6/arpeggios/slow_piano/f6_arpeggios_f_slow_piano_u.wav,8.94077097505669,female6,female
f6_arpeggios_lip_trill_a,Female,f6,Lip_Trill,Arpeggio,a,13.16572,/home/evgeniy/Projects/VocalAssistant/datasets/VocalSet/FULL/female6/arpeggios/lip_trill/f6_arpeggios_lip_trill_a.wav,13.175578231292516,female6,female
f6_arpeggios_lip_trill_e,Female,f6,Lip_Trill,Arpeggio,e,8.12699,/home/evgeniy/Projects/VocalAssistant/datasets/VocalSet/FULL/female6/arpeggios/lip_trill/f6_arpeggios_lip_trill_e.wav,8.128480725623582,female6,female
f6_arpeggios_lip_trill_i,Female,f6,Lip_Trill,Arpeggio,i,7.69742,/home/evgeniy/Projects/VocalAssistant/datasets/VocalSet/FULL/female6/arpeggios/lip_trill/f6_arpeggios_lip_trill_i.wav,7.703469387755102,female6,female
f6_arpeggios_lip_trill_o,Female,f6,Lip_Trill,Arpeggio,o,8.06894,/home/evgeniy/Projects/VocalAssistant/datasets/VocalSet/FULL/female6/arpeggios/lip_trill/f6_arpeggios_lip_trill_o.wav,8.075351473922902,female6,female
f6_arpeggios_lip_trill_u,Female,f6,Lip_Trill,Arpeggio,u,8.23148,/home/evgeniy/Projects/VocalAssistant/datasets/VocalSet/FULL/female6/arpeggios/lip_trill/f6_arpeggios_lip_trill_u.wav,8.234739229024944,female6,female
f6_arpeggios_straight_a,Female,f6,Slow_StraightTone,Arpeggio,a,8.56817,/home/evgeniy/Projects/VocalAssistant/datasets/VocalSet/FULL/female6/arpeggios/straight/f6_arpeggios_straight_a.wav,8.57077097505669,female6,female
f6_arpeggios_straight_e,Female,f6,Slow_StraightTone,Arpeggio,e,7.77869,/home/evgeniy/Projects/VocalAssistant/datasets/VocalSet/FULL/female6/arpeggios/straight/f6_arpeggios_straight_e.wav,7.77891156462585,female6,female
f6_arpeggios_straight_i,Female,f6,Slow_StraightTone,Arpeggio,i,8.19665,/home/evgeniy/Projects/VocalAssistant/datasets/VocalSet/FULL/female6/arpeggios/straight/f6_arpeggios_straight_i.wav,8.1981179138322,female6,female
f6_arpeggios_straight_o,Female,f6,Slow_StraightTone,Arpeggio,o,7.77869,/home/evgeniy/Projects/VocalAssistant/datasets/VocalSet/FULL/female6/arpeggios/straight/f6_arpeggios_straight_o.wav,7.77891156462585,female6,female
f6_arpeggios_straight_u,Female,f6,Slow_StraightTone,Arpeggio,u,7.91801,/home/evgeniy/Projects/VocalAssistant/datasets/VocalSet/FULL/female6/arpeggios/straight/f6_arpeggios_straight_u.wav,7.918662131519274,female6,female
f6_arpeggios_vibrato_a,Female,f6,Slow_MoltoVibrato,Arpeggio,a,8.69588,/home/evgeniy/Projects/VocalAssistant/datasets/VocalSet/FULL/female6/arpeggios/vibrato/f6_arpeggios_vibrato_a.wav,8.703219954648526,female6,female
f6_arpeggios_vibrato_e,Female,f6,Slow_MoltoVibrato,Arpeggio,e,8.38241,/home/evgeniy/Projects/VocalAssistant/datasets/VocalSet/FULL/female6/arpeggios/vibrato/f6_arpeggios_vibrato_e.wav,8.386734693877552,female6,female
f6_arpeggios_vibrato_i,Female,f6,Slow_MoltoVibrato,Arpeggio,i,8.42885,/home/evgeniy/Projects/VocalAssistant/datasets/VocalSet/FULL/female6/arpeggios/vibrato/f6_arpeggios_vibrato_i.wav,8.439501133786848,female6,female
f6_arpeggios_vibrato_o,Female,f6,Slow_MoltoVibrato,Arpeggio,o,8.69588,/home/evgeniy/Projects/VocalAssistant/datasets/VocalSet/FULL/female6/arpeggios/vibrato/f6_arpeggios_vibrato_o.wav,8.703219954648526,female6,female
f6_arpeggios_vibrato_u,Female,f6,Slow_MoltoVibrato,Arpeggio,u,8.80037,/home/evgeniy/Projects/VocalAssistant/datasets/VocalSet/FULL/female6/arpeggios/vibrato/f6_arpeggios_vibrato_u.wav,8.808730158730159,female6,female
f6_caro_straight,Female,f6,StraightTone,MusicalExcerp_Caro,,44.10631,/home/evgeniy/Projects/VocalAssistant/datasets/VocalSet/FULL/female6/excerpts/straight/f6_caro_straight.wav,44.11167800453515,female6,female
f6_caro_vibrato,Female,f6,MoltoVibrato,MusicalExcerp_Caro,o,46.28898,/home/evgeniy/Projects/VocalAssistant/datasets/VocalSet/FULL/female6/excerpts/vibrato/f6_caro_vibrato.wav,46.29399092970522,female6,female
f6_dona_straight,Female,f6,StraightTone,MusicalExcerp_Dona,,19.42349,/home/evgeniy/Projects/VocalAssistant/datasets/VocalSet/FULL/female6/excerpts/straight/f6_dona_straight.wav,19.432879818594103,female6,female
f6_dona_vibrato,Female,f6,MoltoVibrato,MusicalExcerp_Dona,o,19.34222,/home/evgeniy/Projects/VocalAssistant/datasets/VocalSet/FULL/female6/excerpts/vibrato/f6_dona_vibrato.wav,19.34750566893424,female6,female
f6_long_forte_a,Female,f6,FullVoice,Long_tones,a,7.95284,/home/evgeniy/Projects/VocalAssistant/datasets/VocalSet/FULL/female6/long_tones/forte/f6_long_forte_a.wav,7.958775510204082,female6,female
f6_long_forte_e,Female,f6,FullVoice,Long_tones,e,7.14014,/home/evgeniy/Projects/VocalAssistant/datasets/VocalSet/FULL/female6/long_tones/forte/f6_long_forte_e.wav,7.14015873015873,female6,female
f6_long_forte_i,Female,f6,FullVoice,Long_tones,i,7.40717,/home/evgeniy/Projects/VocalAssistant/datasets/VocalSet/FULL/female6/long_tones/forte/f6_long_forte_i.wav,7.413038548752834,female6,female
f6_long_forte_o,Female,f6,FullVoice,Long_tones,o,7.17497,/home/evgeniy/Projects/VocalAssistant/datasets/VocalSet/FULL/female6/long_tones/forte/f6_long_forte_o.wav,7.185646258503401,female6,female
f6_long_forte_u,Female,f6,FullVoice,Long_tones,u,7.17497,/home/evgeniy/Projects/VocalAssistant/datasets/VocalSet/FULL/female6/long_tones/forte/f6_long_forte_u.wav,7.185646258503401,female6,female
f6_long_messa_a,Female,f6,MessaDiVoce,Long_tones,a,9.85687,/home/evgeniy/Projects/VocalAssistant/datasets/VocalSet/FULL/female6/long_tones/messa/f6_long_messa_a.wav,9.861791383219956,female6,female
f6_long_messa_e,Female,f6,MessaDiVoce,Long_tones,e,14.48925,/home/evgeniy/Projects/VocalAssistant/datasets/VocalSet/FULL/female6/long_tones/messa/f6_long_messa_e.wav,14.49251700680272,female6,female
f6_long_messa_i,Female,f6,MessaDiVoce,Long_tones,i,15.17424,/home/evgeniy/Projects/VocalAssistant/datasets/VocalSet/FULL/female6/long_tones/messa/f6_long_messa_i.wav,15.178548752834468,female6,female
f6_long_messa_o,Female,f6,MessaDiVoce,Long_tones,o,14.3151,/home/evgeniy/Projects/VocalAssistant/datasets/VocalSet/FULL/female6/long_tones/messa/f6_long_messa_o.wav,14.321020408163266,female6,female
f6_long_messa_u,Female,f6,MessaDiVoce,Long_tones,u,13.80427,/home/evgeniy/Projects/VocalAssistant/datasets/VocalSet/FULL/female6/long_tones/messa/f6_long_messa_u.wav,13.806485260770977,female6,female
f6_long_straight_a,Female,f6,StraightTone,Long_tones,a,7.39556,/home/evgeniy/Projects/VocalAssistant/datasets/VocalSet/FULL/female6/long_tones/straight/f6_long_straight_a.wav,7.39750566893424,female6,female
f6_long_straight_e,Female,f6,StraightTone,Long_tones,e,6.75701,/home/evgeniy/Projects/VocalAssistant/datasets/VocalSet/FULL/female6/long_tones/straight/f6_long_straight_e.wav,6.764557823129252,female6,female
f6_long_straight_i,Female,f6,StraightTone,Long_tones,i,6.64091,/home/evgeniy/Projects/VocalAssistant/datasets/VocalSet/FULL/female6/long_tones/straight/f6_long_straight_i.wav,6.645873015873016,female6,female
f6_long_straight_o,Female,f6,StraightTone,Long_tones,o,6.91955,/home/evgeniy/Projects/VocalAssistant/datasets/VocalSet/FULL/female6/long_tones/straight/f6_long_straight_o.wav,6.922789115646259,female6,female
f6_long_straight_u,Female,f6,StraightTone,Long_tones,u,7.11692,/home/evgeniy/Projects/VocalAssistant/datasets/VocalSet/FULL/female6/long_tones/straight/f6_long_straight_u.wav,7.120589569160998,female6,female
f6_long_trill_a,Female,f6,Trill,Long_tones,a,6.83828,/home/evgeniy/Projects/VocalAssistant/datasets/VocalSet/FULL/female6/long_tones/trill/f6_long_trill_a.wav,6.843741496598639,female6,female
f6_long_trill_e,Female,f6,Trill,Long_tones,e,6.5132,/home/evgeniy/Projects/VocalAssistant/datasets/VocalSet/FULL/female6/long_tones/trill/f6_long_trill_e.wav,6.517845804988662,female6,female
f6_long_trill_i,Female,f6,Trill,Long_tones,i,6.61769,/home/evgeniy/Projects/VocalAssistant/datasets/VocalSet/FULL/female6/long_tones/trill/f6_long_trill_i.wav,6.626485260770975,female6,female
f6_long_trill_o,Female,f6,Trill,Long_tones,o,6.35066,/home/evgeniy/Projects/VocalAssistant/datasets/VocalSet/FULL/female6/long_tones/trill/f6_long_trill_o.wav,6.354897959183673,female6,female
f6_long_trill_u,Female,f6,Trill,Long_tones,u,6.78023,/home/evgeniy/Projects/VocalAssistant/datasets/VocalSet/FULL/female6/long_tones/trill/f6_long_trill_u.wav,6.789410430839002,female6,female
f6_long_trillo_a,Female,f6,Trillo,Long_tones,a,6.53642,/home/evgeniy/Projects/VocalAssistant/datasets/VocalSet/FULL/female6/long_tones/trillo/f6_long_trillo_a.wav,6.547755102040816,female6,female
f6_long_trillo_e,Female,f6,Trillo,Long_tones,e,6.26939,/home/evgeniy/Projects/VocalAssistant/datasets/VocalSet/FULL/female6/long_tones/trillo/f6_long_trillo_e.wav,6.278684807256236,female6,female
f6_long_trillo_i,Female,f6,Trillo,Long_tones,i,6.22295,/home/evgeniy/Projects/VocalAssistant/datasets/VocalSet/FULL/female6/long_tones/trillo/f6_long_trillo_i.wav,6.233832199546486,female6,female
f6_long_trillo_o,Female,f6,Trillo,Long_tones,o,6.50159,/home/evgeniy/Projects/VocalAssistant/datasets/VocalSet/FULL/female6/long_tones/trillo/f6_long_trillo_o.wav,6.502925170068028,female6,female
f6_long_trillo_u,Female,f6,Trillo,Long_tones,u,6.18812,/home/evgeniy/Projects/VocalAssistant/datasets/VocalSet/FULL/female6/long_tones/trillo/f6_long_trillo_u.wav,6.188979591836735,female6,female
f6_row_straight,Female,f6,StraightTone,MusicalExcerp_RowRow,,11.59837,/home/evgeniy/Projects/VocalAssistant/datasets/VocalSet/FULL/female6/excerpts/straight/f6_row_straight.wav,11.603809523809524,female6,female
f6_row_vibrato,Female,f6,MoltoVibrato,MusicalExcerp_RowRow,o,13.09606,/home/evgeniy/Projects/VocalAssistant/datasets/VocalSet/FULL/female6/excerpts/vibrato/f6_row_vibrato.wav,13.106326530612243,female6,female
f6_scales_belt_a,Female,f6,Belt_Harsh,Scale,a,6.75701,/home/evgeniy/Projects/VocalAssistant/datasets/VocalSet/FULL/female6/scales/belt/f6_scales_belt_a.wav,6.757687074829932,female6,female
f6_scales_belt_e,Female,f6,Belt_Harsh,Scale,e,6.07202,/home/evgeniy/Projects/VocalAssistant/datasets/VocalSet/FULL/female6/scales/belt/f6_scales_belt_e.wav,6.078140589569161,female6,female
f6_scales_belt_i,Female,f6,Belt_Harsh,Scale,i,6.37388,/home/evgeniy/Projects/VocalAssistant/datasets/VocalSet/FULL/female6/scales/belt/f6_scales_belt_i.wav,6.380158730158731,female6,female
f6_scales_belt_o,Female,f6,Belt_Harsh,Scale,o,6.25778,/home/evgeniy/Projects/VocalAssistant/datasets/VocalSet/FULL/female6/scales/belt/f6_scales_belt_o.wav,6.266893424036281,female6,female
f6_scales_belt_u,Female,f6,Belt_Harsh,Scale,u,6.33905,/home/evgeniy/Projects/VocalAssistant/datasets/VocalSet/FULL/female6/scales/belt/f6_scales_belt_u.wav,6.342403628117914,female6,female
f6_scales_breathy_a,Female,f6,Breathy,Scale,a,7.12853,/home/evgeniy/Projects/VocalAssistant/datasets/VocalSet/FULL/female6/scales/breathy/f6_scales_breathy_a.wav,7.137823129251701,female6,female
f6_scales_breathy_e,Female,f6,Breathy,Scale,e,6.83828,/home/evgeniy/Projects/VocalAssistant/datasets/VocalSet/FULL/female6/scales/breathy/f6_scales_breathy_e.wav,6.843469387755102,female6,female
f6_scales_breathy_i,Female,f6,Breathy,Scale,i,6.65252,/home/evgeniy/Projects/VocalAssistant/datasets/VocalSet/FULL/female6/scales/breathy/f6_scales_breathy_i.wav,6.659501133786848,female6,female
f6_scales_breathy_o,Female,f6,Breathy,Scale,o,6.54803,/home/evgeniy/Projects/VocalAssistant/datasets/VocalSet/FULL/female6/scales/breathy/f6_scales_breathy_o.wav,6.549115646258503,female6,female
f6_scales_breathy_u,Female,f6,Breathy,Scale,u,6.72218,/home/evgeniy/Projects/VocalAssistant/datasets/VocalSet/FULL/female6/scales/breathy/f6_scales_breathy_u.wav,6.733106575963719,female6,female
f6_scales_c_fast_forte_a,Female,f6,Fast_Articulated_Forte,Scale,a,3.8429,/home/evgeniy/Projects/VocalAssistant/datasets/VocalSet/FULL/female6/scales/fast_forte/f6_scales_c_fast_forte_a.wav,3.8489115646258494,female6,female
f6_scales_c_fast_forte_e,Female,f6,Fast_Articulated_Forte,Scale,e,4.14476,/home/evgeniy/Projects/VocalAssistant/datasets/VocalSet/FULL/female6/scales/fast_forte/f6_scales_c_fast_forte_e.wav,4.152789115646258,female6,female
f6_scales_c_fast_forte_i,Female,f6,Fast_Articulated_Forte,Scale,i,4.28408,/home/evgeniy/Projects/VocalAssistant/datasets/VocalSet/FULL/female6/scales/fast_forte/f6_scales_c_fast_forte_i.wav,4.2878231292517,female6,female
f6_scales_c_fast_forte_o,Female,f6,Fast_Articulated_Forte,Scale,o,4.58594,/home/evgeniy/Projects/VocalAssistant/datasets/VocalSet/FULL/female6/scales/fast_forte/f6_scales_c_fast_forte_o.wav,4.591678004535147,female6,female
f6_scales_c_fast_forte_u,Female,f6,Fast_Articulated_Forte,Scale,u,3.91256,/home/evgeniy/Projects/VocalAssistant/datasets/VocalSet/FULL/female6/scales/fast_forte/f6_scales_c_fast_forte_u.wav,3.916417233560091,female6,female
f6_scales_c_fast_piano_a,Female,f6,Fast_Articulated_Piano,Scale,a,3.91256,/home/evgeniy/Projects/VocalAssistant/datasets/VocalSet/FULL/female6/scales/fast_piano/f6_scales_c_fast_piano_a.wav,3.921201814058957,female6,female
f6_scales_c_fast_piano_e,Female,f6,Fast_Articulated_Piano,Scale,e,4.00544,/home/evgeniy/Projects/VocalAssistant/datasets/VocalSet/FULL/female6/scales/fast_piano/f6_scales_c_fast_piano_e.wav,4.013106575963719,female6,female
f6_scales_c_fast_piano_i,Female,f6,Fast_Articulated_Piano,Scale,i,4.04027,/home/evgeniy/Projects/VocalAssistant/datasets/VocalSet/FULL/female6/scales/fast_piano/f6_scales_c_fast_piano_i.wav,4.043718820861678,female6,female
f6_scales_c_fast_piano_o,Female,f6,Fast_Articulated_Piano,Scale,o,4.24925,/home/evgeniy/Projects/VocalAssistant/datasets/VocalSet/FULL/female6/scales/fast_piano/f6_scales_c_fast_piano_o.wav,4.2581632653061225,female6,female
f6_scales_c_fast_piano_u,Female,f6,Fast_Articulated_Piano,Scale,u,3.72681,/home/evgeniy/Projects/VocalAssistant/datasets/VocalSet/FULL/female6/scales/fast_piano/f6_scales_c_fast_piano_u.wav,3.737369614512472,female6,female
f6_scales_c_slow_forte_a,Female,f6,Slow_Legato_Forte,Scale,a,10.06585,/home/evgeniy/Projects/VocalAssistant/datasets/VocalSet/FULL/female6/scales/slow_forte/f6_scales_c_slow_forte_a.wav,10.067460317460318,female6,female
f6_scales_c_slow_forte_e,Female,f6,Slow_Legato_Forte,Scale,e,9.60145,/home/evgeniy/Projects/VocalAssistant/datasets/VocalSet/FULL/female6/scales/slow_forte/f6_scales_c_slow_forte_e.wav,9.60750566893424,female6,female
f6_scales_c_slow_forte_u,Female,f6,Slow_Legato_Forte,Scale,u,9.60145,/home/evgeniy/Projects/VocalAssistant/datasets/VocalSet/FULL/female6/scales/slow_forte/f6_scales_c_slow_forte_u.wav,9.607528344671202,female6,female
f6_scales_c_slow_piano_a,Female,f6,Slow_Legato_Piano,Scale,a,10.18195,/home/evgeniy/Projects/VocalAssistant/datasets/VocalSet/FULL/female6/scales/slow_piano/f6_scales_c_slow_piano_a.wav,10.185668934240365,female6,female
f6_scales_c_slow_piano_e,Female,f6,Slow_Legato_Piano,Scale,e,9.58984,/home/evgeniy/Projects/VocalAssistant/datasets/VocalSet/FULL/female6/scales/slow_piano/f6_scales_c_slow_piano_e.wav,9.592312925170068,female6,female
f6_scales_c_slow_piano_i,Female,f6,Slow_Legato_Piano,Scale,i,9.63628,/home/evgeniy/Projects/VocalAssistant/datasets/VocalSet/FULL/female6/scales/slow_piano/f6_scales_c_slow_piano_i.wav,9.641768707482994,female6,female
f6_scales_c_slow_piano_o,Female,f6,Slow_Legato_Piano,Scale,o,9.63628,/home/evgeniy/Projects/VocalAssistant/datasets/VocalSet/FULL/female6/scales/slow_piano/f6_scales_c_slow_piano_o.wav,9.641746031746033,female6,female
f6_scales_c_slow_piano_u,Female,f6,Slow_Legato_Piano,Scale,u,9.93814,/home/evgeniy/Projects/VocalAssistant/datasets/VocalSet/FULL/female6/scales/slow_piano/f6_scales_c_slow_piano_u.wav,9.93843537414966,female6,female
f6_scales_f_fast_forte_a,Female,f6,Fast_Articulated_Forte,Scale,a,3.54105,/home/evgeniy/Projects/VocalAssistant/datasets/VocalSet/FULL/female6/scales/fast_forte/f6_scales_f_fast_forte_a.wav,3.5460997732426303,female6,female
f6_scales_f_fast_forte_e,Female,f6,Fast_Articulated_Forte,Scale,e,3.56427,/home/evgeniy/Projects/VocalAssistant/datasets/VocalSet/FULL/female6/scales/fast_forte/f6_scales_f_fast_forte_e.wav,3.5708843537414965,female6,female
f6_scales_f_fast_forte_i,Female,f6,Fast_Articulated_Forte,Scale,i,3.80808,/home/evgeniy/Projects/VocalAssistant/datasets/VocalSet/FULL/female6/scales/fast_forte/f6_scales_f_fast_forte_i.wav,3.818866213151928,female6,female
f6_scales_f_fast_forte_o,Female,f6,Fast_Articulated_Forte,Scale,o,3.80808,/home/evgeniy/Projects/VocalAssistant/datasets/VocalSet/FULL/female6/scales/fast_forte/f6_scales_f_fast_forte_o.wav,3.818866213151928,female6,female
f6_scales_f_fast_forte_u,Female,f6,Fast_Articulated_Forte,Scale,u,3.78486,/home/evgeniy/Projects/VocalAssistant/datasets/VocalSet/FULL/female6/scales/fast_forte/f6_scales_f_fast_forte_u.wav,3.7940589569161,female6,female
f6_scales_f_fast_piano_a,Female,f6,Fast_Articulated_Piano,Scale,a,3.45978,/home/evgeniy/Projects/VocalAssistant/datasets/VocalSet/FULL/female6/scales/fast_piano/f6_scales_f_fast_piano_a.wav,3.471020408163265,female6,female
f6_scales_f_fast_piano_e,Female,f6,Fast_Articulated_Piano,Scale,e,3.7152,/home/evgeniy/Projects/VocalAssistant/datasets/VocalSet/FULL/female6/scales/fast_piano/f6_scales_f_fast_piano_e.wav,3.720725623582767,female6,female
f6_scales_f_fast_piano_i,Female,f6,Fast_Articulated_Piano,Scale,i,3.78486,/home/evgeniy/Projects/VocalAssistant/datasets/VocalSet/FULL/female6/scales/fast_piano/f6_scales_f_fast_piano_i.wav,3.7956462585034014,female6,female
f6_scales_f_fast_piano_o,Female,f6,Fast_Articulated_Piano,Scale,o,3.81969,/home/evgeniy/Projects/VocalAssistant/datasets/VocalSet/FULL/female6/scales/fast_piano/f6_scales_f_fast_piano_o.wav,3.82061224489796,female6,female
f6_scales_f_fast_piano_u,Female,f6,Fast_Articulated_Piano,Scale,u,3.81969,/home/evgeniy/Projects/VocalAssistant/datasets/VocalSet/FULL/female6/scales/fast_piano/f6_scales_f_fast_piano_u.wav,3.82061224489796,female6,female
f6_scales_f_slow_piano_a,Female,f6,Slow_Legato_Piano,Scale,a,10.43737,/home/evgeniy/Projects/VocalAssistant/datasets/VocalSet/FULL/female6/scales/slow_piano/f6_scales_f_slow_piano_a.wav,10.442947845804987,female6,female
f6_scales_f_slow_piano_e,Female,f6,Slow_Legato_Piano,Scale,e,10.56508,/home/evgeniy/Projects/VocalAssistant/datasets/VocalSet/FULL/female6/scales/slow_piano/f6_scales_f_slow_piano_e.wav,10.565827664399093,female6,female
f6_scales_f_slow_piano_i,Female,f6,Slow_Legato_Piano,Scale,i,10.37932,/home/evgeniy/Projects/VocalAssistant/datasets/VocalSet/FULL/female6/scales/slow_piano/f6_scales_f_slow_piano_i.wav,10.38154195011338,female6,female
f6_scales_f_slow_piano_o,Female,f6,Slow_Legato_Piano,Scale,o,10.73923,/home/evgeniy/Projects/VocalAssistant/datasets/VocalSet/FULL/female6/scales/slow_piano/f6_scales_f_slow_piano_o.wav,10.750113378684809,female6,female
f6_scales_f_slow_piano_u,Female,f6,Slow_Legato_Piano,Scale,u,10.43737,/home/evgeniy/Projects/VocalAssistant/datasets/VocalSet/FULL/female6/scales/slow_piano/f6_scales_f_slow_piano_u.wav,10.44297052154195,female6,female
f6_scales_straight_a,Female,f6,StraightTone,Scale,a,5.51474,/home/evgeniy/Projects/VocalAssistant/datasets/VocalSet/FULL/female6/scales/straight/f6_scales_straight_a.wav,5.516031746031746,female6,female
f6_scales_straight_e,Female,f6,StraightTone,Scale,e,4.86458,/home/evgeniy/Projects/VocalAssistant/datasets/VocalSet/FULL/female6/scales/straight/f6_scales_straight_e.wav,4.870884353741497,female6,female
f6_scales_straight_i,Female,f6,StraightTone,Scale,i,5.18966,/home/evgeniy/Projects/VocalAssistant/datasets/VocalSet/FULL/female6/scales/straight/f6_scales_straight_i.wav,5.19344671201814,female6,female
f6_scales_straight_o,Female,f6,StraightTone,Scale,o,5.15483,/home/evgeniy/Projects/VocalAssistant/datasets/VocalSet/FULL/female6/scales/straight/f6_scales_straight_o.wav,5.161179138321995,female6,female
f6_scales_straight_u,Female,f6,StraightTone,Scale,u,5.24771,/home/evgeniy/Projects/VocalAssistant/datasets/VocalSet/FULL/female6/scales/straight/f6_scales_straight_u.wav,5.25795918367347,female6,female
f6_scales_vibrato_a,Female,f6,MoltoVibrato,Scale,a,6.37388,/home/evgeniy/Projects/VocalAssistant/datasets/VocalSet/FULL/female6/scales/vibrato/f6_scales_vibrato_a.wav,6.379954648526077,female6,female
f6_scales_vibrato_e,Female,f6,MoltoVibrato,Scale,e,6.44354,/home/evgeniy/Projects/VocalAssistant/datasets/VocalSet/FULL/female6/scales/vibrato/f6_scales_vibrato_e.wav,6.4478231292517005,female6,female
f6_scales_vibrato_i,Female,f6,MoltoVibrato,Scale,i,6.26939,/home/evgeniy/Projects/VocalAssistant/datasets/VocalSet/FULL/female6/scales/vibrato/f6_scales_vibrato_i.wav,6.278140589569161,female6,female
f6_scales_vibrato_o,Female,f6,MoltoVibrato,Scale,o,6.37388,/home/evgeniy/Projects/VocalAssistant/datasets/VocalSet/FULL/female6/scales/vibrato/f6_scales_vibrato_o.wav,6.379954648526077,female6,female
f6_scales_vibrato_u,Female,f6,MoltoVibrato,Scale,u,6.40871,/home/evgeniy/Projects/VocalAssistant/datasets/VocalSet/FULL/female6/scales/vibrato/f6_scales_vibrato_u.wav,6.413877551020408,female6,female
f7_ long_trillo_a,Female,f7,Trillo,Long_tones,a,7.88318,/home/evgeniy/Projects/VocalAssistant/datasets/VocalSet/FULL/female7/long_tones/trillo/f7_ long_trillo_a.wav,7.883265306122449,female7,female
f7_ long_trillo_e,Female,f7,Trillo,Long_tones,e,7.66259,/home/evgeniy/Projects/VocalAssistant/datasets/VocalSet/FULL/female7/long_tones/trillo/f7_ long_trillo_e.wav,7.673628117913832,female7,female
f7_ long_trillo_i,Female,f7,Trillo,Long_tones,i,6.66413,/home/evgeniy/Projects/VocalAssistant/datasets/VocalSet/FULL/female7/long_tones/trillo/f7_ long_trillo_i.wav,6.667233560090703,female7,female
f7_ long_trillo_o,Female,f7,Trillo,Long_tones,o,5.73533,/home/evgeniy/Projects/VocalAssistant/datasets/VocalSet/FULL/female7/long_tones/trillo/f7_ long_trillo_o.wav,5.744716553287982,female7,female
f7_ long_trillo_u,Female,f7,Trillo,Long_tones,u,5.78177,/home/evgeniy/Projects/VocalAssistant/datasets/VocalSet/FULL/female7/long_tones/trillo/f7_ long_trillo_u.wav,5.786643990929705,female7,female
f7_arpeggios_belt_a,Female,f7,Belt_Harsh,Arpeggio,a,6.80345,/home/evgeniy/Projects/VocalAssistant/datasets/VocalSet/FULL/female7/arpeggios/belt/f7_arpeggios_belt_a.wav,6.811632653061224,female7,female
f7_arpeggios_belt_e,Female,f7,Belt_Harsh,Arpeggio,e,6.5132,/home/evgeniy/Projects/VocalAssistant/datasets/VocalSet/FULL/female7/arpeggios/belt/f7_arpeggios_belt_e.wav,6.517278911564626,female7,female
f7_arpeggios_belt_i,Female,f7,Belt_Harsh,Arpeggio,i,6.54803,/home/evgeniy/Projects/VocalAssistant/datasets/VocalSet/FULL/female7/arpeggios/belt/f7_arpeggios_belt_i.wav,6.559342403628118,female7,female
f7_arpeggios_belt_o,Female,f7,Belt_Harsh,Arpeggio,o,7.01243,/home/evgeniy/Projects/VocalAssistant/datasets/VocalSet/FULL/female7/arpeggios/belt/f7_arpeggios_belt_o.wav,7.021859410430839,female7,female
f7_arpeggios_belt_u,Female,f7,Belt_Harsh,Arpeggio,u,7.05887,/home/evgeniy/Projects/VocalAssistant/datasets/VocalSet/FULL/female7/arpeggios/belt/f7_arpeggios_belt_u.wav,7.063922902494331,female7,female
f7_arpeggios_breathy_a,Female,f7,VeryBreathy,Arpeggio,a,7.39556,/home/evgeniy/Projects/VocalAssistant/datasets/VocalSet/FULL/female7/arpeggios/breathy/f7_arpeggios_breathy_a.wav,7.398866213151927,female7,female
f7_arpeggios_breathy_e,Female,f7,VeryBreathy,Arpeggio,e,7.80191,/home/evgeniy/Projects/VocalAssistant/datasets/VocalSet/FULL/female7/arpeggios/breathy/f7_arpeggios_breathy_e.wav,7.8073922902494335,female7,female
f7_arpeggios_breathy_i,Female,f7,VeryBreathy,Arpeggio,i,7.61615,/home/evgeniy/Projects/VocalAssistant/datasets/VocalSet/FULL/female7/arpeggios/breathy/f7_arpeggios_breathy_i.wav,7.625827664399093,female7,female
f7_arpeggios_breathy_o,Female,f7,VeryBreathy,Arpeggio,o,7.03565,/home/evgeniy/Projects/VocalAssistant/datasets/VocalSet/FULL/female7/arpeggios/breathy/f7_arpeggios_breathy_o.wav,7.035736961451248,female7,female
f7_arpeggios_breathy_u,Female,f7,VeryBreathy,Arpeggio,u,7.56971,/home/evgeniy/Projects/VocalAssistant/datasets/VocalSet/FULL/female7/arpeggios/breathy/f7_arpeggios_breathy_u.wav,7.580430839002267,female7,female
f7_arpeggios_c_fast_forte_a,Female,f7,Fast_Articulated_Forte,Arpeggio,a,2.12463,/home/evgeniy/Projects/VocalAssistant/datasets/VocalSet/FULL/female7/arpeggios/fast_forte/f7_arpeggios_c_fast_forte_a.wav,2.130544217687075,female7,female
f7_arpeggios_c_fast_forte_e,Female,f7,Fast_Articulated_Forte,Arpeggio,e,2.35683,/home/evgeniy/Projects/VocalAssistant/datasets/VocalSet/FULL/female7/arpeggios/fast_forte/f7_arpeggios_c_fast_forte_e.wav,2.359637188208617,female7,female
f7_arpeggios_c_fast_forte_i,Female,f7,Fast_Articulated_Forte,Arpeggio,i,2.33361,/home/evgeniy/Projects/VocalAssistant/datasets/VocalSet/FULL/female7/arpeggios/fast_forte/f7_arpeggios_c_fast_forte_i.wav,2.3367120181405894,female7,female
f7_arpeggios_c_fast_forte_o,Female,f7,Fast_Articulated_Forte,Arpeggio,o,2.21751,/home/evgeniy/Projects/VocalAssistant/datasets/VocalSet/FULL/female7/arpeggios/fast_forte/f7_arpeggios_c_fast_forte_o.wav,2.2221768707482994,female7,female
f7_arpeggios_c_fast_forte_u,Female,f7,Fast_Articulated_Forte,Arpeggio,u,2.35683,/home/evgeniy/Projects/VocalAssistant/datasets/VocalSet/FULL/female7/arpeggios/fast_forte/f7_arpeggios_c_fast_forte_u.wav,2.359637188208617,female7,female
f7_arpeggios_c_fast_piano_a,Female,f7,Fast_Articulated_Piano,Arpeggio,a,2.25234,/home/evgeniy/Projects/VocalAssistant/datasets/VocalSet/FULL/female7/arpeggios/fast_piano/f7_arpeggios_c_fast_piano_a.wav,2.2564172335600907,female7,female
f7_arpeggios_c_fast_piano_e,Female,f7,Fast_Articulated_Piano,Arpeggio,e,2.36844,/home/evgeniy/Projects/VocalAssistant/datasets/VocalSet/FULL/female7/arpeggios/fast_piano/f7_arpeggios_c_fast_piano_e.wav,2.3764399092970523,female7,female
f7_arpeggios_c_fast_piano_i,Female,f7,Fast_Articulated_Piano,Arpeggio,i,2.25234,/home/evgeniy/Projects/VocalAssistant/datasets/VocalSet/FULL/female7/arpeggios/fast_piano/f7_arpeggios_c_fast_piano_i.wav,2.2564172335600907,female7,female
f7_arpeggios_c_fast_piano_o,Female,f7,Fast_Articulated_Piano,Arpeggio,o,2.27556,/home/evgeniy/Projects/VocalAssistant/datasets/VocalSet/FULL/female7/arpeggios/fast_piano/f7_arpeggios_c_fast_piano_o.wav,2.280408163265306,female7,female
f7_arpeggios_c_fast_piano_u,Female,f7,Fast_Articulated_Piano,Arpeggio,u,2.36844,/home/evgeniy/Projects/VocalAssistant/datasets/VocalSet/FULL/female7/arpeggios/fast_piano/f7_arpeggios_c_fast_piano_u.wav,2.3764399092970523,female7,female
f7_arpeggios_c_slow_forte_u,Female,f7,Slow_Legato_Forte,Arpeggio,u,7.97606,/home/evgeniy/Projects/VocalAssistant/datasets/VocalSet/FULL/female7/arpeggios/slow_forte/f7_arpeggios_c_slow_forte_u.wav,7.9766439909297056,female7,female
f7_arpeggios_c_slow_piano_a,Female,f7,Slow_Legato_Piano,Arpeggio,a,8.09216,/home/evgeniy/Projects/VocalAssistant/datasets/VocalSet/FULL/female7/arpeggios/slow_piano/f7_arpeggios_c_slow_piano_a.wav,8.098526077097505,female7,female
f7_arpeggios_c_slow_piano_e,Female,f7,Slow_Legato_Piano,Arpeggio,e,7.5581,/home/evgeniy/Projects/VocalAssistant/datasets/VocalSet/FULL/female7/arpeggios/slow_piano/f7_arpeggios_c_slow_piano_e.wav,7.568253968253968,female7,female
f7_arpeggios_c_slow_piano_i,Female,f7,Slow_Legato_Piano,Arpeggio,i,7.84835,/home/evgeniy/Projects/VocalAssistant/datasets/VocalSet/FULL/female7/arpeggios/slow_piano/f7_arpeggios_c_slow_piano_i.wav,7.857482993197279,female7,female
f7_arpeggios_c_slow_piano_o,Female,f7,Slow_Legato_Piano,Arpeggio,o,7.89479,/home/evgeniy/Projects/VocalAssistant/datasets/VocalSet/FULL/female7/arpeggios/slow_piano/f7_arpeggios_c_slow_piano_o.wav,7.905691609977325,female7,female
f7_arpeggios_c_slow_piano_u,Female,f7,Slow_Legato_Piano,Arpeggio,u,8.47529,/home/evgeniy/Projects/VocalAssistant/datasets/VocalSet/FULL/female7/arpeggios/slow_piano/f7_arpeggios_c_slow_piano_u.wav,8.484149659863945,female7,female
f7_arpeggios_f_fast_forte_a,Female,f7,Fast_Articulated_Forte,Arpeggio,a,2.57742,/home/evgeniy/Projects/VocalAssistant/datasets/VocalSet/FULL/female7/arpeggios/fast_forte/f7_arpeggios_f_fast_forte_a.wav,2.587596371882086,female7,female
f7_arpeggios_f_fast_forte_e,Female,f7,Fast_Articulated_Forte,Arpeggio,e,2.50776,/home/evgeniy/Projects/VocalAssistant/datasets/VocalSet/FULL/female7/arpeggios/fast_forte/f7_arpeggios_f_fast_forte_e.wav,2.5157142857142856,female7,female
f7_arpeggios_f_fast_forte_i,Female,f7,Fast_Articulated_Forte,Arpeggio,i,2.41488,/home/evgeniy/Projects/VocalAssistant/datasets/VocalSet/FULL/female7/arpeggios/fast_forte/f7_arpeggios_f_fast_forte_i.wav,2.4198866213151926,female7,female
f7_arpeggios_f_fast_forte_o,Female,f7,Fast_Articulated_Forte,Arpeggio,o,2.4381,/home/evgeniy/Projects/VocalAssistant/datasets/VocalSet/FULL/female7/arpeggios/fast_forte/f7_arpeggios_f_fast_forte_o.wav,2.443832199546485,female7,female
f7_arpeggios_f_fast_forte_u,Female,f7,Fast_Articulated_Forte,Arpeggio,u,2.60064,/home/evgeniy/Projects/VocalAssistant/datasets/VocalSet/FULL/female7/arpeggios/fast_forte/f7_arpeggios_f_fast_forte_u.wav,2.61156462585034,female7,female
f7_arpeggios_f_fast_piano_a,Female,f7,Fast_Articulated_Piano,Arpeggio,a,2.56581,/home/evgeniy/Projects/VocalAssistant/datasets/VocalSet/FULL/female7/arpeggios/fast_piano/f7_arpeggios_f_fast_piano_a.wav,2.568458049886621,female7,female
f7_arpeggios_f_fast_piano_e,Female,f7,Fast_Articulated_Piano,Arpeggio,e,2.63547,/home/evgeniy/Projects/VocalAssistant/datasets/VocalSet/FULL/female7/arpeggios/fast_piano/f7_arpeggios_f_fast_piano_e.wav,2.6404761904761904,female7,female
f7_arpeggios_f_fast_piano_i,Female,f7,Fast_Articulated_Piano,Arpeggio,i,2.77479,/home/evgeniy/Projects/VocalAssistant/datasets/VocalSet/FULL/female7/arpeggios/fast_piano/f7_arpeggios_f_fast_piano_i.wav,2.784512471655329,female7,female
f7_arpeggios_f_fast_piano_o,Female,f7,Fast_Articulated_Piano,Arpeggio,o,2.72835,/home/evgeniy/Projects/VocalAssistant/datasets/VocalSet/FULL/female7/arpeggios/fast_piano/f7_arpeggios_f_fast_piano_o.wav,2.736507936507937,female7,female
f7_arpeggios_f_fast_piano_u,Female,f7,Fast_Articulated_Piano,Arpeggio,u,2.72835,/home/evgeniy/Projects/VocalAssistant/datasets/VocalSet/FULL/female7/arpeggios/fast_piano/f7_arpeggios_f_fast_piano_u.wav,2.736507936507937,female7,female
f7_arpeggios_f_slow_forte_a,Female,f7,Slow_Legato_Forte,Arpeggio,a,7.95284,/home/evgeniy/Projects/VocalAssistant/datasets/VocalSet/FULL/female7/arpeggios/slow_forte/f7_arpeggios_f_slow_forte_a.wav,7.964353741496598,female7,female
f7_arpeggios_f_slow_forte_e,Female,f7,Slow_Legato_Forte,Arpeggio,e,8.01089,/home/evgeniy/Projects/VocalAssistant/datasets/VocalSet/FULL/female7/arpeggios/slow_forte/f7_arpeggios_f_slow_forte_e.wav,8.013219954648527,female7,female
f7_arpeggios_f_slow_forte_u,Female,f7,Slow_Legato_Forte,Arpeggio,u,8.15021,/home/evgeniy/Projects/VocalAssistant/datasets/VocalSet/FULL/female7/arpeggios/slow_forte/f7_arpeggios_f_slow_forte_u.wav,8.159818594104308,female7,female
f7_arpeggios_f_slow_piano_a,Female,f7,Slow_Legato_Piano,Arpeggio,a,8.01089,/home/evgeniy/Projects/VocalAssistant/datasets/VocalSet/FULL/female7/arpeggios/slow_piano/f7_arpeggios_f_slow_piano_a.wav,8.012267573696144,female7,female
f7_arpeggios_f_slow_piano_e,Female,f7,Slow_Legato_Piano,Arpeggio,e,8.05733,/home/evgeniy/Projects/VocalAssistant/datasets/VocalSet/FULL/female7/arpeggios/slow_piano/f7_arpeggios_f_slow_piano_e.wav,8.063310657596372,female7,female
f7_arpeggios_f_slow_piano_i,Female,f7,Slow_Legato_Piano,Arpeggio,i,8.56817,/home/evgeniy/Projects/VocalAssistant/datasets/VocalSet/FULL/female7/arpeggios/slow_piano/f7_arpeggios_f_slow_piano_i.wav,8.573650793650794,female7,female
f7_arpeggios_f_slow_piano_o,Female,f7,Slow_Legato_Piano,Arpeggio,o,8.10377,/home/evgeniy/Projects/VocalAssistant/datasets/VocalSet/FULL/female7/arpeggios/slow_piano/f7_arpeggios_f_slow_piano_o.wav,8.114353741496599,female7,female
f7_arpeggios_f_slow_piano_u,Female,f7,Slow_Legato_Piano,Arpeggio,u,8.46368,/home/evgeniy/Projects/VocalAssistant/datasets/VocalSet/FULL/female7/arpeggios/slow_piano/f7_arpeggios_f_slow_piano_u.wav,8.47156462585034,female7,female
f7_arpeggios_lip_trill_e,Female,f7,Lip_Trill,Arpeggio,e,5.47991,/home/evgeniy/Projects/VocalAssistant/datasets/VocalSet/FULL/female7/arpeggios/lip_trill/f7_arpeggios_lip_trill_e.wav,5.480997732426304,female7,female
f7_arpeggios_lip_trill_i,Female,f7,Lip_Trill,Arpeggio,i,5.18966,/home/evgeniy/Projects/VocalAssistant/datasets/VocalSet/FULL/female7/arpeggios/lip_trill/f7_arpeggios_lip_trill_i.wav,5.192517006802721,female7,female
f7_arpeggios_lip_trill_o,Female,f7,Lip_Trill,Arpeggio,o,5.22449,/home/evgeniy/Projects/VocalAssistant/datasets/VocalSet/FULL/female7/arpeggios/lip_trill/f7_arpeggios_lip_trill_o.wav,5.233764172335601,female7,female
f7_arpeggios_lip_trill_u,Female,f7,Lip_Trill,Arpeggio,u,4.6556,/home/evgeniy/Projects/VocalAssistant/datasets/VocalSet/FULL/female7/arpeggios/lip_trill/f7_arpeggios_lip_trill_u.wav,4.656802721088435,female7,female
f7_arpeggios_straight_a,Female,f7,Slow_StraightTone,Arpeggio,a,8.21987,/home/evgeniy/Projects/VocalAssistant/datasets/VocalSet/FULL/female7/arpeggios/straight/f7_arpeggios_straight_a.wav,8.229455782312925,female7,female
f7_arpeggios_straight_e,Female,f7,Slow_StraightTone,Arpeggio,e,8.12699,/home/evgeniy/Projects/VocalAssistant/datasets/VocalSet/FULL/female7/arpeggios/straight/f7_arpeggios_straight_e.wav,8.127868480725624,female7,female
f7_arpeggios_straight_i,Female,f7,Slow_StraightTone,Arpeggio,i,8.68427,/home/evgeniy/Projects/VocalAssistant/datasets/VocalSet/FULL/female7/arpeggios/straight/f7_arpeggios_straight_i.wav,8.686643990929705,female7,female
f7_arpeggios_straight_o,Female,f7,Slow_StraightTone,Arpeggio,o,8.27792,/home/evgeniy/Projects/VocalAssistant/datasets/VocalSet/FULL/female7/arpeggios/straight/f7_arpeggios_straight_o.wav,8.280249433106576,female7,female
f7_arpeggios_straight_u,Female,f7,Slow_StraightTone,Arpeggio,u,8.3708,/home/evgeniy/Projects/VocalAssistant/datasets/VocalSet/FULL/female7/arpeggios/straight/f7_arpeggios_straight_u.wav,8.381859410430838,female7,female
f7_arpeggios_vibrato_a,Female,f7,Slow_MoltoVibrato,Arpeggio,a,6.98921,/home/evgeniy/Projects/VocalAssistant/datasets/VocalSet/FULL/female7/arpeggios/vibrato/f7_arpeggios_vibrato_a.wav,6.9905442176870745,female7,female
f7_arpeggios_vibrato_e,Female,f7,Slow_MoltoVibrato,Arpeggio,e,6.89633,/home/evgeniy/Projects/VocalAssistant/datasets/VocalSet/FULL/female7/arpeggios/vibrato/f7_arpeggios_vibrato_e.wav,6.902063492063492,female7,female
f7_arpeggios_vibrato_i,Female,f7,Slow_MoltoVibrato,Arpeggio,i,7.33751,/home/evgeniy/Projects/VocalAssistant/datasets/VocalSet/FULL/female7/arpeggios/vibrato/f7_arpeggios_vibrato_i.wav,7.344512471655329,female7,female
f7_arpeggios_vibrato_o,Female,f7,Slow_MoltoVibrato,Arpeggio,o,7.38395,/home/evgeniy/Projects/VocalAssistant/datasets/VocalSet/FULL/female7/arpeggios/vibrato/f7_arpeggios_vibrato_o.wav,7.38875283446712,female7,female
f7_arpeggios_vibrato_u,Female,f7,Slow_MoltoVibrato,Arpeggio,u,7.2098,/home/evgeniy/Projects/VocalAssistant/datasets/VocalSet/FULL/female7/arpeggios/vibrato/f7_arpeggios_vibrato_u.wav,7.211768707482993,female7,female
f7_caro_straight,Female,f7,StraightTone,MusicalExcerp_Caro,,38.23166,/home/evgeniy/Projects/VocalAssistant/datasets/VocalSet/FULL/female7/excerpts/straight/f7_caro_straight.wav,38.237641723356006,female7,female
f7_caro_vibrato,Female,f7,MoltoVibrato,MusicalExcerp_Caro,o,39.11402,/home/evgeniy/Projects/VocalAssistant/datasets/VocalSet/FULL/female7/excerpts/vibrato/f7_caro_vibrato.wav,39.11757369614512,female7,female
f7_dona_straight,Female,f7,StraightTone,MusicalExcerp_Dona,,21.03728,/home/evgeniy/Projects/VocalAssistant/datasets/VocalSet/FULL/female7/excerpts/straight/f7_dona_straight.wav,21.041337868480724,female7,female
f7_dona_vibrato,Female,f7,MoltoVibrato,MusicalExcerp_Dona,o,22.04735,/home/evgeniy/Projects/VocalAssistant/datasets/VocalSet/FULL/female7/excerpts/vibrato/f7_dona_vibrato.wav,22.047777777777775,female7,female
f7_long_forte_a,Female,f7,FullVoice,Long_tones,a,9.14866,/home/evgeniy/Projects/VocalAssistant/datasets/VocalSet/FULL/female7/long_tones/forte/f7_long_forte_a.wav,9.148662131519274,female7,female
f7_long_forte_e,Female,f7,FullVoice,Long_tones,e,8.8352,/home/evgeniy/Projects/VocalAssistant/datasets/VocalSet/FULL/female7/long_tones/forte/f7_long_forte_e.wav,8.839591836734694,female7,female
f7_long_forte_i,Female,f7,FullVoice,Long_tones,i,8.21987,/home/evgeniy/Projects/VocalAssistant/datasets/VocalSet/FULL/female7/long_tones/forte/f7_long_forte_i.wav,8.221428571428572,female7,female
f7_long_forte_o,Female,f7,FullVoice,Long_tones,o,7.29107,/home/evgeniy/Projects/VocalAssistant/datasets/VocalSet/FULL/female7/long_tones/forte/f7_long_forte_o.wav,7.29421768707483,female7,female
f7_long_forte_u,Female,f7,FullVoice,Long_tones,u,7.29107,/home/evgeniy/Projects/VocalAssistant/datasets/VocalSet/FULL/female7/long_tones/forte/f7_long_forte_u.wav,7.29421768707483,female7,female
f7_long_messa_a,Female,f7,MessaDiVoce,Long_tones,a,7.0937,/home/evgeniy/Projects/VocalAssistant/datasets/VocalSet/FULL/female7/long_tones/messa/f7_long_messa_a.wav,7.101814058956916,female7,female
f7_long_messa_e,Female,f7,MessaDiVoce,Long_tones,e,7.05887,/home/evgeniy/Projects/VocalAssistant/datasets/VocalSet/FULL/female7/long_tones/messa/f7_long_messa_e.wav,7.059274376417234,female7,female
f7_long_messa_i,Female,f7,MessaDiVoce,Long_tones,i,6.93116,/home/evgeniy/Projects/VocalAssistant/datasets/VocalSet/FULL/female7/long_tones/messa/f7_long_messa_i.wav,6.931700680272109,female7,female
f7_long_messa_o,Female,f7,MessaDiVoce,Long_tones,o,6.67574,/home/evgeniy/Projects/VocalAssistant/datasets/VocalSet/FULL/female7/long_tones/messa/f7_long_messa_o.wav,6.676530612244898,female7,female
f7_long_messa_u,Female,f7,MessaDiVoce,Long_tones,u,6.67574,/home/evgeniy/Projects/VocalAssistant/datasets/VocalSet/FULL/female7/long_tones/messa/f7_long_messa_u.wav,6.676553287981859,female7,female
f7_long_straight_a,Female,f7,StraightTone,Long_tones,a,7.30268,/home/evgeniy/Projects/VocalAssistant/datasets/VocalSet/FULL/female7/long_tones/straight/f7_long_straight_a.wav,7.303696145124716,female7,female
f7_long_straight_e,Female,f7,StraightTone,Long_tones,e,6.72218,/home/evgeniy/Projects/VocalAssistant/datasets/VocalSet/FULL/female7/long_tones/straight/f7_long_straight_e.wav,6.732448979591837,female7,female
f7_long_straight_i,Female,f7,StraightTone,Long_tones,i,6.60608,/home/evgeniy/Projects/VocalAssistant/datasets/VocalSet/FULL/female7/long_tones/straight/f7_long_straight_i.wav,6.610045351473923,female7,female
f7_long_straight_o,Female,f7,StraightTone,Long_tones,o,6.47837,/home/evgeniy/Projects/VocalAssistant/datasets/VocalSet/FULL/female7/long_tones/straight/f7_long_straight_o.wav,6.487641723356009,female7,female
f7_long_straight_u,Female,f7,StraightTone,Long_tones,u,6.23456,/home/evgeniy/Projects/VocalAssistant/datasets/VocalSet/FULL/female7/long_tones/straight/f7_long_straight_u.wav,6.242834467120181,female7,female
f7_long_trill_a,Female,f7,Trill,Long_tones,a,6.95438,/home/evgeniy/Projects/VocalAssistant/datasets/VocalSet/FULL/female7/long_tones/trill/f7_long_trill_a.wav,6.9640589569161,female7,female
f7_long_trill_e,Female,f7,Trill,Long_tones,e,6.59447,/home/evgeniy/Projects/VocalAssistant/datasets/VocalSet/FULL/female7/long_tones/trill/f7_long_trill_e.wav,6.595396825396826,female7,female
f7_long_trill_i,Female,f7,Trill,Long_tones,i,6.09524,/home/evgeniy/Projects/VocalAssistant/datasets/VocalSet/FULL/female7/long_tones/trill/f7_long_trill_i.wav,6.103786848072563,female7,female
f7_long_trill_o,Female,f7,Trill,Long_tones,o,6.42032,/home/evgeniy/Projects/VocalAssistant/datasets/VocalSet/FULL/female7/long_tones/trill/f7_long_trill_o.wav,6.431541950113378,female7,female
f7_long_trill_u,Female,f7,Trill,Long_tones,u,6.59447,/home/evgeniy/Projects/VocalAssistant/datasets/VocalSet/FULL/female7/long_tones/trill/f7_long_trill_u.wav,6.595396825396826,female7,female
f7_row_straight,Female,f7,StraightTone,MusicalExcerp_RowRow,,13.51402,/home/evgeniy/Projects/VocalAssistant/datasets/VocalSet/FULL/female7/excerpts/straight/f7_row_straight.wav,13.523854875283448,female7,female
f7_row_vibrato,Female,f7,MoltoVibrato,MusicalExcerp_RowRow,o,14.25705,/home/evgeniy/Projects/VocalAssistant/datasets/VocalSet/FULL/female7/excerpts/vibrato/f7_row_vibrato.wav,14.258775510204082,female7,female
f7_scales_belt_a,Female,f7,Belt_Harsh,Scale,a,9.50857,/home/evgeniy/Projects/VocalAssistant/datasets/VocalSet/FULL/female7/scales/belt/f7_scales_belt_a.wav,9.510385487528344,female7,female
f7_scales_belt_e,Female,f7,Belt_Harsh,Scale,e,9.76399,/home/evgeniy/Projects/VocalAssistant/datasets/VocalSet/FULL/female7/scales/belt/f7_scales_belt_e.wav,9.771655328798186,female7,female
f7_scales_belt_i,Female,f7,Belt_Harsh,Scale,i,9.1951,/home/evgeniy/Projects/VocalAssistant/datasets/VocalSet/FULL/female7/scales/belt/f7_scales_belt_i.wav,9.19684807256236,female7,female
f7_scales_belt_o,Female,f7,Belt_Harsh,Scale,o,9.13705,/home/evgeniy/Projects/VocalAssistant/datasets/VocalSet/FULL/female7/scales/belt/f7_scales_belt_o.wav,9.144603174603176,female7,female
f7_scales_belt_u,Female,f7,Belt_Harsh,Scale,u,9.03257,/home/evgeniy/Projects/VocalAssistant/datasets/VocalSet/FULL/female7/scales/belt/f7_scales_belt_u.wav,9.040090702947843,female7,female
f7_scales_breathy_a,Female,f7,Breathy,Scale,a,12.81742,/home/evgeniy/Projects/VocalAssistant/datasets/VocalSet/FULL/female7/scales/breathy/f7_scales_breathy_a.wav,12.822743764172335,female7,female
f7_scales_breathy_e,Female,f7,Breathy,Scale,e,11.52871,/home/evgeniy/Projects/VocalAssistant/datasets/VocalSet/FULL/female7/scales/breathy/f7_scales_breathy_e.wav,11.53403628117914,female7,female
f7_scales_breathy_o,Female,f7,Breathy,Scale,o,11.401,/home/evgeniy/Projects/VocalAssistant/datasets/VocalSet/FULL/female7/scales/breathy/f7_scales_breathy_o.wav,11.40514739229025,female7,female
f7_scales_breathy_u,Female,f7,Breathy,Scale,u,11.45905,/home/evgeniy/Projects/VocalAssistant/datasets/VocalSet/FULL/female7/scales/breathy/f7_scales_breathy_u.wav,11.469591836734692,female7,female
f7_scales_c_fast_forte_a,Female,f7,Fast_Articulated_Forte,Scale,a,3.61071,/home/evgeniy/Projects/VocalAssistant/datasets/VocalSet/FULL/female7/scales/fast_forte/f7_scales_c_fast_forte_a.wav,3.611746031746032,female7,female
f7_scales_c_fast_forte_e,Female,f7,Fast_Articulated_Forte,Scale,e,3.66876,/home/evgeniy/Projects/VocalAssistant/datasets/VocalSet/FULL/female7/scales/fast_forte/f7_scales_c_fast_forte_e.wav,3.6695238095238096,female7,female
f7_scales_c_fast_forte_o,Female,f7,Fast_Articulated_Forte,Scale,o,3.55266,/home/evgeniy/Projects/VocalAssistant/datasets/VocalSet/FULL/female7/scales/fast_forte/f7_scales_c_fast_forte_o.wav,3.5539682539682538,female7,female
f7_scales_c_fast_forte_u,Female,f7,Fast_Articulated_Forte,Scale,u,3.45978,/home/evgeniy/Projects/VocalAssistant/datasets/VocalSet/FULL/female7/scales/fast_forte/f7_scales_c_fast_forte_u.wav,3.467278911564626,female7,female
f7_scales_c_fast_piano_a,Female,f7,Fast_Articulated_Piano,Scale,a,3.62232,/home/evgeniy/Projects/VocalAssistant/datasets/VocalSet/FULL/female7/scales/fast_piano/f7_scales_c_fast_piano_a.wav,3.62562358276644,female7,female
f7_scales_c_fast_piano_e,Female,f7,Fast_Articulated_Piano,Scale,e,3.41334,/home/evgeniy/Projects/VocalAssistant/datasets/VocalSet/FULL/female7/scales/fast_piano/f7_scales_c_fast_piano_e.wav,3.417596371882086,female7,female
f7_scales_c_fast_piano_i,Female,f7,Fast_Articulated_Piano,Scale,i,3.62232,/home/evgeniy/Projects/VocalAssistant/datasets/VocalSet/FULL/female7/scales/fast_piano/f7_scales_c_fast_piano_i.wav,3.62562358276644,female7,female
f7_scales_c_fast_piano_o,Female,f7,Fast_Articulated_Piano,Scale,o,3.47139,/home/evgeniy/Projects/VocalAssistant/datasets/VocalSet/FULL/female7/scales/fast_piano/f7_scales_c_fast_piano_o.wav,3.47702947845805,female7,female
f7_scales_c_fast_piano_u,Female,f7,Fast_Articulated_Piano,Scale,u,3.50622,/home/evgeniy/Projects/VocalAssistant/datasets/VocalSet/FULL/female7/scales/fast_piano/f7_scales_c_fast_piano_u.wav,3.5067573696145127,female7,female
f7_scales_c_slow_forte_i,Female,f7,Slow_Legato_Forte,Scale,i,11.57515,/home/evgeniy/Projects/VocalAssistant/datasets/VocalSet/FULL/female7/scales/slow_forte/f7_scales_c_slow_forte_i.wav,11.583038548752835,female7,female
f7_scales_c_slow_forte_o,Female,f7,Slow_Legato_Forte,Scale,o,11.37778,/home/evgeniy/Projects/VocalAssistant/datasets/VocalSet/FULL/female7/scales/slow_forte/f7_scales_c_slow_forte_o.wav,11.383356009070296,female7,female
f7_scales_c_slow_piano_a,Female,f7,Slow_Legato_Piano,Scale,a,13.16572,/home/evgeniy/Projects/VocalAssistant/datasets/VocalSet/FULL/female7/scales/slow_piano/f7_scales_c_slow_piano_a.wav,13.173219954648529,female7,female
f7_scales_c_slow_piano_e,Female,f7,Slow_Legato_Piano,Scale,e,11.88862,/home/evgeniy/Projects/VocalAssistant/datasets/VocalSet/FULL/female7/scales/slow_piano/f7_scales_c_slow_piano_e.wav,11.898390022675738,female7,female
f7_scales_c_slow_piano_i,Female,f7,Slow_Legato_Piano,Scale,i,12.31819,/home/evgeniy/Projects/VocalAssistant/datasets/VocalSet/FULL/female7/scales/slow_piano/f7_scales_c_slow_piano_i.wav,12.323333333333334,female7,female
f7_scales_c_slow_piano_o,Female,f7,Slow_Legato_Piano,Scale,o,12.95674,/home/evgeniy/Projects/VocalAssistant/datasets/VocalSet/FULL/female7/scales/slow_piano/f7_scales_c_slow_piano_o.wav,12.960748299319729,female7,female
f7_scales_c_slow_piano_u,Female,f7,Slow_Legato_Piano,Scale,u,13.45597,/home/evgeniy/Projects/VocalAssistant/datasets/VocalSet/FULL/female7/scales/slow_piano/f7_scales_c_slow_piano_u.wav,13.456530612244896,female7,female
f7_scales_f_fast_forte_a,Female,f7,Fast_Articulated_Forte,Scale,a,3.5991,/home/evgeniy/Projects/VocalAssistant/datasets/VocalSet/FULL/female7/scales/fast_forte/f7_scales_f_fast_forte_a.wav,3.604761904761905,female7,female
f7_scales_f_fast_forte_e,Female,f7,Fast_Articulated_Forte,Scale,e,3.76164,/home/evgeniy/Projects/VocalAssistant/datasets/VocalSet/FULL/female7/scales/fast_forte/f7_scales_f_fast_forte_e.wav,3.7724263038548753,female7,female
f7_scales_f_fast_forte_o,Female,f7,Fast_Articulated_Forte,Scale,o,3.68037,/home/evgeniy/Projects/VocalAssistant/datasets/VocalSet/FULL/female7/scales/fast_forte/f7_scales_f_fast_forte_o.wav,3.68859410430839,female7,female
f7_scales_f_fast_forte_u,Female,f7,Fast_Articulated_Forte,Scale,u,3.483,/home/evgeniy/Projects/VocalAssistant/datasets/VocalSet/FULL/female7/scales/fast_forte/f7_scales_f_fast_forte_u.wav,3.49297052154195,female7,female
f7_scales_f_fast_piano_a,Female,f7,Fast_Articulated_Piano,Scale,a,3.98222,/home/evgeniy/Projects/VocalAssistant/datasets/VocalSet/FULL/female7/scales/fast_piano/f7_scales_f_fast_piano_a.wav,3.99156462585034,female7,female
f7_scales_f_fast_piano_e,Female,f7,Fast_Articulated_Piano,Scale,e,3.75003,/home/evgeniy/Projects/VocalAssistant/datasets/VocalSet/FULL/female7/scales/fast_piano/f7_scales_f_fast_piano_e.wav,3.753265306122449,female7,female
f7_scales_f_fast_piano_i,Female,f7,Fast_Articulated_Piano,Scale,i,4.0751,/home/evgeniy/Projects/VocalAssistant/datasets/VocalSet/FULL/female7/scales/fast_piano/f7_scales_f_fast_piano_i.wav,4.08092970521542,female7,female
f7_scales_f_fast_piano_o,Female,f7,Fast_Articulated_Piano,Scale,o,4.0751,/home/evgeniy/Projects/VocalAssistant/datasets/VocalSet/FULL/female7/scales/fast_piano/f7_scales_f_fast_piano_o.wav,4.080952380952381,female7,female
f7_scales_f_fast_piano_u,Female,f7,Fast_Articulated_Piano,Scale,u,4.31891,/home/evgeniy/Projects/VocalAssistant/datasets/VocalSet/FULL/female7/scales/fast_piano/f7_scales_f_fast_piano_u.wav,4.319229024943311,female7,female
f7_scales_f_slow_piano_e,Female,f7,Slow_Legato_Piano,Scale,e,12.58522,/home/evgeniy/Projects/VocalAssistant/datasets/VocalSet/FULL/female7/scales/slow_piano/f7_scales_f_slow_piano_e.wav,12.58780045351474,female7,female
f7_scales_f_slow_piano_i,Female,f7,Slow_Legato_Piano,Scale,i,12.24853,/home/evgeniy/Projects/VocalAssistant/datasets/VocalSet/FULL/female7/scales/slow_piano/f7_scales_f_slow_piano_i.wav,12.253015873015872,female7,female
f7_scales_f_slow_piano_u,Female,f7,Slow_Legato_Piano,Scale,u,12.92191,/home/evgeniy/Projects/VocalAssistant/datasets/VocalSet/FULL/female7/scales/slow_piano/f7_scales_f_slow_piano_u.wav,12.922585034013606,female7,female
f7_scales_lip_trill_e,Female,f7,Lip_Trill,Scale,e,5.34059,/home/evgeniy/Projects/VocalAssistant/datasets/VocalSet/FULL/female7/scales/lip_trill/f7_scales_lip_trill_e.wav,5.346598639455783,female7,female
f7_scales_lip_trill_i,Female,f7,Lip_Trill,Scale,i,5.43347,/home/evgeniy/Projects/VocalAssistant/datasets/VocalSet/FULL/female7/scales/lip_trill/f7_scales_lip_trill_i.wav,5.442925170068027,female7,female
f7_scales_lip_trill_o,Female,f7,Lip_Trill,Scale,o,5.09678,/home/evgeniy/Projects/VocalAssistant/datasets/VocalSet/FULL/female7/scales/lip_trill/f7_scales_lip_trill_o.wav,5.105759637188209,female7,female
f7_scales_straight_a,Female,f7,StraightTone,Scale,a,12.68971,/home/evgeniy/Projects/VocalAssistant/datasets/VocalSet/FULL/female7/scales/straight/f7_scales_straight_a.wav,12.700090702947843,female7,female
f7_scales_straight_e,Female,f7,StraightTone,Scale,e,12.96835,/home/evgeniy/Projects/VocalAssistant/datasets/VocalSet/FULL/female7/scales/straight/f7_scales_straight_e.wav,12.973219954648526,female7,female
f7_scales_straight_i,Female,f7,StraightTone,Scale,i,12.49234,/home/evgeniy/Projects/VocalAssistant/datasets/VocalSet/FULL/female7/scales/straight/f7_scales_straight_i.wav,12.495260770975056,female7,female
f7_scales_straight_o,Female,f7,StraightTone,Scale,o,12.42268,/home/evgeniy/Projects/VocalAssistant/datasets/VocalSet/FULL/female7/scales/straight/f7_scales_straight_o.wav,12.426984126984127,female7,female
f7_scales_straight_u,Female,f7,StraightTone,Scale,u,11.80735,/home/evgeniy/Projects/VocalAssistant/datasets/VocalSet/FULL/female7/scales/straight/f7_scales_straight_u.wav,11.812448979591837,female7,female
f7_scales_vibrato_a,Female,f7,MoltoVibrato,Scale,a,12.86386,/home/evgeniy/Projects/VocalAssistant/datasets/VocalSet/FULL/female7/scales/vibrato/f7_scales_vibrato_a.wav,12.86657596371882,female7,female
f7_scales_vibrato_e,Female,f7,MoltoVibrato,Scale,e,12.37624,/home/evgeniy/Projects/VocalAssistant/datasets/VocalSet/FULL/female7/scales/vibrato/f7_scales_vibrato_e.wav,12.384943310657595,female7,female
f7_scales_vibrato_i,Female,f7,MoltoVibrato,Scale,i,12.65488,/home/evgeniy/Projects/VocalAssistant/datasets/VocalSet/FULL/female7/scales/vibrato/f7_scales_vibrato_i.wav,12.66015873015873,female7,female
f7_scales_vibrato_o,Female,f7,MoltoVibrato,Scale,o,13.40953,/home/evgeniy/Projects/VocalAssistant/datasets/VocalSet/FULL/female7/scales/vibrato/f7_scales_vibrato_o.wav,13.417006802721088,female7,female
f7_scales_vibrato_u,Female,f7,MoltoVibrato,Scale,u,13.33987,/home/evgeniy/Projects/VocalAssistant/datasets/VocalSet/FULL/female7/scales/vibrato/f7_scales_vibrato_u.wav,13.348208616780044,female7,female
f8_arpeggios_belt_a,Female,f8,Belt_Harsh,Arpeggio,a,8.45207,/home/evgeniy/Projects/VocalAssistant/datasets/VocalSet/FULL/female8/arpeggios/belt/f8_arpeggios_belt_a.wav,8.462630385487529,female8,female
f8_arpeggios_belt_e,Female,f8,Belt_Harsh,Arpeggio,e,8.67266,/home/evgeniy/Projects/VocalAssistant/datasets/VocalSet/FULL/female8/arpeggios/belt/f8_arpeggios_belt_e.wav,8.675260770975056,female8,female
f8_arpeggios_belt_i,Female,f8,Belt_Harsh,Arpeggio,i,8.3708,/home/evgeniy/Projects/VocalAssistant/datasets/VocalSet/FULL/female8/arpeggios/belt/f8_arpeggios_belt_i.wav,8.377573696145125,female8,female
f8_arpeggios_belt_o,Female,f8,Belt_Harsh,Arpeggio,o,8.70749,/home/evgeniy/Projects/VocalAssistant/datasets/VocalSet/FULL/female8/arpeggios/belt/f8_arpeggios_belt_o.wav,8.717800453514739,female8,female
f8_arpeggios_belt_u,Female,f8,Belt_Harsh,Arpeggio,u,8.62622,/home/evgeniy/Projects/VocalAssistant/datasets/VocalSet/FULL/female8/arpeggios/belt/f8_arpeggios_belt_u.wav,8.632743764172336,female8,female
f8_arpeggios_breathy_a,Female,f8,VeryBreathy,Arpeggio,a,9.53179,/home/evgeniy/Projects/VocalAssistant/datasets/VocalSet/FULL/female8/arpeggios/breathy/f8_arpeggios_breathy_a.wav,9.534829931972787,female8,female
f8_arpeggios_breathy_e,Female,f8,VeryBreathy,Arpeggio,e,9.18349,/home/evgeniy/Projects/VocalAssistant/datasets/VocalSet/FULL/female8/arpeggios/breathy/f8_arpeggios_breathy_e.wav,9.183560090702947,female8,female
f8_arpeggios_breathy_i,Female,f8,VeryBreathy,Arpeggio,i,9.22993,/home/evgeniy/Projects/VocalAssistant/datasets/VocalSet/FULL/female8/arpeggios/breathy/f8_arpeggios_breathy_i.wav,9.23374149659864,female8,female
f8_arpeggios_breathy_o,Female,f8,VeryBreathy,Arpeggio,o,8.88164,/home/evgeniy/Projects/VocalAssistant/datasets/VocalSet/FULL/female8/arpeggios/breathy/f8_arpeggios_breathy_o.wav,8.882448979591837,female8,female
f8_arpeggios_breathy_u,Female,f8,VeryBreathy,Arpeggio,u,9.18349,/home/evgeniy/Projects/VocalAssistant/datasets/VocalSet/FULL/female8/arpeggios/breathy/f8_arpeggios_breathy_u.wav,9.183560090702947,female8,female
f8_arpeggios_c_fast_forte_a,Female,f8,Fast_Articulated_Forte,Arpeggio,a,2.28717,/home/evgeniy/Projects/VocalAssistant/datasets/VocalSet/FULL/female8/arpeggios/fast_forte/f8_arpeggios_c_fast_forte_a.wav,2.2883673469387755,female8,female
f8_arpeggios_c_fast_forte_e,Female,f8,Fast_Articulated_Forte,Arpeggio,e,2.11302,/home/evgeniy/Projects/VocalAssistant/datasets/VocalSet/FULL/female8/arpeggios/fast_forte/f8_arpeggios_c_fast_forte_e.wav,2.118866213151928,female8,female
f8_arpeggios_c_fast_forte_i,Female,f8,Fast_Articulated_Forte,Arpeggio,i,2.322,/home/evgeniy/Projects/VocalAssistant/datasets/VocalSet/FULL/female8/arpeggios/fast_forte/f8_arpeggios_c_fast_forte_i.wav,2.3307256235827665,female8,female
f8_arpeggios_c_fast_forte_o,Female,f8,Fast_Articulated_Forte,Arpeggio,o,2.62386,/home/evgeniy/Projects/VocalAssistant/datasets/VocalSet/FULL/female8/arpeggios/fast_forte/f8_arpeggios_c_fast_forte_o.wav,2.627369614512472,female8,female
f8_arpeggios_c_fast_forte_u,Female,f8,Fast_Articulated_Forte,Arpeggio,u,1.90404,/home/evgeniy/Projects/VocalAssistant/datasets/VocalSet/FULL/female8/arpeggios/fast_forte/f8_arpeggios_c_fast_forte_u.wav,1.906984126984127,female8,female
f8_arpeggios_c_fast_piano_a,Female,f8,Fast_Articulated_Piano,Arpeggio,a,2.322,/home/evgeniy/Projects/VocalAssistant/datasets/VocalSet/FULL/female8/arpeggios/fast_piano/f8_arpeggios_c_fast_piano_a.wav,2.327777777777778,female8,female
f8_arpeggios_c_fast_piano_e,Female,f8,Fast_Articulated_Piano,Arpeggio,e,2.10141,/home/evgeniy/Projects/VocalAssistant/datasets/VocalSet/FULL/female8/arpeggios/fast_piano/f8_arpeggios_c_fast_piano_e.wav,2.10249433106576,female8,female
f8_arpeggios_c_fast_piano_i,Female,f8,Fast_Articulated_Piano,Arpeggio,i,2.4381,/home/evgeniy/Projects/VocalAssistant/datasets/VocalSet/FULL/female8/arpeggios/fast_piano/f8_arpeggios_c_fast_piano_i.wav,2.4404081632653063,female8,female
f8_arpeggios_c_fast_piano_o,Female,f8,Fast_Articulated_Piano,Arpeggio,o,2.47293,/home/evgeniy/Projects/VocalAssistant/datasets/VocalSet/FULL/female8/arpeggios/fast_piano/f8_arpeggios_c_fast_piano_o.wav,2.477936507936508,female8,female
f8_arpeggios_c_fast_piano_u,Female,f8,Fast_Articulated_Piano,Arpeggio,u,2.10141,/home/evgeniy/Projects/VocalAssistant/datasets/VocalSet/FULL/female8/arpeggios/fast_piano/f8_arpeggios_c_fast_piano_u.wav,2.102517006802721,female8,female
f8_arpeggios_c_slow_piano_a,Female,f8,Slow_Legato_Piano,Arpeggio,a,10.18195,/home/evgeniy/Projects/VocalAssistant/datasets/VocalSet/FULL/female8/arpeggios/slow_piano/f8_arpeggios_c_slow_piano_a.wav,10.184625850340137,female8,female
f8_arpeggios_c_slow_piano_e,Female,f8,Slow_Legato_Piano,Arpeggio,e,10.07746,/home/evgeniy/Projects/VocalAssistant/datasets/VocalSet/FULL/female8/arpeggios/slow_piano/f8_arpeggios_c_slow_piano_e.wav,10.085736961451246,female8,female
f8_arpeggios_c_slow_piano_i,Female,f8,Slow_Legato_Piano,Arpeggio,i,10.37932,/home/evgeniy/Projects/VocalAssistant/datasets/VocalSet/FULL/female8/arpeggios/slow_piano/f8_arpeggios_c_slow_piano_i.wav,10.382403628117912,female8,female
f8_arpeggios_c_slow_piano_o,Female,f8,Slow_Legato_Piano,Arpeggio,o,10.86694,/home/evgeniy/Projects/VocalAssistant/datasets/VocalSet/FULL/female8/arpeggios/slow_piano/f8_arpeggios_c_slow_piano_o.wav,10.876780045351474,female8,female
f8_arpeggios_c_slow_piano_u,Female,f8,Slow_Legato_Piano,Arpeggio,u,10.57669,/home/evgeniy/Projects/VocalAssistant/datasets/VocalSet/FULL/female8/arpeggios/slow_piano/f8_arpeggios_c_slow_piano_u.wav,10.580136054421768,female8,female
f8_arpeggios_f_fast_forte_a,Female,f8,Fast_Articulated_Forte,Arpeggio,a,2.62386,/home/evgeniy/Projects/VocalAssistant/datasets/VocalSet/FULL/female8/arpeggios/fast_forte/f8_arpeggios_f_fast_forte_a.wav,2.627369614512472,female8,female
f8_arpeggios_f_fast_forte_e,Female,f8,Fast_Articulated_Forte,Arpeggio,e,1.93887,/home/evgeniy/Projects/VocalAssistant/datasets/VocalSet/FULL/female8/arpeggios/fast_forte/f8_arpeggios_f_fast_forte_e.wav,1.949342403628118,female8,female
f8_arpeggios_f_fast_forte_i,Female,f8,Fast_Articulated_Forte,Arpeggio,i,2.65869,/home/evgeniy/Projects/VocalAssistant/datasets/VocalSet/FULL/female8/arpeggios/fast_forte/f8_arpeggios_f_fast_forte_i.wav,2.669750566893424,female8,female
f8_arpeggios_f_fast_forte_o,Female,f8,Fast_Articulated_Forte,Arpeggio,o,2.06658,/home/evgeniy/Projects/VocalAssistant/datasets/VocalSet/FULL/female8/arpeggios/fast_forte/f8_arpeggios_f_fast_forte_o.wav,2.076485260770975,female8,female
f8_arpeggios_f_fast_forte_u,Female,f8,Fast_Articulated_Forte,Arpeggio,u,2.41488,/home/evgeniy/Projects/VocalAssistant/datasets/VocalSet/FULL/female8/arpeggios/fast_forte/f8_arpeggios_f_fast_forte_u.wav,2.4154875283446717,female8,female
f8_arpeggios_f_fast_piano_a,Female,f8,Fast_Articulated_Piano,Arpeggio,a,2.2059,/home/evgeniy/Projects/VocalAssistant/datasets/VocalSet/FULL/female8/arpeggios/fast_piano/f8_arpeggios_f_fast_piano_a.wav,2.2151473922902496,female8,female
f8_arpeggios_f_fast_piano_e,Female,f8,Fast_Articulated_Piano,Arpeggio,e,2.25234,/home/evgeniy/Projects/VocalAssistant/datasets/VocalSet/FULL/female8/arpeggios/fast_piano/f8_arpeggios_f_fast_piano_e.wav,2.2526757369614514,female8,female
f8_arpeggios_f_fast_piano_i,Female,f8,Fast_Articulated_Piano,Arpeggio,i,2.25234,/home/evgeniy/Projects/VocalAssistant/datasets/VocalSet/FULL/female8/arpeggios/fast_piano/f8_arpeggios_f_fast_piano_i.wav,2.2526757369614514,female8,female
f8_arpeggios_f_fast_piano_o,Female,f8,Fast_Articulated_Piano,Arpeggio,o,2.02014,/home/evgeniy/Projects/VocalAssistant/datasets/VocalSet/FULL/female8/arpeggios/fast_piano/f8_arpeggios_f_fast_piano_o.wav,2.027392290249433,female8,female
f8_arpeggios_f_fast_piano_u,Female,f8,Fast_Articulated_Piano,Arpeggio,u,2.02014,/home/evgeniy/Projects/VocalAssistant/datasets/VocalSet/FULL/female8/arpeggios/fast_piano/f8_arpeggios_f_fast_piano_u.wav,2.0274149659863947,female8,female
f8_arpeggios_f_slow_forte_i,Female,f8,Slow_Legato_Forte,Arpeggio,i,9.43891,/home/evgeniy/Projects/VocalAssistant/datasets/VocalSet/FULL/female8/arpeggios/slow_forte/f8_arpeggios_f_slow_forte_i.wav,9.448820861678003,female8,female
f8_arpeggios_f_slow_forte_o,Female,f8,Slow_Legato_Forte,Arpeggio,o,9.3112,/home/evgeniy/Projects/VocalAssistant/datasets/VocalSet/FULL/female8/arpeggios/slow_forte/f8_arpeggios_f_slow_forte_o.wav,9.31938775510204,female8,female
f8_arpeggios_f_slow_piano_a,Female,f8,Slow_Legato_Piano,Arpeggio,a,10.07746,/home/evgeniy/Projects/VocalAssistant/datasets/VocalSet/FULL/female8/arpeggios/slow_piano/f8_arpeggios_f_slow_piano_a.wav,10.085736961451246,female8,female
f8_arpeggios_f_slow_piano_e,Female,f8,Slow_Legato_Piano,Arpeggio,e,10.18195,/home/evgeniy/Projects/VocalAssistant/datasets/VocalSet/FULL/female8/arpeggios/slow_piano/f8_arpeggios_f_slow_piano_e.wav,10.184625850340137,female8,female
f8_arpeggios_f_slow_piano_i,Female,f8,Slow_Legato_Piano,Arpeggio,i,9.88009,/home/evgeniy/Projects/VocalAssistant/datasets/VocalSet/FULL/female8/arpeggios/slow_piano/f8_arpeggios_f_slow_piano_i.wav,9.88798185941043,female8,female
f8_arpeggios_f_slow_piano_o,Female,f8,Slow_Legato_Piano,Arpeggio,o,10.07746,/home/evgeniy/Projects/VocalAssistant/datasets/VocalSet/FULL/female8/arpeggios/slow_piano/f8_arpeggios_f_slow_piano_o.wav,10.08575963718821,female8,female
f8_arpeggios_f_slow_piano_u,Female,f8,Slow_Legato_Piano,Arpeggio,u,10.4722,/home/evgeniy/Projects/VocalAssistant/datasets/VocalSet/FULL/female8/arpeggios/slow_piano/f8_arpeggios_f_slow_piano_u.wav,10.48126984126984,female8,female
f8_arpeggios_lip_trill_a,Female,f8,Lip_Trill,Arpeggio,a,6.83828,/home/evgeniy/Projects/VocalAssistant/datasets/VocalSet/FULL/female8/arpeggios/lip_trill/f8_arpeggios_lip_trill_a.wav,6.84936507936508,female8,female
f8_arpeggios_lip_trill_e,Female,f8,Lip_Trill,Arpeggio,e,7.00082,/home/evgeniy/Projects/VocalAssistant/datasets/VocalSet/FULL/female8/arpeggios/lip_trill/f8_arpeggios_lip_trill_e.wav,7.005034013605442,female8,female
f8_arpeggios_lip_trill_i,Female,f8,Lip_Trill,Arpeggio,i,7.31429,/home/evgeniy/Projects/VocalAssistant/datasets/VocalSet/FULL/female8/arpeggios/lip_trill/f8_arpeggios_lip_trill_i.wav,7.316371882086168,female8,female
f8_arpeggios_lip_trill_o,Female,f8,Lip_Trill,Arpeggio,o,6.42032,/home/evgeniy/Projects/VocalAssistant/datasets/VocalSet/FULL/female8/arpeggios/lip_trill/f8_arpeggios_lip_trill_o.wav,6.421269841269841,female8,female
f8_arpeggios_lip_trill_u,Female,f8,Lip_Trill,Arpeggio,u,6.76862,/home/evgeniy/Projects/VocalAssistant/datasets/VocalSet/FULL/female8/arpeggios/lip_trill/f8_arpeggios_lip_trill_u.wav,6.771541950113379,female8,female
f8_arpeggios_straight_a,Female,f8,Slow_StraightTone,Arpeggio,a,8.18504,/home/evgeniy/Projects/VocalAssistant/datasets/VocalSet/FULL/female8/arpeggios/straight/f8_arpeggios_straight_a.wav,8.196326530612245,female8,female
f8_arpeggios_straight_e,Female,f8,Slow_StraightTone,Arpeggio,e,7.69742,/home/evgeniy/Projects/VocalAssistant/datasets/VocalSet/FULL/female8/arpeggios/straight/f8_arpeggios_straight_e.wav,7.702086167800453,female8,female
f8_arpeggios_straight_i,Female,f8,Slow_StraightTone,Arpeggio,i,7.94123,/home/evgeniy/Projects/VocalAssistant/datasets/VocalSet/FULL/female8/arpeggios/straight/f8_arpeggios_straight_i.wav,7.9491836734693875,female8,female
f8_arpeggios_straight_o,Female,f8,Slow_StraightTone,Arpeggio,o,8.27792,/home/evgeniy/Projects/VocalAssistant/datasets/VocalSet/FULL/female8/arpeggios/straight/f8_arpeggios_straight_o.wav,8.278684807256235,female8,female
f8_arpeggios_straight_u,Female,f8,Slow_StraightTone,Arpeggio,u,8.55656,/home/evgeniy/Projects/VocalAssistant/datasets/VocalSet/FULL/female8/arpeggios/straight/f8_arpeggios_straight_u.wav,8.567006802721089,female8,female
f8_arpeggios_vibrato_a,Female,f8,Slow_MoltoVibrato,Arpeggio,a,8.61461,/home/evgeniy/Projects/VocalAssistant/datasets/VocalSet/FULL/female8/arpeggios/vibrato/f8_arpeggios_vibrato_a.wav,8.617641723356009,female8,female
f8_arpeggios_vibrato_e,Female,f8,Slow_MoltoVibrato,Arpeggio,e,8.64944,/home/evgeniy/Projects/VocalAssistant/datasets/VocalSet/FULL/female8/arpeggios/vibrato/f8_arpeggios_vibrato_e.wav,8.660090702947846,female8,female
f8_arpeggios_vibrato_i,Female,f8,Slow_MoltoVibrato,Arpeggio,i,8.82359,/home/evgeniy/Projects/VocalAssistant/datasets/VocalSet/FULL/female8/arpeggios/vibrato/f8_arpeggios_vibrato_i.wav,8.829909297052154,female8,female
f8_arpeggios_vibrato_o,Female,f8,Slow_MoltoVibrato,Arpeggio,o,8.64944,/home/evgeniy/Projects/VocalAssistant/datasets/VocalSet/FULL/female8/arpeggios/vibrato/f8_arpeggios_vibrato_o.wav,8.660113378684807,female8,female
f8_arpeggios_vibrato_u,Female,f8,Slow_MoltoVibrato,Arpeggio,u,8.99774,/home/evgeniy/Projects/VocalAssistant/datasets/VocalSet/FULL/female8/arpeggios/vibrato/f8_arpeggios_vibrato_u.wav,8.999705215419501,female8,female
f8_caro_straight,Female,f8,StraightTone,MusicalExcerp_Caro,,38.19683,/home/evgeniy/Projects/VocalAssistant/datasets/VocalSet/FULL/female8/excerpts/straight/f8_caro_straight.wav,38.20673469387755,female8,female
f8_caro_vibrato,Female,f8,MoltoVibrato,MusicalExcerp_Caro,o,38.33615,/home/evgeniy/Projects/VocalAssistant/datasets/VocalSet/FULL/female8/excerpts/vibrato/f8_caro_vibrato.wav,38.33802721088436,female8,female
f8_dona_straight,Female,f8,StraightTone,MusicalExcerp_Dona,,20.83991,/home/evgeniy/Projects/VocalAssistant/datasets/VocalSet/FULL/female8/excerpts/straight/f8_dona_straight.wav,20.84936507936508,female8,female
f8_dona_vibrato,Female,f8,MoltoVibrato,MusicalExcerp_Dona,o,21.51329,/home/evgeniy/Projects/VocalAssistant/datasets/VocalSet/FULL/female8/excerpts/vibrato/f8_dona_vibrato.wav,21.517142857142854,female8,female
f8_long_forte_a,Female,f8,FullVoice,Long_tones,a,17.04345,/home/evgeniy/Projects/VocalAssistant/datasets/VocalSet/FULL/female8/long_tones/forte/f8_long_forte_a.wav,17.048956916099772,female8,female
f8_long_forte_e,Female,f8,FullVoice,Long_tones,e,13.32826,/home/evgeniy/Projects/VocalAssistant/datasets/VocalSet/FULL/female8/long_tones/forte/f8_long_forte_e.wav,13.333174603174603,female8,female
f8_long_forte_i,Female,f8,FullVoice,Long_tones,i,13.17733,/home/evgeniy/Projects/VocalAssistant/datasets/VocalSet/FULL/female8/long_tones/forte/f8_long_forte_i.wav,13.187460317460316,female8,female
f8_long_forte_o,Female,f8,FullVoice,Long_tones,o,13.76944,/home/evgeniy/Projects/VocalAssistant/datasets/VocalSet/FULL/female8/long_tones/forte/f8_long_forte_o.wav,13.77031746031746,female8,female
f8_long_forte_u,Female,f8,FullVoice,Long_tones,u,13.76944,/home/evgeniy/Projects/VocalAssistant/datasets/VocalSet/FULL/female8/long_tones/forte/f8_long_forte_u.wav,13.77031746031746,female8,female
f8_long_messa_a,Female,f8,MessaDiVoce,Long_tones,a,15.80118,/home/evgeniy/Projects/VocalAssistant/datasets/VocalSet/FULL/female8/long_tones/messa/f8_long_messa_a.wav,15.807755102040815,female8,female
f8_long_messa_e,Female,f8,MessaDiVoce,Long_tones,e,14.50086,/home/evgeniy/Projects/VocalAssistant/datasets/VocalSet/FULL/female8/long_tones/messa/f8_long_messa_e.wav,14.50671201814059,female8,female
f8_long_messa_i,Female,f8,MessaDiVoce,Long_tones,i,14.37315,/home/evgeniy/Projects/VocalAssistant/datasets/VocalSet/FULL/female8/long_tones/messa/f8_long_messa_i.wav,14.376621315192745,female8,female
f8_long_messa_o,Female,f8,MessaDiVoce,Long_tones,o,13.723,/home/evgeniy/Projects/VocalAssistant/datasets/VocalSet/FULL/female8/long_tones/messa/f8_long_messa_o.wav,13.72607709750567,female8,female
f8_long_messa_u,Female,f8,MessaDiVoce,Long_tones,u,13.85071,/home/evgeniy/Projects/VocalAssistant/datasets/VocalSet/FULL/female8/long_tones/messa/f8_long_messa_u.wav,13.856190476190475,female8,female
f8_long_straight_a,Female,f8,StraightTone,Long_tones,a,15.04653,/home/evgeniy/Projects/VocalAssistant/datasets/VocalSet/FULL/female8/long_tones/straight/f8_long_straight_a.wav,15.048979591836735,female8,female
f8_long_straight_e,Female,f8,StraightTone,Long_tones,e,12.74776,/home/evgeniy/Projects/VocalAssistant/datasets/VocalSet/FULL/female8/long_tones/straight/f8_long_straight_e.wav,12.757573696145124,female8,female
f8_long_straight_i,Female,f8,StraightTone,Long_tones,i,13.00318,/home/evgeniy/Projects/VocalAssistant/datasets/VocalSet/FULL/female8/long_tones/straight/f8_long_straight_i.wav,13.00530612244898,female8,female
f8_long_straight_o,Female,f8,StraightTone,Long_tones,o,13.11928,/home/evgeniy/Projects/VocalAssistant/datasets/VocalSet/FULL/female8/long_tones/straight/f8_long_straight_o.wav,13.129160997732429,female8,female
f8_long_straight_u,Female,f8,StraightTone,Long_tones,u,13.86232,/home/evgeniy/Projects/VocalAssistant/datasets/VocalSet/FULL/female8/long_tones/straight/f8_long_straight_u.wav,13.872335600907029,female8,female
f8_long_trill_a,Female,f8,Trill,Long_tones,a,10.46059,/home/evgeniy/Projects/VocalAssistant/datasets/VocalSet/FULL/female8/long_tones/trill/f8_long_trill_a.wav,10.469750566893424,female8,female
f8_long_trill_e,Female,f8,Trill,Long_tones,e,9.72916,/home/evgeniy/Projects/VocalAssistant/datasets/VocalSet/FULL/female8/long_tones/trill/f8_long_trill_e.wav,9.739297052154194,female8,female
f8_long_trill_i,Female,f8,Trill,Long_tones,i,10.32127,/home/evgeniy/Projects/VocalAssistant/datasets/VocalSet/FULL/female8/long_tones/trill/f8_long_trill_i.wav,10.323650793650794,female8,female
f8_long_trill_o,Female,f8,Trill,Long_tones,o,10.65796,/home/evgeniy/Projects/VocalAssistant/datasets/VocalSet/FULL/female8/long_tones/trill/f8_long_trill_o.wav,10.664535147392291,female8,female
f8_long_trill_u,Female,f8,Trill,Long_tones,u,10.75084,/home/evgeniy/Projects/VocalAssistant/datasets/VocalSet/FULL/female8/long_tones/trill/f8_long_trill_u.wav,10.761927437641724,female8,female
f8_long_trillo_a,Female,f8,Trillo,Long_tones,a,6.88472,/home/evgeniy/Projects/VocalAssistant/datasets/VocalSet/FULL/female8/long_tones/trillo/f8_long_trillo_a.wav,6.894671201814059,female8,female
f8_long_trillo_e,Female,f8,Trillo,Long_tones,e,7.16336,/home/evgeniy/Projects/VocalAssistant/datasets/VocalSet/FULL/female8/long_tones/trillo/f8_long_trillo_e.wav,7.165804988662131,female8,female
f8_long_trillo_i,Female,f8,Trillo,Long_tones,i,6.58286,/home/evgeniy/Projects/VocalAssistant/datasets/VocalSet/FULL/female8/long_tones/trillo/f8_long_trillo_i.wav,6.584784580498866,female8,female
f8_long_trillo_o,Female,f8,Trillo,Long_tones,o,6.73379,/home/evgeniy/Projects/VocalAssistant/datasets/VocalSet/FULL/female8/long_tones/trillo/f8_long_trillo_o.wav,6.739727891156463,female8,female
f8_long_trillo_u,Female,f8,Trillo,Long_tones,u,6.69896,/home/evgeniy/Projects/VocalAssistant/datasets/VocalSet/FULL/female8/long_tones/trillo/f8_long_trillo_u.wav,6.700997732426304,female8,female
f8_row_straight,Female,f8,StraightTone,MusicalExcerp_RowRow,,18.34377,/home/evgeniy/Projects/VocalAssistant/datasets/VocalSet/FULL/female8/excerpts/straight/f8_row_straight.wav,18.348843537414965,female8,female
f8_row_vibrato,Female,f8,MoltoVibrato,MusicalExcerp_RowRow,o,17.35692,/home/evgeniy/Projects/VocalAssistant/datasets/VocalSet/FULL/female8/excerpts/vibrato/f8_row_vibrato.wav,17.368344671201815,female8,female
f8_scales_belt_a,Female,f8,Belt_Harsh,Scale,a,10.18195,/home/evgeniy/Projects/VocalAssistant/datasets/VocalSet/FULL/female8/scales/belt/f8_scales_belt_a.wav,10.187233560090704,female8,female
f8_scales_belt_e,Female,f8,Belt_Harsh,Scale,e,10.63474,/home/evgeniy/Projects/VocalAssistant/datasets/VocalSet/FULL/female8/scales/belt/f8_scales_belt_e.wav,10.63888888888889,female8,female
f8_scales_belt_i,Female,f8,Belt_Harsh,Scale,i,10.13551,/home/evgeniy/Projects/VocalAssistant/datasets/VocalSet/FULL/female8/scales/belt/f8_scales_belt_i.wav,10.137052154195011,female8,female
f8_scales_belt_o,Female,f8,Belt_Harsh,Scale,o,9.83365,/home/evgeniy/Projects/VocalAssistant/datasets/VocalSet/FULL/female8/scales/belt/f8_scales_belt_o.wav,9.8359410430839,female8,female
f8_scales_belt_u,Female,f8,Belt_Harsh,Scale,u,10.53025,/home/evgeniy/Projects/VocalAssistant/datasets/VocalSet/FULL/female8/scales/belt/f8_scales_belt_u.wav,10.538503401360543,female8,female
f8_scales_breathy_a,Female,f8,Breathy,Scale,a,9.33442,/home/evgeniy/Projects/VocalAssistant/datasets/VocalSet/FULL/female8/scales/breathy/f8_scales_breathy_a.wav,9.338866213151928,female8,female
f8_scales_breathy_e,Female,f8,Breathy,Scale,e,10.0078,/home/evgeniy/Projects/VocalAssistant/datasets/VocalSet/FULL/female8/scales/breathy/f8_scales_breathy_e.wav,10.009614512471655,female8,female
f8_scales_breathy_i,Female,f8,Breathy,Scale,i,10.26322,/home/evgeniy/Projects/VocalAssistant/datasets/VocalSet/FULL/female8/scales/breathy/f8_scales_breathy_i.wav,10.267596371882084,female8,female
f8_scales_breathy_o,Female,f8,Breathy,Scale,o,10.77406,/home/evgeniy/Projects/VocalAssistant/datasets/VocalSet/FULL/female8/scales/breathy/f8_scales_breathy_o.wav,10.783560090702949,female8,female
f8_scales_breathy_u,Female,f8,Breathy,Scale,u,10.51864,/home/evgeniy/Projects/VocalAssistant/datasets/VocalSet/FULL/female8/scales/breathy/f8_scales_breathy_u.wav,10.525578231292515,female8,female
f8_scales_c_fast_forte_a,Female,f8,Fast_Articulated_Forte,Scale,a,4.69043,/home/evgeniy/Projects/VocalAssistant/datasets/VocalSet/FULL/female8/scales/fast_forte/f8_scales_c_fast_forte_a.wav,4.701179138321995,female8,female
f8_scales_c_fast_forte_e,Female,f8,Fast_Articulated_Forte,Scale,e,5.21288,/home/evgeniy/Projects/VocalAssistant/datasets/VocalSet/FULL/female8/scales/fast_forte/f8_scales_c_fast_forte_e.wav,5.223537414965986,female8,female
f8_scales_c_fast_forte_i,Female,f8,Fast_Articulated_Forte,Scale,i,5.21288,/home/evgeniy/Projects/VocalAssistant/datasets/VocalSet/FULL/female8/scales/fast_forte/f8_scales_c_fast_forte_i.wav,5.223537414965986,female8,female
f8_scales_c_fast_forte_o,Female,f8,Fast_Articulated_Forte,Scale,o,4.95746,/home/evgeniy/Projects/VocalAssistant/datasets/VocalSet/FULL/female8/scales/fast_forte/f8_scales_c_fast_forte_o.wav,4.962358276643991,female8,female
f8_scales_c_fast_forte_u,Female,f8,Fast_Articulated_Forte,Scale,u,5.21288,/home/evgeniy/Projects/VocalAssistant/datasets/VocalSet/FULL/female8/scales/fast_forte/f8_scales_c_fast_forte_u.wav,5.223537414965986,female8,female
f8_scales_c_fast_piano_a,Female,f8,Fast_Articulated_Piano,Scale,a,5.12,/home/evgeniy/Projects/VocalAssistant/datasets/VocalSet/FULL/female8/scales/fast_piano/f8_scales_c_fast_piano_a.wav,5.121383219954649,female8,female
f8_scales_c_fast_piano_e,Female,f8,Fast_Articulated_Piano,Scale,e,4.87619,/home/evgeniy/Projects/VocalAssistant/datasets/VocalSet/FULL/female8/scales/fast_piano/f8_scales_c_fast_piano_e.wav,4.883174603174603,female8,female
f8_scales_c_fast_piano_i,Female,f8,Fast_Articulated_Piano,Scale,i,4.22603,/home/evgeniy/Projects/VocalAssistant/datasets/VocalSet/FULL/female8/scales/fast_piano/f8_scales_c_fast_piano_i.wav,4.228117913832199,female8,female
f8_scales_c_fast_piano_o,Female,f8,Fast_Articulated_Piano,Scale,o,4.70204,/home/evgeniy/Projects/VocalAssistant/datasets/VocalSet/FULL/female8/scales/fast_piano/f8_scales_c_fast_piano_o.wav,4.70453514739229,female8,female
f8_scales_c_fast_piano_u,Female,f8,Fast_Articulated_Piano,Scale,u,5.12,/home/evgeniy/Projects/VocalAssistant/datasets/VocalSet/FULL/female8/scales/fast_piano/f8_scales_c_fast_piano_u.wav,5.121383219954649,female8,female
f8_scales_c_slow_forte_i,Female,f8,Slow_Legato_Forte,Scale,i,12.88708,/home/evgeniy/Projects/VocalAssistant/datasets/VocalSet/FULL/female8/scales/slow_forte/f8_scales_c_slow_forte_i.wav,12.895124716553289,female8,female
f8_scales_c_slow_forte_o,Female,f8,Slow_Legato_Forte,Scale,o,14.19901,/home/evgeniy/Projects/VocalAssistant/datasets/VocalSet/FULL/female8/scales/slow_forte/f8_scales_c_slow_forte_o.wav,14.208526077097506,female8,female
f8_scales_c_slow_piano_a,Female,f8,Slow_Legato_Piano,Scale,a,12.92191,/home/evgeniy/Projects/VocalAssistant/datasets/VocalSet/FULL/female8/scales/slow_piano/f8_scales_c_slow_piano_a.wav,12.92687074829932,female8,female
f8_scales_c_slow_piano_e,Female,f8,Slow_Legato_Piano,Scale,e,13.28182,/home/evgeniy/Projects/VocalAssistant/datasets/VocalSet/FULL/female8/scales/slow_piano/f8_scales_c_slow_piano_e.wav,13.289297052154197,female8,female
f8_scales_c_slow_piano_i,Female,f8,Slow_Legato_Piano,Scale,i,12.6781,/home/evgeniy/Projects/VocalAssistant/datasets/VocalSet/FULL/female8/scales/slow_piano/f8_scales_c_slow_piano_i.wav,12.685260770975058,female8,female
f8_scales_c_slow_piano_o,Female,f8,Slow_Legato_Piano,Scale,o,13.40953,/home/evgeniy/Projects/VocalAssistant/datasets/VocalSet/FULL/female8/scales/slow_piano/f8_scales_c_slow_piano_o.wav,13.410136054421768,female8,female
f8_scales_c_slow_piano_u,Female,f8,Slow_Legato_Piano,Scale,u,13.16572,/home/evgeniy/Projects/VocalAssistant/datasets/VocalSet/FULL/female8/scales/slow_piano/f8_scales_c_slow_piano_u.wav,13.168503401360544,female8,female
f8_scales_f_fast_forte_a,Female,f8,Fast_Articulated_Forte,Scale,a,5.30576,/home/evgeniy/Projects/VocalAssistant/datasets/VocalSet/FULL/female8/scales/fast_forte/f8_scales_f_fast_forte_a.wav,5.310589569160998,female8,female
f8_scales_f_fast_forte_e,Female,f8,Fast_Articulated_Forte,Scale,e,5.30576,/home/evgeniy/Projects/VocalAssistant/datasets/VocalSet/FULL/female8/scales/fast_forte/f8_scales_f_fast_forte_e.wav,5.310589569160998,female8,female
f8_scales_f_fast_forte_i,Female,f8,Fast_Articulated_Forte,Scale,i,4.95746,/home/evgeniy/Projects/VocalAssistant/datasets/VocalSet/FULL/female8/scales/fast_forte/f8_scales_f_fast_forte_i.wav,4.962358276643991,female8,female
f8_scales_f_fast_forte_o,Female,f8,Fast_Articulated_Forte,Scale,o,4.69043,/home/evgeniy/Projects/VocalAssistant/datasets/VocalSet/FULL/female8/scales/fast_forte/f8_scales_f_fast_forte_o.wav,4.701179138321995,female8,female
f8_scales_f_fast_forte_u,Female,f8,Fast_Articulated_Forte,Scale,u,5.21288,/home/evgeniy/Projects/VocalAssistant/datasets/VocalSet/FULL/female8/scales/fast_forte/f8_scales_f_fast_forte_u.wav,5.223537414965986,female8,female
f8_scales_f_fast_piano_a,Female,f8,Fast_Articulated_Piano,Scale,a,5.65406,/home/evgeniy/Projects/VocalAssistant/datasets/VocalSet/FULL/female8/scales/fast_piano/f8_scales_f_fast_piano_a.wav,5.65734693877551,female8,female
f8_scales_f_fast_piano_e,Female,f8,Fast_Articulated_Piano,Scale,e,4.93424,/home/evgeniy/Projects/VocalAssistant/datasets/VocalSet/FULL/female8/scales/fast_piano/f8_scales_f_fast_piano_e.wav,4.942721088435374,female8,female
f8_scales_f_fast_piano_i,Female,f8,Fast_Articulated_Piano,Scale,i,4.81814,/home/evgeniy/Projects/VocalAssistant/datasets/VocalSet/FULL/female8/scales/fast_piano/f8_scales_f_fast_piano_i.wav,4.823628117913832,female8,female
f8_scales_f_fast_piano_o,Female,f8,Fast_Articulated_Piano,Scale,o,4.93424,/home/evgeniy/Projects/VocalAssistant/datasets/VocalSet/FULL/female8/scales/fast_piano/f8_scales_f_fast_piano_o.wav,4.942721088435374,female8,female
f8_scales_f_fast_piano_u,Female,f8,Fast_Articulated_Piano,Scale,u,4.57433,/home/evgeniy/Projects/VocalAssistant/datasets/VocalSet/FULL/female8/scales/fast_piano/f8_scales_f_fast_piano_u.wav,4.585419501133787,female8,female
f8_scales_f_slow_forte_o,Female,f8,Slow_Legato_Forte,Scale,o,13.00318,/home/evgeniy/Projects/VocalAssistant/datasets/VocalSet/FULL/female8/scales/slow_forte/f8_scales_f_slow_forte_o.wav,13.014512471655328,female8,female
f8_scales_f_slow_piano_a,Female,f8,Slow_Legato_Piano,Scale,a,12.92191,/home/evgeniy/Projects/VocalAssistant/datasets/VocalSet/FULL/female8/scales/slow_piano/f8_scales_f_slow_piano_a.wav,12.92687074829932,female8,female
f8_scales_f_slow_piano_e,Female,f8,Slow_Legato_Piano,Scale,e,13.40953,/home/evgeniy/Projects/VocalAssistant/datasets/VocalSet/FULL/female8/scales/slow_piano/f8_scales_f_slow_piano_e.wav,13.410113378684809,female8,female
f8_scales_f_slow_piano_i,Female,f8,Slow_Legato_Piano,Scale,i,13.03801,/home/evgeniy/Projects/VocalAssistant/datasets/VocalSet/FULL/female8/scales/slow_piano/f8_scales_f_slow_piano_i.wav,13.047664399092971,female8,female
f8_scales_f_slow_piano_o,Female,f8,Slow_Legato_Piano,Scale,o,14.12935,/home/evgeniy/Projects/VocalAssistant/datasets/VocalSet/FULL/female8/scales/slow_piano/f8_scales_f_slow_piano_o.wav,14.13498866213152,female8,female
f8_scales_f_slow_piano_u,Female,f8,Slow_Legato_Piano,Scale,u,14.61696,/home/evgeniy/Projects/VocalAssistant/datasets/VocalSet/FULL/female8/scales/slow_piano/f8_scales_f_slow_piano_u.wav,14.618253968253969,female8,female
f8_scales_lip_trill_a,Female,f8,Lip_Trill,Scale,a,9.43891,/home/evgeniy/Projects/VocalAssistant/datasets/VocalSet/FULL/female8/scales/lip_trill/f8_scales_lip_trill_a.wav,9.44251700680272,female8,female
f8_scales_lip_trill_e,Female,f8,Lip_Trill,Scale,e,9.62467,/home/evgeniy/Projects/VocalAssistant/datasets/VocalSet/FULL/female8/scales/lip_trill/f8_scales_lip_trill_e.wav,9.635192743764172,female8,female
f8_scales_lip_trill_i,Female,f8,Lip_Trill,Scale,i,9.10222,/home/evgeniy/Projects/VocalAssistant/datasets/VocalSet/FULL/female8/scales/lip_trill/f8_scales_lip_trill_i.wav,9.10528344671202,female8,female
f8_scales_lip_trill_o,Female,f8,Lip_Trill,Scale,o,8.99774,/home/evgeniy/Projects/VocalAssistant/datasets/VocalSet/FULL/female8/scales/lip_trill/f8_scales_lip_trill_o.wav,9.00891156462585,female8,female
f8_scales_lip_trill_u,Female,f8,Lip_Trill,Scale,u,9.68272,/home/evgeniy/Projects/VocalAssistant/datasets/VocalSet/FULL/female8/scales/lip_trill/f8_scales_lip_trill_u.wav,9.683378684807256,female8,female
f8_scales_straight_a,Female,f8,StraightTone,Scale,a,8.87003,/home/evgeniy/Projects/VocalAssistant/datasets/VocalSet/FULL/female8/scales/straight/f8_scales_straight_a.wav,8.877777777777778,female8,female
f8_scales_straight_e,Female,f8,StraightTone,Scale,e,8.96291,/home/evgeniy/Projects/VocalAssistant/datasets/VocalSet/FULL/female8/scales/straight/f8_scales_straight_e.wav,8.973242630385487,female8,female
f8_scales_straight_i,Female,f8,StraightTone,Scale,i,10.01941,/home/evgeniy/Projects/VocalAssistant/datasets/VocalSet/FULL/female8/scales/straight/f8_scales_straight_i.wav,10.02328798185941,female8,female
f8_scales_straight_o,Female,f8,StraightTone,Scale,o,9.39247,/home/evgeniy/Projects/VocalAssistant/datasets/VocalSet/FULL/female8/scales/straight/f8_scales_straight_o.wav,9.40281179138322,female8,female
f8_scales_straight_u,Female,f8,StraightTone,Scale,u,10.01941,/home/evgeniy/Projects/VocalAssistant/datasets/VocalSet/FULL/female8/scales/straight/f8_scales_straight_u.wav,10.023310657596372,female8,female
f8_scales_vibrato_a,Female,f8,MoltoVibrato,Scale,a,10.61152,/home/evgeniy/Projects/VocalAssistant/datasets/VocalSet/FULL/female8/scales/vibrato/f8_scales_vibrato_a.wav,10.622675736961453,female8,female
f8_scales_vibrato_e,Female,f8,MoltoVibrato,Scale,e,10.50703,/home/evgeniy/Projects/VocalAssistant/datasets/VocalSet/FULL/female8/scales/vibrato/f8_scales_vibrato_e.wav,10.51591836734694,female8,female
f8_scales_vibrato_i,Female,f8,MoltoVibrato,Scale,i,10.56508,/home/evgeniy/Projects/VocalAssistant/datasets/VocalSet/FULL/female8/scales/vibrato/f8_scales_vibrato_i.wav,10.569297052154194,female8,female
f8_scales_vibrato_o,Female,f8,MoltoVibrato,Scale,o,10.19356,/home/evgeniy/Projects/VocalAssistant/datasets/VocalSet/FULL/female8/scales/vibrato/f8_scales_vibrato_o.wav,10.19562358276644,female8,female
f8_scales_vibrato_u,Female,f8,MoltoVibrato,Scale,u,10.72762,/home/evgeniy/Projects/VocalAssistant/datasets/VocalSet/FULL/female8/scales/vibrato/f8_scales_vibrato_u.wav,10.729433106575964,female8,female
f9_arpeggios_belt_a,Female,f9,Belt_Harsh,Arpeggio,a,4.28408,/home/evgeniy/Projects/VocalAssistant/datasets/VocalSet/FULL/female9/arpeggios/belt/f9_arpeggios_belt_a.wav,4.295532879818594,female9,female
f9_arpeggios_belt_e,Female,f9,Belt_Harsh,Arpeggio,e,4.69043,/home/evgeniy/Projects/VocalAssistant/datasets/VocalSet/FULL/female9/arpeggios/belt/f9_arpeggios_belt_e.wav,4.6991383219954646,female9,female
f9_arpeggios_belt_i,Female,f9,Belt_Harsh,Arpeggio,i,4.95746,/home/evgeniy/Projects/VocalAssistant/datasets/VocalSet/FULL/female9/arpeggios/belt/f9_arpeggios_belt_i.wav,4.95859410430839,female9,female
f9_arpeggios_belt_o,Female,f9,Belt_Harsh,Arpeggio,o,4.72526,/home/evgeniy/Projects/VocalAssistant/datasets/VocalSet/FULL/female9/arpeggios/belt/f9_arpeggios_belt_o.wav,4.727981859410431,female9,female
f9_arpeggios_belt_u,Female,f9,Belt_Harsh,Arpeggio,u,4.66721,/home/evgeniy/Projects/VocalAssistant/datasets/VocalSet/FULL/female9/arpeggios/belt/f9_arpeggios_belt_u.wav,4.67031746031746,female9,female
f9_arpeggios_breathy_a,Female,f9,VeryBreathy,Arpeggio,a,5.01551,/home/evgeniy/Projects/VocalAssistant/datasets/VocalSet/FULL/female9/arpeggios/breathy/f9_arpeggios_breathy_a.wav,5.024308390022676,female9,female
f9_arpeggios_breathy_e,Female,f9,VeryBreathy,Arpeggio,e,5.2361,/home/evgeniy/Projects/VocalAssistant/datasets/VocalSet/FULL/female9/arpeggios/breathy/f9_arpeggios_breathy_e.wav,5.240090702947846,female9,female
f9_arpeggios_breathy_i,Female,f9,VeryBreathy,Arpeggio,i,5.29415,/home/evgeniy/Projects/VocalAssistant/datasets/VocalSet/FULL/female9/arpeggios/breathy/f9_arpeggios_breathy_i.wav,5.301746031746032,female9,female
f9_arpeggios_breathy_o,Female,f9,VeryBreathy,Arpeggio,o,5.14322,/home/evgeniy/Projects/VocalAssistant/datasets/VocalSet/FULL/female9/arpeggios/breathy/f9_arpeggios_breathy_o.wav,5.147619047619048,female9,female
f9_arpeggios_breathy_u,Female,f9,VeryBreathy,Arpeggio,u,5.17805,/home/evgeniy/Projects/VocalAssistant/datasets/VocalSet/FULL/female9/arpeggios/breathy/f9_arpeggios_breathy_u.wav,5.17843537414966,female9,female
f9_arpeggios_c_fast_forte_a,Female,f9,Fast_Articulated_Forte,Arpeggio,a,1.83438,/home/evgeniy/Projects/VocalAssistant/datasets/VocalSet/FULL/female9/arpeggios/fast_forte/f9_arpeggios_c_fast_forte_a.wav,1.841995464852608,female9,female
f9_arpeggios_c_fast_forte_e,Female,f9,Fast_Articulated_Forte,Arpeggio,e,2.05497,/home/evgeniy/Projects/VocalAssistant/datasets/VocalSet/FULL/female9/arpeggios/fast_forte/f9_arpeggios_c_fast_forte_e.wav,2.062244897959184,female9,female
f9_arpeggios_c_fast_forte_i,Female,f9,Fast_Articulated_Forte,Arpeggio,i,2.27556,/home/evgeniy/Projects/VocalAssistant/datasets/VocalSet/FULL/female9/arpeggios/fast_forte/f9_arpeggios_c_fast_forte_i.wav,2.282471655328798,female9,female
f9_arpeggios_c_fast_forte_o,Female,f9,Fast_Articulated_Forte,Arpeggio,o,2.05497,/home/evgeniy/Projects/VocalAssistant/datasets/VocalSet/FULL/female9/arpeggios/fast_forte/f9_arpeggios_c_fast_forte_o.wav,2.062222222222222,female9,female
f9_arpeggios_c_fast_forte_u,Female,f9,Fast_Articulated_Forte,Arpeggio,u,2.21751,/home/evgeniy/Projects/VocalAssistant/datasets/VocalSet/FULL/female9/arpeggios/fast_forte/f9_arpeggios_c_fast_forte_u.wav,2.2224263038548755,female9,female
f9_arpeggios_c_slow_forte_u,Female,f9,Slow_Legato_Forte,Arpeggio,u,8.45207,/home/evgeniy/Projects/VocalAssistant/datasets/VocalSet/FULL/female9/arpeggios/slow_forte/f9_arpeggios_c_slow_forte_u.wav,8.453401360544218,female9,female
f9_arpeggios_c_slow_piano_a,Female,f9,Slow_Legato_Piano,Arpeggio,a,7.84835,/home/evgeniy/Projects/VocalAssistant/datasets/VocalSet/FULL/female9/arpeggios/slow_piano/f9_arpeggios_c_slow_piano_a.wav,7.852471655328798,female9,female
f9_arpeggios_c_slow_piano_e,Female,f9,Slow_Legato_Piano,Arpeggio,e,7.84835,/home/evgeniy/Projects/VocalAssistant/datasets/VocalSet/FULL/female9/arpeggios/slow_piano/f9_arpeggios_c_slow_piano_e.wav,7.852448979591837,female9,female
f9_arpeggios_c_slow_piano_i,Female,f9,Slow_Legato_Piano,Arpeggio,i,8.77715,/home/evgeniy/Projects/VocalAssistant/datasets/VocalSet/FULL/female9/arpeggios/slow_piano/f9_arpeggios_c_slow_piano_i.wav,8.784104308390022,female9,female
f9_arpeggios_c_slow_piano_o,Female,f9,Slow_Legato_Piano,Arpeggio,o,8.11538,/home/evgeniy/Projects/VocalAssistant/datasets/VocalSet/FULL/female9/arpeggios/slow_piano/f9_arpeggios_c_slow_piano_o.wav,8.118639455782313,female9,female
f9_arpeggios_c_slow_piano_u,Female,f9,Slow_Legato_Piano,Arpeggio,u,8.46368,/home/evgeniy/Projects/VocalAssistant/datasets/VocalSet/FULL/female9/arpeggios/slow_piano/f9_arpeggios_c_slow_piano_u.wav,8.473560090702948,female9,female
f9_arpeggios_f_fast_forte_a,Female,f9,Fast_Articulated_Forte,Arpeggio,a,1.69506,/home/evgeniy/Projects/VocalAssistant/datasets/VocalSet/FULL/female9/arpeggios/fast_forte/f9_arpeggios_f_fast_forte_a.wav,1.7033560090702948,female9,female
f9_arpeggios_f_fast_forte_e,Female,f9,Fast_Articulated_Forte,Arpeggio,e,1.90404,/home/evgeniy/Projects/VocalAssistant/datasets/VocalSet/FULL/female9/arpeggios/fast_forte/f9_arpeggios_f_fast_forte_e.wav,1.9070068027210885,female9,female
f9_arpeggios_f_fast_forte_i,Female,f9,Fast_Articulated_Forte,Arpeggio,i,1.93887,/home/evgeniy/Projects/VocalAssistant/datasets/VocalSet/FULL/female9/arpeggios/fast_forte/f9_arpeggios_f_fast_forte_i.wav,1.9440362811791383,female9,female
f9_arpeggios_f_fast_forte_o,Female,f9,Fast_Articulated_Forte,Arpeggio,o,2.00853,/home/evgeniy/Projects/VocalAssistant/datasets/VocalSet/FULL/female9/arpeggios/fast_forte/f9_arpeggios_f_fast_forte_o.wav,2.018095238095238,female9,female
f9_arpeggios_f_fast_forte_u,Female,f9,Fast_Articulated_Forte,Arpeggio,u,2.10141,/home/evgeniy/Projects/VocalAssistant/datasets/VocalSet/FULL/female9/arpeggios/fast_forte/f9_arpeggios_f_fast_forte_u.wav,2.110657596371882,female9,female
f9_arpeggios_f_fast_piano_a,Female,f9,Fast_Articulated_Piano,Arpeggio,a,1.93887,/home/evgeniy/Projects/VocalAssistant/datasets/VocalSet/FULL/female9/arpeggios/fast_piano/f9_arpeggios_f_fast_piano_a.wav,1.9494557823129253,female9,female
f9_arpeggios_f_fast_piano_e,Female,f9,Fast_Articulated_Piano,Arpeggio,e,1.99692,/home/evgeniy/Projects/VocalAssistant/datasets/VocalSet/FULL/female9/arpeggios/fast_piano/f9_arpeggios_f_fast_piano_e.wav,2.0036054421768705,female9,female
f9_arpeggios_f_fast_piano_i,Female,f9,Fast_Articulated_Piano,Arpeggio,i,2.06658,/home/evgeniy/Projects/VocalAssistant/datasets/VocalSet/FULL/female9/arpeggios/fast_piano/f9_arpeggios_f_fast_piano_i.wav,2.0758049886621315,female9,female
f9_arpeggios_f_fast_piano_o,Female,f9,Fast_Articulated_Piano,Arpeggio,o,1.90404,/home/evgeniy/Projects/VocalAssistant/datasets/VocalSet/FULL/female9/arpeggios/fast_piano/f9_arpeggios_f_fast_piano_o.wav,1.9133786848072565,female9,female
f9_arpeggios_f_fast_piano_u,Female,f9,Fast_Articulated_Piano,Arpeggio,u,2.05497,/home/evgeniy/Projects/VocalAssistant/datasets/VocalSet/FULL/female9/arpeggios/fast_piano/f9_arpeggios_f_fast_piano_u.wav,2.057777777777778,female9,female
f9_arpeggios_f_slow_forte_a,Female,f9,Slow_Legato_Forte,Arpeggio,a,5.8166,/home/evgeniy/Projects/VocalAssistant/datasets/VocalSet/FULL/female9/arpeggios/slow_forte/f9_arpeggios_f_slow_forte_a.wav,5.819047619047619,female9,female
f9_arpeggios_f_slow_forte_e,Female,f9,Slow_Legato_Forte,Arpeggio,e,6.37388,/home/evgeniy/Projects/VocalAssistant/datasets/VocalSet/FULL/female9/arpeggios/slow_forte/f9_arpeggios_f_slow_forte_e.wav,6.37498866213152,female9,female
f9_arpeggios_f_slow_forte_u,Female,f9,Slow_Legato_Forte,Arpeggio,u,6.78023,/home/evgeniy/Projects/VocalAssistant/datasets/VocalSet/FULL/female9/arpeggios/slow_forte/f9_arpeggios_f_slow_forte_u.wav,6.782698412698413,female9,female
f9_arpeggios_f_slow_piano_a,Female,f9,Slow_Legato_Piano,Arpeggio,a,6.3971,/home/evgeniy/Projects/VocalAssistant/datasets/VocalSet/FULL/female9/arpeggios/slow_piano/f9_arpeggios_f_slow_piano_a.wav,6.405396825396825,female9,female
f9_arpeggios_f_slow_piano_e,Female,f9,Slow_Legato_Piano,Arpeggio,e,6.66413,/home/evgeniy/Projects/VocalAssistant/datasets/VocalSet/FULL/female9/arpeggios/slow_piano/f9_arpeggios_f_slow_piano_e.wav,6.666077097505669,female9,female
f9_arpeggios_f_slow_piano_i,Female,f9,Slow_Legato_Piano,Arpeggio,i,7.10531,/home/evgeniy/Projects/VocalAssistant/datasets/VocalSet/FULL/female9/arpeggios/slow_piano/f9_arpeggios_f_slow_piano_i.wav,7.112947845804989,female9,female
f9_arpeggios_f_slow_piano_o,Female,f9,Slow_Legato_Piano,Arpeggio,o,6.5132,/home/evgeniy/Projects/VocalAssistant/datasets/VocalSet/FULL/female9/arpeggios/slow_piano/f9_arpeggios_f_slow_piano_o.wav,6.517097505668934,female9,female
f9_arpeggios_f_slow_piano_u,Female,f9,Slow_Legato_Piano,Arpeggio,u,6.95438,/home/evgeniy/Projects/VocalAssistant/datasets/VocalSet/FULL/female9/arpeggios/slow_piano/f9_arpeggios_f_slow_piano_u.wav,6.963990929705216,female9,female
f9_arpeggios_lip_trill_a,Female,f9,Lip_Trill,Arpeggio,a,5.83982,/home/evgeniy/Projects/VocalAssistant/datasets/VocalSet/FULL/female9/arpeggios/lip_trill/f9_arpeggios_lip_trill_a.wav,5.8415192743764175,female9,female
f9_arpeggios_lip_trill_e,Female,f9,Lip_Trill,Arpeggio,e,6.30422,/home/evgeniy/Projects/VocalAssistant/datasets/VocalSet/FULL/female9/arpeggios/lip_trill/f9_arpeggios_lip_trill_e.wav,6.310294784580499,female9,female
f9_arpeggios_lip_trill_i,Female,f9,Lip_Trill,Arpeggio,i,5.94431,/home/evgeniy/Projects/VocalAssistant/datasets/VocalSet/FULL/female9/arpeggios/lip_trill/f9_arpeggios_lip_trill_i.wav,5.949705215419501,female9,female
f9_arpeggios_lip_trill_o,Female,f9,Lip_Trill,Arpeggio,o,6.1649,/home/evgeniy/Projects/VocalAssistant/datasets/VocalSet/FULL/female9/arpeggios/lip_trill/f9_arpeggios_lip_trill_o.wav,6.166054421768708,female9,female
f9_arpeggios_lip_trill_u,Female,f9,Lip_Trill,Arpeggio,u,5.87465,/home/evgeniy/Projects/VocalAssistant/datasets/VocalSet/FULL/female9/arpeggios/lip_trill/f9_arpeggios_lip_trill_u.wav,5.877573696145125,female9,female
f9_arpeggios_straight_a,Female,f9,Slow_StraightTone,Arpeggio,a,6.5132,/home/evgeniy/Projects/VocalAssistant/datasets/VocalSet/FULL/female9/arpeggios/straight/f9_arpeggios_straight_a.wav,6.5180725623582765,female9,female
f9_arpeggios_straight_e,Female,f9,Slow_StraightTone,Arpeggio,e,6.44354,/home/evgeniy/Projects/VocalAssistant/datasets/VocalSet/FULL/female9/arpeggios/straight/f9_arpeggios_straight_e.wav,6.444807256235828,female9,female
f9_arpeggios_straight_i,Female,f9,Slow_StraightTone,Arpeggio,i,6.25778,/home/evgeniy/Projects/VocalAssistant/datasets/VocalSet/FULL/female9/arpeggios/straight/f9_arpeggios_straight_i.wav,6.26172335600907,female9,female
f9_arpeggios_straight_o,Female,f9,Slow_StraightTone,Arpeggio,o,6.14168,/home/evgeniy/Projects/VocalAssistant/datasets/VocalSet/FULL/female9/arpeggios/straight/f9_arpeggios_straight_o.wav,6.1518820861678005,female9,female
f9_arpeggios_straight_u,Female,f9,Slow_StraightTone,Arpeggio,u,6.73379,/home/evgeniy/Projects/VocalAssistant/datasets/VocalSet/FULL/female9/arpeggios/straight/f9_arpeggios_straight_u.wav,6.737755102040817,female9,female
f9_arpeggios_vibrato_a,Female,f9,Slow_MoltoVibrato,Arpeggio,a,7.05887,/home/evgeniy/Projects/VocalAssistant/datasets/VocalSet/FULL/female9/arpeggios/vibrato/f9_arpeggios_vibrato_a.wav,7.064172335600907,female9,female
f9_arpeggios_vibrato_e,Female,f9,Slow_MoltoVibrato,Arpeggio,e,6.9776,/home/evgeniy/Projects/VocalAssistant/datasets/VocalSet/FULL/female9/arpeggios/vibrato/f9_arpeggios_vibrato_e.wav,6.986122448979592,female9,female
f9_arpeggios_vibrato_i,Female,f9,Slow_MoltoVibrato,Arpeggio,i,7.17497,/home/evgeniy/Projects/VocalAssistant/datasets/VocalSet/FULL/female9/arpeggios/vibrato/f9_arpeggios_vibrato_i.wav,7.181269841269842,female9,female
f9_arpeggios_vibrato_o,Female,f9,Slow_MoltoVibrato,Arpeggio,o,7.05887,/home/evgeniy/Projects/VocalAssistant/datasets/VocalSet/FULL/female9/arpeggios/vibrato/f9_arpeggios_vibrato_o.wav,7.064172335600907,female9,female
f9_arpeggios_vibrato_u,Female,f9,Slow_MoltoVibrato,Arpeggio,u,7.14014,/home/evgeniy/Projects/VocalAssistant/datasets/VocalSet/FULL/female9/arpeggios/vibrato/f9_arpeggios_vibrato_u.wav,7.142244897959183,female9,female
f9_caro_straight,Female,f9,StraightTone,MusicalExcerp_Caro,,31.46304,/home/evgeniy/Projects/VocalAssistant/datasets/VocalSet/FULL/female9/excerpts/straight/f9_caro_straight.wav,31.466643990929704,female9,female
f9_caro_vibrato,Female,f9,MoltoVibrato,MusicalExcerp_Caro,o,33.1581,/home/evgeniy/Projects/VocalAssistant/datasets/VocalSet/FULL/female9/excerpts/vibrato/f9_caro_vibrato.wav,33.16609977324263,female9,female
f9_dona_straight,Female,f9,StraightTone,MusicalExcerp_Dona,,19.69052,/home/evgeniy/Projects/VocalAssistant/datasets/VocalSet/FULL/female9/excerpts/straight/f9_dona_straight.wav,19.69716553287982,female9,female
f9_dona_vibrato,Female,f9,MoltoVibrato,MusicalExcerp_Dona,o,20.54966,/home/evgeniy/Projects/VocalAssistant/datasets/VocalSet/FULL/female9/excerpts/vibrato/f9_dona_vibrato.wav,20.552222222222223,female9,female
f9_long_forte_a,Female,f9,FullVoice,Long_tones,a,7.85996,/home/evgeniy/Projects/VocalAssistant/datasets/VocalSet/FULL/female9/long_tones/forte/f9_long_forte_a.wav,7.8631746031746035,female9,female
f9_long_forte_e,Female,f9,FullVoice,Long_tones,e,7.94123,/home/evgeniy/Projects/VocalAssistant/datasets/VocalSet/FULL/female9/long_tones/forte/f9_long_forte_e.wav,7.950544217687074,female9,female
f9_long_forte_i,Female,f9,FullVoice,Long_tones,i,7.63937,/home/evgeniy/Projects/VocalAssistant/datasets/VocalSet/FULL/female9/long_tones/forte/f9_long_forte_i.wav,7.644761904761904,female9,female
f9_long_forte_o,Female,f9,FullVoice,Long_tones,o,8.16182,/home/evgeniy/Projects/VocalAssistant/datasets/VocalSet/FULL/female9/long_tones/forte/f9_long_forte_o.wav,8.168979591836734,female9,female
f9_long_forte_u,Female,f9,FullVoice,Long_tones,u,8.08055,/home/evgeniy/Projects/VocalAssistant/datasets/VocalSet/FULL/female9/long_tones/forte/f9_long_forte_u.wav,8.081609977324263,female9,female
f9_long_messa_a,Female,f9,MessaDiVoce,Long_tones,a,9.34603,/home/evgeniy/Projects/VocalAssistant/datasets/VocalSet/FULL/female9/long_tones/messa/f9_long_messa_a.wav,9.352789115646258,female9,female
f9_long_messa_e,Female,f9,MessaDiVoce,Long_tones,e,9.45052,/home/evgeniy/Projects/VocalAssistant/datasets/VocalSet/FULL/female9/long_tones/messa/f9_long_messa_e.wav,9.455578231292517,female9,female
f9_long_messa_i,Female,f9,MessaDiVoce,Long_tones,i,8.98613,/home/evgeniy/Projects/VocalAssistant/datasets/VocalSet/FULL/female9/long_tones/messa/f9_long_messa_i.wav,8.993061224489797,female9,female
f9_long_messa_o,Female,f9,MessaDiVoce,Long_tones,o,9.75238,/home/evgeniy/Projects/VocalAssistant/datasets/VocalSet/FULL/female9/long_tones/messa/f9_long_messa_o.wav,9.76392290249433,female9,female
f9_long_messa_u,Female,f9,MessaDiVoce,Long_tones,u,9.91492,/home/evgeniy/Projects/VocalAssistant/datasets/VocalSet/FULL/female9/long_tones/messa/f9_long_messa_u.wav,9.91809523809524,female9,female
f9_long_straight_a,Female,f9,StraightTone,Long_tones,a,7.01243,/home/evgeniy/Projects/VocalAssistant/datasets/VocalSet/FULL/female9/long_tones/straight/f9_long_straight_a.wav,7.014784580498866,female9,female
f9_long_straight_e,Female,f9,StraightTone,Long_tones,e,8.28953,/home/evgeniy/Projects/VocalAssistant/datasets/VocalSet/FULL/female9/long_tones/straight/f9_long_straight_e.wav,8.294195011337868,female9,female
f9_long_straight_i,Female,f9,StraightTone,Long_tones,i,7.72064,/home/evgeniy/Projects/VocalAssistant/datasets/VocalSet/FULL/female9/long_tones/straight/f9_long_straight_i.wav,7.720657596371882,female9,female
f9_long_straight_o,Female,f9,StraightTone,Long_tones,o,7.80191,/home/evgeniy/Projects/VocalAssistant/datasets/VocalSet/FULL/female9/long_tones/straight/f9_long_straight_o.wav,7.808888888888889,female9,female
f9_long_straight_u,Female,f9,StraightTone,Long_tones,u,7.53488,/home/evgeniy/Projects/VocalAssistant/datasets/VocalSet/FULL/female9/long_tones/straight/f9_long_straight_u.wav,7.544195011337869,female9,female
f9_long_trill_a,Female,f9,Trill,Long_tones,a,9.1951,/home/evgeniy/Projects/VocalAssistant/datasets/VocalSet/FULL/female9/long_tones/trill/f9_long_trill_a.wav,9.201383219954648,female9,female
f9_long_trill_e,Female,f9,Trill,Long_tones,e,8.76554,/home/evgeniy/Projects/VocalAssistant/datasets/VocalSet/FULL/female9/long_tones/trill/f9_long_trill_e.wav,8.770045351473923,female9,female
f9_long_trill_i,Female,f9,Trill,Long_tones,i,8.81198,/home/evgeniy/Projects/VocalAssistant/datasets/VocalSet/FULL/female9/long_tones/trill/f9_long_trill_i.wav,8.81795918367347,female9,female
f9_long_trill_o,Female,f9,Trill,Long_tones,o,8.33597,/home/evgeniy/Projects/VocalAssistant/datasets/VocalSet/FULL/female9/long_tones/trill/f9_long_trill_o.wav,8.338730158730158,female9,female
f9_long_trill_u,Female,f9,Trill,Long_tones,u,8.47529,/home/evgeniy/Projects/VocalAssistant/datasets/VocalSet/FULL/female9/long_tones/trill/f9_long_trill_u.wav,8.482494331065759,female9,female
f9_long_trillo_a,Female,f9,Trillo,Long_tones,a,5.74694,/home/evgeniy/Projects/VocalAssistant/datasets/VocalSet/FULL/female9/long_tones/trillo/f9_long_trillo_a.wav,5.747165532879818,female9,female
f9_long_trillo_e,Female,f9,Trillo,Long_tones,e,5.67728,/home/evgeniy/Projects/VocalAssistant/datasets/VocalSet/FULL/female9/long_tones/trillo/f9_long_trillo_e.wav,5.679546485260771,female9,female
f9_long_trillo_i,Female,f9,Trillo,Long_tones,i,6.11846,/home/evgeniy/Projects/VocalAssistant/datasets/VocalSet/FULL/female9/long_tones/trillo/f9_long_trillo_i.wav,6.119047619047619,female9,female
f9_long_trillo_o,Female,f9,Trillo,Long_tones,o,5.13161,/home/evgeniy/Projects/VocalAssistant/datasets/VocalSet/FULL/female9/long_tones/trillo/f9_long_trillo_o.wav,5.138639455782313,female9,female
f9_long_trillo_u,Female,f9,Trillo,Long_tones,u,5.77016,/home/evgeniy/Projects/VocalAssistant/datasets/VocalSet/FULL/female9/long_tones/trillo/f9_long_trillo_u.wav,5.780975056689343,female9,female
f9_row_straight,Female,f9,StraightTone,MusicalExcerp_RowRow,,12.63166,/home/evgeniy/Projects/VocalAssistant/datasets/VocalSet/FULL/female9/excerpts/straight/f9_row_straight.wav,12.6418820861678,female9,female
f9_row_vibrato,Female,f9,MoltoVibrato,MusicalExcerp_RowRow,o,13.63012,/home/evgeniy/Projects/VocalAssistant/datasets/VocalSet/FULL/female9/excerpts/vibrato/f9_row_vibrato.wav,13.636213151927436,female9,female
f9_scales_belt_a,Female,f9,Belt_Harsh,Scale,a,6.15329,/home/evgeniy/Projects/VocalAssistant/datasets/VocalSet/FULL/female9/scales/belt/f9_scales_belt_a.wav,6.157278911564626,female9,female
f9_scales_belt_e,Female,f9,Belt_Harsh,Scale,e,6.65252,/home/evgeniy/Projects/VocalAssistant/datasets/VocalSet/FULL/female9/scales/belt/f9_scales_belt_e.wav,6.652675736961451,female9,female
f9_scales_belt_i,Female,f9,Belt_Harsh,Scale,i,6.53642,/home/evgeniy/Projects/VocalAssistant/datasets/VocalSet/FULL/female9/scales/belt/f9_scales_belt_i.wav,6.546507936507936,female9,female
f9_scales_belt_o,Female,f9,Belt_Harsh,Scale,o,6.60608,/home/evgeniy/Projects/VocalAssistant/datasets/VocalSet/FULL/female9/scales/belt/f9_scales_belt_o.wav,6.617278911564626,female9,female
f9_scales_belt_u,Female,f9,Belt_Harsh,Scale,u,6.89633,/home/evgeniy/Projects/VocalAssistant/datasets/VocalSet/FULL/female9/scales/belt/f9_scales_belt_u.wav,6.900385487528345,female9,female
f9_scales_breathy_a,Female,f9,Breathy,Scale,a,8.49851,/home/evgeniy/Projects/VocalAssistant/datasets/VocalSet/FULL/female9/scales/breathy/f9_scales_breathy_a.wav,8.499024943310658,female9,female
f9_scales_breathy_e,Female,f9,Breathy,Scale,e,7.84835,/home/evgeniy/Projects/VocalAssistant/datasets/VocalSet/FULL/female9/scales/breathy/f9_scales_breathy_e.wav,7.851882086167801,female9,female
f9_scales_breathy_i,Female,f9,Breathy,Scale,i,8.32436,/home/evgeniy/Projects/VocalAssistant/datasets/VocalSet/FULL/female9/scales/breathy/f9_scales_breathy_i.wav,8.326462585034013,female9,female
f9_scales_breathy_o,Female,f9,Breathy,Scale,o,7.92962,/home/evgeniy/Projects/VocalAssistant/datasets/VocalSet/FULL/female9/scales/breathy/f9_scales_breathy_o.wav,7.938163265306122,female9,female
f9_scales_breathy_u,Female,f9,Breathy,Scale,u,7.41878,/home/evgeniy/Projects/VocalAssistant/datasets/VocalSet/FULL/female9/scales/breathy/f9_scales_breathy_u.wav,7.42047619047619,female9,female
f9_scales_c_fast_forte_a,Female,f9,Fast_Articulated_Forte,Scale,a,4.14476,/home/evgeniy/Projects/VocalAssistant/datasets/VocalSet/FULL/female9/scales/fast_forte/f9_scales_c_fast_forte_a.wav,4.148344671201814,female9,female
f9_scales_c_fast_forte_e,Female,f9,Fast_Articulated_Forte,Scale,e,4.08671,/home/evgeniy/Projects/VocalAssistant/datasets/VocalSet/FULL/female9/scales/fast_forte/f9_scales_c_fast_forte_e.wav,4.092675736961451,female9,female
f9_scales_c_fast_forte_i,Female,f9,Fast_Articulated_Forte,Scale,i,4.48145,/home/evgeniy/Projects/VocalAssistant/datasets/VocalSet/FULL/female9/scales/fast_forte/f9_scales_c_fast_forte_i.wav,4.482471655328798,female9,female
f9_scales_c_fast_forte_o,Female,f9,Fast_Articulated_Forte,Scale,o,4.06349,/home/evgeniy/Projects/VocalAssistant/datasets/VocalSet/FULL/female9/scales/fast_forte/f9_scales_c_fast_forte_o.wav,4.064829931972789,female9,female
f9_scales_c_fast_forte_u,Female,f9,Fast_Articulated_Forte,Scale,u,4.00544,/home/evgeniy/Projects/VocalAssistant/datasets/VocalSet/FULL/female9/scales/fast_forte/f9_scales_c_fast_forte_u.wav,4.009160997732426,female9,female
f9_scales_c_fast_piano_a,Female,f9,Fast_Articulated_Piano,Scale,a,3.70359,/home/evgeniy/Projects/VocalAssistant/datasets/VocalSet/FULL/female9/scales/fast_piano/f9_scales_c_fast_piano_a.wav,3.70968253968254,female9,female
f9_scales_c_fast_piano_e,Female,f9,Fast_Articulated_Piano,Scale,e,4.12154,/home/evgeniy/Projects/VocalAssistant/datasets/VocalSet/FULL/female9/scales/fast_piano/f9_scales_c_fast_piano_e.wav,4.124739229024943,female9,female
f9_scales_c_fast_piano_i,Female,f9,Fast_Articulated_Piano,Scale,i,4.04027,/home/evgeniy/Projects/VocalAssistant/datasets/VocalSet/FULL/female9/scales/fast_piano/f9_scales_c_fast_piano_i.wav,4.0469160997732425,female9,female
f9_scales_c_fast_piano_o,Female,f9,Fast_Articulated_Piano,Scale,o,3.85451,/home/evgeniy/Projects/VocalAssistant/datasets/VocalSet/FULL/female9/scales/fast_piano/f9_scales_c_fast_piano_o.wav,3.86530612244898,female9,female
f9_scales_c_fast_piano_u,Female,f9,Fast_Articulated_Piano,Scale,u,3.91256,/home/evgeniy/Projects/VocalAssistant/datasets/VocalSet/FULL/female9/scales/fast_piano/f9_scales_c_fast_piano_u.wav,3.91718820861678,female9,female
f9_scales_c_slow_forte_a,Female,f9,Slow_Legato_Forte,Scale,a,11.07592,/home/evgeniy/Projects/VocalAssistant/datasets/VocalSet/FULL/female9/scales/slow_forte/f9_scales_c_slow_forte_a.wav,11.07968253968254,female9,female
f9_scales_c_slow_forte_e,Female,f9,Slow_Legato_Forte,Scale,e,11.01787,/home/evgeniy/Projects/VocalAssistant/datasets/VocalSet/FULL/female9/scales/slow_forte/f9_scales_c_slow_forte_e.wav,11.022879818594104,female9,female
f9_scales_c_slow_forte_u,Female,f9,Slow_Legato_Forte,Scale,u,11.19202,/home/evgeniy/Projects/VocalAssistant/datasets/VocalSet/FULL/female9/scales/slow_forte/f9_scales_c_slow_forte_u.wav,11.193333333333332,female9,female
f9_scales_c_slow_piano_a,Female,f9,Slow_Legato_Piano,Scale,a,10.92499,/home/evgeniy/Projects/VocalAssistant/datasets/VocalSet/FULL/female9/scales/slow_piano/f9_scales_c_slow_piano_a.wav,10.93546485260771,female9,female
f9_scales_c_slow_piano_e,Female,f9,Slow_Legato_Piano,Scale,e,11.15719,/home/evgeniy/Projects/VocalAssistant/datasets/VocalSet/FULL/female9/scales/slow_piano/f9_scales_c_slow_piano_e.wav,11.158639455782312,female9,female
f9_scales_c_slow_piano_i,Female,f9,Slow_Legato_Piano,Scale,i,11.31973,/home/evgeniy/Projects/VocalAssistant/datasets/VocalSet/FULL/female9/scales/slow_piano/f9_scales_c_slow_piano_i.wav,11.326031746031743,female9,female
f9_scales_c_slow_piano_o,Female,f9,Slow_Legato_Piano,Scale,o,10.7044,/home/evgeniy/Projects/VocalAssistant/datasets/VocalSet/FULL/female9/scales/slow_piano/f9_scales_c_slow_piano_o.wav,10.712312925170068,female9,female
f9_scales_c_slow_piano_u,Female,f9,Slow_Legato_Piano,Scale,u,10.87855,/home/evgeniy/Projects/VocalAssistant/datasets/VocalSet/FULL/female9/scales/slow_piano/f9_scales_c_slow_piano_u.wav,10.87968253968254,female9,female
f9_scales_f_fast_forte_a,Female,f9,Fast_Articulated_Forte,Scale,a,3.52944,/home/evgeniy/Projects/VocalAssistant/datasets/VocalSet/FULL/female9/scales/fast_forte/f9_scales_f_fast_forte_a.wav,3.53124716553288,female9,female
f9_scales_f_fast_forte_e,Female,f9,Fast_Articulated_Forte,Scale,e,3.94739,/home/evgeniy/Projects/VocalAssistant/datasets/VocalSet/FULL/female9/scales/fast_forte/f9_scales_f_fast_forte_e.wav,3.9497732426303855,female9,female
f9_scales_f_fast_forte_i,Female,f9,Fast_Articulated_Forte,Scale,i,4.09832,/home/evgeniy/Projects/VocalAssistant/datasets/VocalSet/FULL/female9/scales/fast_forte/f9_scales_f_fast_forte_i.wav,4.106712018140589,female9,female
f9_scales_f_fast_forte_o,Female,f9,Fast_Articulated_Forte,Scale,o,3.8429,/home/evgeniy/Projects/VocalAssistant/datasets/VocalSet/FULL/female9/scales/fast_forte/f9_scales_f_fast_forte_o.wav,3.8451473922902495,female9,female
f9_scales_f_fast_forte_u,Female,f9,Fast_Articulated_Forte,Scale,u,3.99383,/home/evgeniy/Projects/VocalAssistant/datasets/VocalSet/FULL/female9/scales/fast_forte/f9_scales_f_fast_forte_u.wav,4.002086167800454,female9,female
f9_scales_f_fast_piano_a,Female,f9,Fast_Articulated_Piano,Scale,a,4.00544,/home/evgeniy/Projects/VocalAssistant/datasets/VocalSet/FULL/female9/scales/fast_piano/f9_scales_f_fast_piano_a.wav,4.011519274376417,female9,female
f9_scales_f_fast_piano_e,Female,f9,Fast_Articulated_Piano,Scale,e,3.77325,/home/evgeniy/Projects/VocalAssistant/datasets/VocalSet/FULL/female9/scales/fast_piano/f9_scales_f_fast_piano_e.wav,3.774013605442177,female9,female
f9_scales_f_fast_piano_i,Female,f9,Fast_Articulated_Piano,Scale,i,3.77325,/home/evgeniy/Projects/VocalAssistant/datasets/VocalSet/FULL/female9/scales/fast_piano/f9_scales_f_fast_piano_i.wav,3.773990929705216,female9,female
f9_scales_f_fast_piano_o,Female,f9,Fast_Articulated_Piano,Scale,o,4.23764,/home/evgeniy/Projects/VocalAssistant/datasets/VocalSet/FULL/female9/scales/fast_piano/f9_scales_f_fast_piano_o.wav,4.24907029478458,female9,female
f9_scales_f_fast_piano_u,Female,f9,Fast_Articulated_Piano,Scale,u,3.87773,/home/evgeniy/Projects/VocalAssistant/datasets/VocalSet/FULL/female9/scales/fast_piano/f9_scales_f_fast_piano_u.wav,3.879569160997733,female9,female
f9_scales_f_slow_forte_u,Female,f9,Slow_Legato_Forte,Scale,u,10.85533,/home/evgeniy/Projects/VocalAssistant/datasets/VocalSet/FULL/female9/scales/slow_forte/f9_scales_f_slow_forte_u.wav,10.86546485260771,female9,female
f9_scales_f_slow_piano_a,Female,f9,Slow_Legato_Piano,Scale,a,10.78567,/home/evgeniy/Projects/VocalAssistant/datasets/VocalSet/FULL/female9/scales/slow_piano/f9_scales_f_slow_piano_a.wav,10.786167800453514,female9,female
f9_scales_f_slow_piano_e,Female,f9,Slow_Legato_Piano,Scale,e,10.61152,/home/evgeniy/Projects/VocalAssistant/datasets/VocalSet/FULL/female9/scales/slow_piano/f9_scales_f_slow_piano_e.wav,10.61673469387755,female9,female
f9_scales_f_slow_piano_i,Female,f9,Slow_Legato_Piano,Scale,i,11.401,/home/evgeniy/Projects/VocalAssistant/datasets/VocalSet/FULL/female9/scales/slow_piano/f9_scales_f_slow_piano_i.wav,11.407324263038548,female9,female
f9_scales_f_slow_piano_o,Female,f9,Slow_Legato_Piano,Scale,o,10.33288,/home/evgeniy/Projects/VocalAssistant/datasets/VocalSet/FULL/female9/scales/slow_piano/f9_scales_f_slow_piano_o.wav,10.33437641723356,female9,female
f9_scales_f_slow_piano_u,Female,f9,Slow_Legato_Piano,Scale,u,10.78567,/home/evgeniy/Projects/VocalAssistant/datasets/VocalSet/FULL/female9/scales/slow_piano/f9_scales_f_slow_piano_u.wav,10.786145124716551,female9,female
f9_scales_lip_trill_a,Female,f9,Lip_Trill,Scale,a,8.93969,/home/evgeniy/Projects/VocalAssistant/datasets/VocalSet/FULL/female9/scales/lip_trill/f9_scales_lip_trill_a.wav,8.940090702947845,female9,female
f9_scales_lip_trill_e,Female,f9,Lip_Trill,Scale,e,8.88164,/home/evgeniy/Projects/VocalAssistant/datasets/VocalSet/FULL/female9/scales/lip_trill/f9_scales_lip_trill_e.wav,8.890430839002267,female9,female
f9_scales_lip_trill_i,Female,f9,Lip_Trill,Scale,i,8.93969,/home/evgeniy/Projects/VocalAssistant/datasets/VocalSet/FULL/female9/scales/lip_trill/f9_scales_lip_trill_i.wav,8.940113378684806,female9,female
f9_scales_lip_trill_o,Female,f9,Lip_Trill,Scale,o,8.04572,/home/evgeniy/Projects/VocalAssistant/datasets/VocalSet/FULL/female9/scales/lip_trill/f9_scales_lip_trill_o.wav,8.04609977324263,female9,female
f9_scales_lip_trill_u,Female,f9,Lip_Trill,Scale,u,8.53334,/home/evgeniy/Projects/VocalAssistant/datasets/VocalSet/FULL/female9/scales/lip_trill/f9_scales_lip_trill_u.wav,8.542766439909297,female9,female
f9_scales_straight_a,Female,f9,StraightTone,Scale,a,7.7903,/home/evgeniy/Projects/VocalAssistant/datasets/VocalSet/FULL/female9/scales/straight/f9_scales_straight_a.wav,7.791519274376418,female9,female
f9_scales_straight_e,Female,f9,StraightTone,Scale,e,7.50005,/home/evgeniy/Projects/VocalAssistant/datasets/VocalSet/FULL/female9/scales/straight/f9_scales_straight_e.wav,7.501428571428572,female9,female
f9_scales_straight_i,Female,f9,StraightTone,Scale,i,8.03411,/home/evgeniy/Projects/VocalAssistant/datasets/VocalSet/FULL/female9/scales/straight/f9_scales_straight_i.wav,8.04018140589569,female9,female
f9_scales_straight_o,Female,f9,StraightTone,Scale,o,7.7903,/home/evgeniy/Projects/VocalAssistant/datasets/VocalSet/FULL/female9/scales/straight/f9_scales_straight_o.wav,7.791541950113379,female9,female
f9_scales_straight_u,Female,f9,StraightTone,Scale,u,7.98767,/home/evgeniy/Projects/VocalAssistant/datasets/VocalSet/FULL/female9/scales/straight/f9_scales_straight_u.wav,7.99875283446712,female9,female
f9_scales_vibrato_a,Female,f9,MoltoVibrato,Scale,a,10.33288,/home/evgeniy/Projects/VocalAssistant/datasets/VocalSet/FULL/female9/scales/vibrato/f9_scales_vibrato_a.wav,10.339569160997732,female9,female
f9_scales_vibrato_e,Female,f9,MoltoVibrato,Scale,e,10.22839,/home/evgeniy/Projects/VocalAssistant/datasets/VocalSet/FULL/female9/scales/vibrato/f9_scales_vibrato_e.wav,10.238208616780046,female9,female
f9_scales_vibrato_i,Female,f9,MoltoVibrato,Scale,i,10.48381,/home/evgeniy/Projects/VocalAssistant/datasets/VocalSet/FULL/female9/scales/vibrato/f9_scales_vibrato_i.wav,10.491655328798188,female9,female
f9_scales_vibrato_o,Female,f9,MoltoVibrato,Scale,o,9.92653,/home/evgeniy/Projects/VocalAssistant/datasets/VocalSet/FULL/female9/scales/vibrato/f9_scales_vibrato_o.wav,9.934104308390022,female9,female
f9_scales_vibrato_u,Female,f9,MoltoVibrato,Scale,u,10.33288,/home/evgeniy/Projects/VocalAssistant/datasets/VocalSet/FULL/female9/scales/vibrato/f9_scales_vibrato_u.wav,10.339591836734694,female9,female
m10_arpeggios_breathy_a,Male,m10,VeryBreathy,Arpeggio,a,5.10839,/home/evgeniy/Projects/VocalAssistant/datasets/VocalSet/FULL/male10/arpeggios/breathy/m10_arpeggios_breathy_a.wav,5.114285714285714,male10,male
m10_arpeggios_breathy_e,Male,m10,VeryBreathy,Arpeggio,e,5.01551,/home/evgeniy/Projects/VocalAssistant/datasets/VocalSet/FULL/male10/arpeggios/breathy/m10_arpeggios_breathy_e.wav,5.028321995464853,male10,male
m10_arpeggios_breathy_i,Male,m10,VeryBreathy,Arpeggio,i,5.10839,/home/evgeniy/Projects/VocalAssistant/datasets/VocalSet/FULL/male10/arpeggios/breathy/m10_arpeggios_breathy_i.wav,5.114285714285714,male10,male
m10_arpeggios_breathy_o,Male,m10,VeryBreathy,Arpeggio,o,5.15483,/home/evgeniy/Projects/VocalAssistant/datasets/VocalSet/FULL/male10/arpeggios/breathy/m10_arpeggios_breathy_o.wav,5.157256235827664,male10,male
m10_arpeggios_breathy_u,Male,m10,VeryBreathy,Arpeggio,u,5.22449,/home/evgeniy/Projects/VocalAssistant/datasets/VocalSet/FULL/male10/arpeggios/breathy/m10_arpeggios_breathy_u.wav,5.243219954648526,male10,male
m10_arpeggios_c_slow_piano_a,Male,m10,Slow_Legato_Piano,Arpeggio,a,7.73224,/home/evgeniy/Projects/VocalAssistant/datasets/VocalSet/FULL/male10/arpeggios/slow_piano/m10_arpeggios_c_slow_piano_a.wav,7.753628117913832,male10,male
m10_arpeggios_c_slow_piano_e,Male,m10,Slow_Legato_Piano,Arpeggio,e,8.35918,/home/evgeniy/Projects/VocalAssistant/datasets/VocalSet/FULL/male10/arpeggios/slow_piano/m10_arpeggios_c_slow_piano_e.wav,8.35936507936508,male10,male
m10_arpeggios_c_slow_piano_i,Male,m10,Slow_Legato_Piano,Arpeggio,i,8.0341,/home/evgeniy/Projects/VocalAssistant/datasets/VocalSet/FULL/male10/arpeggios/slow_piano/m10_arpeggios_c_slow_piano_i.wav,8.056485260770975,male10,male
m10_arpeggios_c_slow_piano_o,Male,m10,Slow_Legato_Piano,Arpeggio,o,8.10376,/home/evgeniy/Projects/VocalAssistant/datasets/VocalSet/FULL/male10/arpeggios/slow_piano/m10_arpeggios_c_slow_piano_o.wav,8.117074829931973,male10,male
m10_arpeggios_c_slow_piano_u,Male,m10,Slow_Legato_Piano,Arpeggio,u,8.35918,/home/evgeniy/Projects/VocalAssistant/datasets/VocalSet/FULL/male10/arpeggios/slow_piano/m10_arpeggios_c_slow_piano_u.wav,8.35936507936508,male10,male
m10_arpeggios_f_slow_piano_a,Male,m10,Slow_Legato_Piano,Arpeggio,a,8.12698,/home/evgeniy/Projects/VocalAssistant/datasets/VocalSet/FULL/male10/arpeggios/slow_piano/m10_arpeggios_f_slow_piano_a.wav,8.148548752834467,male10,male
m10_arpeggios_f_slow_piano_e,Male,m10,Slow_Legato_Piano,Arpeggio,e,8.08054,/home/evgeniy/Projects/VocalAssistant/datasets/VocalSet/FULL/male10/arpeggios/slow_piano/m10_arpeggios_f_slow_piano_e.wav,8.086802721088436,male10,male
m10_arpeggios_f_slow_piano_i,Male,m10,Slow_Legato_Piano,Arpeggio,i,8.08054,/home/evgeniy/Projects/VocalAssistant/datasets/VocalSet/FULL/male10/arpeggios/slow_piano/m10_arpeggios_f_slow_piano_i.wav,8.086825396825397,male10,male
m10_arpeggios_f_slow_piano_o,Male,m10,Slow_Legato_Piano,Arpeggio,o,8.68426,/home/evgeniy/Projects/VocalAssistant/datasets/VocalSet/FULL/male10/arpeggios/slow_piano/m10_arpeggios_f_slow_piano_o.wav,8.704149659863946,male10,male
m10_arpeggios_f_slow_piano_u,Male,m10,Slow_Legato_Piano,Arpeggio,u,8.31274,/home/evgeniy/Projects/VocalAssistant/datasets/VocalSet/FULL/male10/arpeggios/slow_piano/m10_arpeggios_f_slow_piano_u.wav,8.33374149659864,male10,male
m10_arpeggios_lip_trill_a,Male,m10,Lip_Trill,Arpeggio,a,5.10839,/home/evgeniy/Projects/VocalAssistant/datasets/VocalSet/FULL/male10/arpeggios/lip_trill/m10_arpeggios_lip_trill_a.wav,5.1197052154195015,male10,male
m10_arpeggios_lip_trill_e,Male,m10,Lip_Trill,Arpeggio,e,5.31737,/home/evgeniy/Projects/VocalAssistant/datasets/VocalSet/FULL/male10/arpeggios/lip_trill/m10_arpeggios_lip_trill_e.wav,5.331269841269841,male10,male
m10_arpeggios_lip_trill_i,Male,m10,Lip_Trill,Arpeggio,i,5.20127,/home/evgeniy/Projects/VocalAssistant/datasets/VocalSet/FULL/male10/arpeggios/lip_trill/m10_arpeggios_lip_trill_i.wav,5.204353741496599,male10,male
m10_arpeggios_lip_trill_o,Male,m10,Lip_Trill,Arpeggio,o,5.22449,/home/evgeniy/Projects/VocalAssistant/datasets/VocalSet/FULL/male10/arpeggios/lip_trill/m10_arpeggios_lip_trill_o.wav,5.246643990929705,male10,male
m10_arpeggios_lip_trill_u,Male,m10,Lip_Trill,Arpeggio,u,5.41025,/home/evgeniy/Projects/VocalAssistant/datasets/VocalSet/FULL/male10/arpeggios/lip_trill/m10_arpeggios_lip_trill_u.wav,5.415918367346939,male10,male
m10_arpeggios_straight_a,Male,m10,Slow_StraightTone,Arpeggio,a,7.89478,/home/evgeniy/Projects/VocalAssistant/datasets/VocalSet/FULL/male10/arpeggios/straight/m10_arpeggios_straight_a.wav,7.910294784580499,male10,male
m10_arpeggios_straight_e,Male,m10,Slow_StraightTone,Arpeggio,e,8.08054,/home/evgeniy/Projects/VocalAssistant/datasets/VocalSet/FULL/male10/arpeggios/straight/m10_arpeggios_straight_e.wav,8.084784580498866,male10,male
m10_arpeggios_straight_i,Male,m10,Slow_StraightTone,Arpeggio,i,7.73224,/home/evgeniy/Projects/VocalAssistant/datasets/VocalSet/FULL/male10/arpeggios/straight/m10_arpeggios_straight_i.wav,7.73578231292517,male10,male
m10_arpeggios_straight_o,Male,m10,Slow_StraightTone,Arpeggio,o,7.66259,/home/evgeniy/Projects/VocalAssistant/datasets/VocalSet/FULL/male10/arpeggios/straight/m10_arpeggios_straight_o.wav,7.677641723356009,male10,male
m10_arpeggios_straight_u,Male,m10,Slow_StraightTone,Arpeggio,u,7.84834,/home/evgeniy/Projects/VocalAssistant/datasets/VocalSet/FULL/male10/arpeggios/straight/m10_arpeggios_straight_u.wav,7.852131519274376,male10,male
m10_caro_straight,Male,m10,StraightTone,MusicalExcerp_Caro,,32.64726,/home/evgeniy/Projects/VocalAssistant/datasets/VocalSet/FULL/male10/excerpts/straight/m10_caro_straight.wav,32.661814058956914,male10,male
m10_dona_straight,Male,m10,StraightTone,MusicalExcerp_Dona,,18.92426,/home/evgeniy/Projects/VocalAssistant/datasets/VocalSet/FULL/male10/excerpts/straight/m10_dona_straight.wav,18.93471655328798,male10,male
m10_long_messa_a,Male,m10,MessaDiVoce,Long_tones,a,11.95828,/home/evgeniy/Projects/VocalAssistant/datasets/VocalSet/FULL/male10/long_tones/messa/m10_long_messa_a.wav,11.967528344671202,male10,male
m10_long_messa_e,Male,m10,MessaDiVoce,Long_tones,e,11.00626,/home/evgeniy/Projects/VocalAssistant/datasets/VocalSet/FULL/male10/long_tones/messa/m10_long_messa_e.wav,11.022698412698412,male10,male
m10_long_messa_i,Male,m10,MessaDiVoce,Long_tones,i,10.9366,/home/evgeniy/Projects/VocalAssistant/datasets/VocalSet/FULL/male10/long_tones/messa/m10_long_messa_i.wav,10.943968253968254,male10,male
m10_long_messa_o,Male,m10,MessaDiVoce,Long_tones,o,11.401,/home/evgeniy/Projects/VocalAssistant/datasets/VocalSet/FULL/male10/long_tones/messa/m10_long_messa_o.wav,11.416394557823129,male10,male
m10_long_messa_u,Male,m10,MessaDiVoce,Long_tones,u,10.54186,/home/evgeniy/Projects/VocalAssistant/datasets/VocalSet/FULL/male10/long_tones/messa/m10_long_messa_u.wav,10.55031746031746,male10,male
m10_long_straight_a,Male,m10,StraightTone,Long_tones,a,8.24308,/home/evgeniy/Projects/VocalAssistant/datasets/VocalSet/FULL/male10/long_tones/straight/m10_long_straight_a.wav,8.253832199546485,male10,male
m10_long_straight_e,Male,m10,StraightTone,Long_tones,e,7.15175,/home/evgeniy/Projects/VocalAssistant/datasets/VocalSet/FULL/male10/long_tones/straight/m10_long_straight_e.wav,7.1571655328798185,male10,male
m10_long_straight_i,Male,m10,StraightTone,Long_tones,i,7.38395,/home/evgeniy/Projects/VocalAssistant/datasets/VocalSet/FULL/male10/long_tones/straight/m10_long_straight_i.wav,7.388049886621316,male10,male
m10_long_straight_o,Male,m10,StraightTone,Long_tones,o,6.91955,/home/evgeniy/Projects/VocalAssistant/datasets/VocalSet/FULL/male10/long_tones/straight/m10_long_straight_o.wav,6.926303854875283,male10,male
m10_long_straight_u,Male,m10,StraightTone,Long_tones,u,7.03565,/home/evgeniy/Projects/VocalAssistant/datasets/VocalSet/FULL/male10/long_tones/straight/m10_long_straight_u.wav,7.041746031746031,male10,male
m10_row_straight,Male,m10,StraightTone,MusicalExcerp_RowRow,,12.63166,/home/evgeniy/Projects/VocalAssistant/datasets/VocalSet/FULL/male10/excerpts/straight/m10_row_straight.wav,12.64265306122449,male10,male
m10_scales_breathy_e,Male,m10,Breathy,Scale,e,5.57279,/home/evgeniy/Projects/VocalAssistant/datasets/VocalSet/FULL/male10/scales/breathy/m10_scales_breathy_e.wav,5.582448979591836,male10,male
m10_scales_breathy_i,Male,m10,Breathy,Scale,i,5.82821,/home/evgeniy/Projects/VocalAssistant/datasets/VocalSet/FULL/male10/scales/breathy/m10_scales_breathy_i.wav,5.848276643990929,male10,male
m10_scales_breathy_o,Male,m10,Breathy,Scale,o,5.78177,/home/evgeniy/Projects/VocalAssistant/datasets/VocalSet/FULL/male10/scales/breathy/m10_scales_breathy_o.wav,5.803990929705216,male10,male
m10_scales_breathy_u,Male,m10,Breathy,Scale,u,5.66567,/home/evgeniy/Projects/VocalAssistant/datasets/VocalSet/FULL/male10/scales/breathy/m10_scales_breathy_u.wav,5.671065759637188,male10,male
m10_scales_c_slow_piano_a,Male,m10,Slow_Legato_Piano,Scale,a,10.77406,/home/evgeniy/Projects/VocalAssistant/datasets/VocalSet/FULL/male10/scales/slow_piano/m10_scales_c_slow_piano_a.wav,10.777528344671202,male10,male
m10_scales_c_slow_piano_e,Male,m10,Slow_Legato_Piano,Scale,e,10.61152,/home/evgeniy/Projects/VocalAssistant/datasets/VocalSet/FULL/male10/scales/slow_piano/m10_scales_c_slow_piano_e.wav,10.632857142857144,male10,male
m10_scales_c_slow_piano_i,Male,m10,Slow_Legato_Piano,Scale,i,10.7044,/home/evgeniy/Projects/VocalAssistant/datasets/VocalSet/FULL/male10/scales/slow_piano/m10_scales_c_slow_piano_i.wav,10.705192743764172,male10,male
m10_scales_c_slow_piano_o,Male,m10,Slow_Legato_Piano,Scale,o,10.7044,/home/evgeniy/Projects/VocalAssistant/datasets/VocalSet/FULL/male10/scales/slow_piano/m10_scales_c_slow_piano_o.wav,10.705192743764172,male10,male
m10_scales_c_slow_piano_u,Male,m10,Slow_Legato_Piano,Scale,u,10.91338,/home/evgeniy/Projects/VocalAssistant/datasets/VocalSet/FULL/male10/scales/slow_piano/m10_scales_c_slow_piano_u.wav,10.92219954648526,male10,male
m10_scales_f_slow_piano_a,Male,m10,Slow_Legato_Piano,Scale,a,10.0078,/home/evgeniy/Projects/VocalAssistant/datasets/VocalSet/FULL/male10/scales/slow_piano/m10_scales_f_slow_piano_a.wav,10.024444444444445,male10,male
m10_scales_f_slow_piano_e,Male,m10,Slow_Legato_Piano,Scale,e,10.0078,/home/evgeniy/Projects/VocalAssistant/datasets/VocalSet/FULL/male10/scales/slow_piano/m10_scales_f_slow_piano_e.wav,10.024444444444445,male10,male
m10_scales_f_slow_piano_i,Male,m10,Slow_Legato_Piano,Scale,i,10.44898,/home/evgeniy/Projects/VocalAssistant/datasets/VocalSet/FULL/male10/scales/slow_piano/m10_scales_f_slow_piano_i.wav,10.46344671201814,male10,male
m10_scales_f_slow_piano_o,Male,m10,Slow_Legato_Piano,Scale,o,10.44898,/home/evgeniy/Projects/VocalAssistant/datasets/VocalSet/FULL/male10/scales/slow_piano/m10_scales_f_slow_piano_o.wav,10.463469387755104,male10,male
m10_scales_f_slow_piano_u,Male,m10,Slow_Legato_Piano,Scale,u,10.8205,/home/evgeniy/Projects/VocalAssistant/datasets/VocalSet/FULL/male10/scales/slow_piano/m10_scales_f_slow_piano_u.wav,10.829319727891155,male10,male
m10_scales_lip_trill_a,Male,m10,Lip_Trill,Scale,a,5.73533,/home/evgeniy/Projects/VocalAssistant/datasets/VocalSet/FULL/male10/scales/lip_trill/m10_scales_lip_trill_a.wav,5.7457596371882085,male10,male
m10_scales_straight_a,Male,m10,StraightTone,Scale,a,10.91338,/home/evgeniy/Projects/VocalAssistant/datasets/VocalSet/FULL/male10/scales/straight/m10_scales_straight_a.wav,10.924421768707482,male10,male
m10_scales_straight_e,Male,m10,StraightTone,Scale,e,10.7044,/home/evgeniy/Projects/VocalAssistant/datasets/VocalSet/FULL/male10/scales/straight/m10_scales_straight_e.wav,10.711609977324263,male10,male
m10_scales_straight_i,Male,m10,StraightTone,Scale,i,10.42576,/home/evgeniy/Projects/VocalAssistant/datasets/VocalSet/FULL/male10/scales/straight/m10_scales_straight_i.wav,10.427868480725625,male10,male
m10_scales_straight_o,Male,m10,StraightTone,Scale,o,10.05424,/home/evgeniy/Projects/VocalAssistant/datasets/VocalSet/FULL/male10/scales/straight/m10_scales_straight_o.wav,10.073174603174603,male10,male
m10_scales_straight_u,Male,m10,StraightTone,Scale,u,9.98458,/home/evgeniy/Projects/VocalAssistant/datasets/VocalSet/FULL/male10/scales/straight/m10_scales_straight_u.wav,10.002222222222224,male10,male
m11_arpeggios_belt_a,Male,m11,Belt_Harsh,Arpeggio,a,7.15175,/home/evgeniy/Projects/VocalAssistant/datasets/VocalSet/FULL/male11/arpeggios/belt/m11_arpeggios_belt_a.wav,7.1650340136054425,male11,male
m11_arpeggios_belt_e,Male,m11,Belt_Harsh,Arpeggio,e,7.36073,/home/evgeniy/Projects/VocalAssistant/datasets/VocalSet/FULL/male11/arpeggios/belt/m11_arpeggios_belt_e.wav,7.366303854875284,male11,male
m11_arpeggios_belt_i,Male,m11,Belt_Harsh,Arpeggio,i,7.47683,/home/evgeniy/Projects/VocalAssistant/datasets/VocalSet/FULL/male11/arpeggios/belt/m11_arpeggios_belt_i.wav,7.487074829931973,male11,male
m11_arpeggios_belt_o,Male,m11,Belt_Harsh,Arpeggio,o,7.24463,/home/evgeniy/Projects/VocalAssistant/datasets/VocalSet/FULL/male11/arpeggios/belt/m11_arpeggios_belt_o.wav,7.245555555555556,male11,male
m11_arpeggios_belt_u,Male,m11,Belt_Harsh,Arpeggio,u,7.24463,/home/evgeniy/Projects/VocalAssistant/datasets/VocalSet/FULL/male11/arpeggios/belt/m11_arpeggios_belt_u.wav,7.245555555555556,male11,male
m11_arpeggios_breathy_a,Male,m11,VeryBreathy,Arpeggio,a,7.61615,/home/evgeniy/Projects/VocalAssistant/datasets/VocalSet/FULL/male11/arpeggios/breathy/m11_arpeggios_breathy_a.wav,7.619319727891156,male11,male
m11_arpeggios_breathy_e,Male,m11,VeryBreathy,Arpeggio,e,7.82512,/home/evgeniy/Projects/VocalAssistant/datasets/VocalSet/FULL/male11/arpeggios/breathy/m11_arpeggios_breathy_e.wav,7.833356009070295,male11,male
m11_arpeggios_breathy_i,Male,m11,VeryBreathy,Arpeggio,i,7.31429,/home/evgeniy/Projects/VocalAssistant/datasets/VocalSet/FULL/male11/arpeggios/breathy/m11_arpeggios_breathy_i.wav,7.31968253968254,male11,male
m11_arpeggios_breathy_o,Male,m11,VeryBreathy,Arpeggio,o,7.22141,/home/evgeniy/Projects/VocalAssistant/datasets/VocalSet/FULL/male11/arpeggios/breathy/m11_arpeggios_breathy_o.wav,7.234081632653061,male11,male
m11_arpeggios_c_fast_forte_a,Male,m11,Fast_Articulated_Forte,Arpeggio,a,2.06658,/home/evgeniy/Projects/VocalAssistant/datasets/VocalSet/FULL/male11/arpeggios/fast_forte/m11_arpeggios_c_fast_forte_a.wav,2.07530612244898,male11,male
m11_arpeggios_c_fast_forte_e,Male,m11,Fast_Articulated_Forte,Arpeggio,e,1.88082,/home/evgeniy/Projects/VocalAssistant/datasets/VocalSet/FULL/male11/arpeggios/fast_forte/m11_arpeggios_c_fast_forte_e.wav,1.898684807256236,male11,male
m11_arpeggios_c_fast_forte_i,Male,m11,Fast_Articulated_Forte,Arpeggio,i,2.13624,/home/evgeniy/Projects/VocalAssistant/datasets/VocalSet/FULL/male11/arpeggios/fast_forte/m11_arpeggios_c_fast_forte_i.wav,2.1415192743764173,male11,male
m11_arpeggios_c_fast_forte_o,Male,m11,Fast_Articulated_Forte,Arpeggio,o,1.92726,/home/evgeniy/Projects/VocalAssistant/datasets/VocalSet/FULL/male11/arpeggios/fast_forte/m11_arpeggios_c_fast_forte_o.wav,1.9428344671201812,male11,male
m11_arpeggios_c_fast_forte_u,Male,m11,Fast_Articulated_Forte,Arpeggio,u,2.11302,/home/evgeniy/Projects/VocalAssistant/datasets/VocalSet/FULL/male11/arpeggios/fast_forte/m11_arpeggios_c_fast_forte_u.wav,2.119455782312925,male11,male
m11_arpeggios_c_fast_piano_a,Male,m11,Fast_Articulated_Piano,Arpeggio,a,2.04336,/home/evgeniy/Projects/VocalAssistant/datasets/VocalSet/FULL/male11/arpeggios/fast_piano/m11_arpeggios_c_fast_piano_a.wav,2.047596371882086,male11,male
m11_arpeggios_c_fast_piano_e,Male,m11,Fast_Articulated_Piano,Arpeggio,e,2.13624,/home/evgeniy/Projects/VocalAssistant/datasets/VocalSet/FULL/male11/arpeggios/fast_piano/m11_arpeggios_c_fast_piano_e.wav,2.1474603174603173,male11,male
m11_arpeggios_c_fast_piano_o,Male,m11,Fast_Articulated_Piano,Arpeggio,o,2.13624,/home/evgeniy/Projects/VocalAssistant/datasets/VocalSet/FULL/male11/arpeggios/fast_piano/m11_arpeggios_c_fast_piano_o.wav,2.1474829931972788,male11,male
m11_arpeggios_c_fast_piano_u,Male,m11,Fast_Articulated_Piano,Arpeggio,u,2.13624,/home/evgeniy/Projects/VocalAssistant/datasets/VocalSet/FULL/male11/arpeggios/fast_piano/m11_arpeggios_c_fast_piano_u.wav,2.1474603174603173,male11,male
m11_arpeggios_c_slow_forte_a,Male,m11,Slow_Legato_Forte,Arpeggio,a,7.10531,/home/evgeniy/Projects/VocalAssistant/datasets/VocalSet/FULL/male11/arpeggios/slow_forte/m11_arpeggios_c_slow_forte_a.wav,7.116417233560091,male11,male
m11_arpeggios_c_slow_forte_e,Male,m11,Slow_Legato_Forte,Arpeggio,e,6.73379,/home/evgeniy/Projects/VocalAssistant/datasets/VocalSet/FULL/male11/arpeggios/slow_forte/m11_arpeggios_c_slow_forte_e.wav,6.735170068027211,male11,male
m11_arpeggios_c_slow_forte_u,Male,m11,Slow_Legato_Forte,Arpeggio,u,7.15175,/home/evgeniy/Projects/VocalAssistant/datasets/VocalSet/FULL/male11/arpeggios/slow_forte/m11_arpeggios_c_slow_forte_u.wav,7.158775510204082,male11,male
m11_arpeggios_c_slow_piano_a,Male,m11,Slow_Legato_Piano,Arpeggio,a,7.38395,/home/evgeniy/Projects/VocalAssistant/datasets/VocalSet/FULL/male11/arpeggios/slow_piano/m11_arpeggios_c_slow_piano_a.wav,7.387142857142857,male11,male
m11_arpeggios_c_slow_piano_e,Male,m11,Slow_Legato_Piano,Arpeggio,e,7.38395,/home/evgeniy/Projects/VocalAssistant/datasets/VocalSet/FULL/male11/arpeggios/slow_piano/m11_arpeggios_c_slow_piano_e.wav,7.387142857142857,male11,male
m11_arpeggios_c_slow_piano_i,Male,m11,Slow_Legato_Piano,Arpeggio,i,7.43039,/home/evgeniy/Projects/VocalAssistant/datasets/VocalSet/FULL/male11/arpeggios/slow_piano/m11_arpeggios_c_slow_piano_i.wav,7.430861678004535,male11,male
m11_arpeggios_c_slow_piano_o,Male,m11,Slow_Legato_Piano,Arpeggio,o,7.59293,/home/evgeniy/Projects/VocalAssistant/datasets/VocalSet/FULL/male11/arpeggios/slow_piano/m11_arpeggios_c_slow_piano_o.wav,7.605691609977324,male11,male
m11_arpeggios_c_slow_piano_u,Male,m11,Slow_Legato_Piano,Arpeggio,u,7.10531,/home/evgeniy/Projects/VocalAssistant/datasets/VocalSet/FULL/male11/arpeggios/slow_piano/m11_arpeggios_c_slow_piano_u.wav,7.124875283446712,male11,male
m11_arpeggios_f_fast_forte_a,Male,m11,Fast_Articulated_Forte,Arpeggio,a,2.36844,/home/evgeniy/Projects/VocalAssistant/datasets/VocalSet/FULL/male11/arpeggios/fast_forte/m11_arpeggios_f_fast_forte_a.wav,2.386122448979592,male11,male
m11_arpeggios_f_fast_forte_e,Male,m11,Fast_Articulated_Forte,Arpeggio,e,2.06658,/home/evgeniy/Projects/VocalAssistant/datasets/VocalSet/FULL/male11/arpeggios/fast_forte/m11_arpeggios_f_fast_forte_e.wav,2.087868480725624,male11,male
m11_arpeggios_f_fast_forte_i,Male,m11,Fast_Articulated_Forte,Arpeggio,i,2.06658,/home/evgeniy/Projects/VocalAssistant/datasets/VocalSet/FULL/male11/arpeggios/fast_forte/m11_arpeggios_f_fast_forte_i.wav,2.087868480725624,male11,male
m11_arpeggios_f_fast_forte_o,Male,m11,Fast_Articulated_Forte,Arpeggio,o,2.13624,/home/evgeniy/Projects/VocalAssistant/datasets/VocalSet/FULL/male11/arpeggios/fast_forte/m11_arpeggios_f_fast_forte_o.wav,2.1475283446712017,male11,male
m11_arpeggios_f_fast_forte_u,Male,m11,Fast_Articulated_Forte,Arpeggio,u,2.15946,/home/evgeniy/Projects/VocalAssistant/datasets/VocalSet/FULL/male11/arpeggios/fast_forte/m11_arpeggios_f_fast_forte_u.wav,2.1674149659863944,male11,male
m11_arpeggios_f_fast_piano_a,Male,m11,Fast_Articulated_Piano,Arpeggio,a,2.13624,/home/evgeniy/Projects/VocalAssistant/datasets/VocalSet/FULL/male11/arpeggios/fast_piano/m11_arpeggios_f_fast_piano_a.wav,2.145555555555556,male11,male
m11_arpeggios_f_fast_piano_e,Male,m11,Fast_Articulated_Piano,Arpeggio,e,2.25234,/home/evgeniy/Projects/VocalAssistant/datasets/VocalSet/FULL/male11/arpeggios/fast_piano/m11_arpeggios_f_fast_piano_e.wav,2.2658503401360544,male11,male
m11_arpeggios_f_fast_piano_i,Male,m11,Fast_Articulated_Piano,Arpeggio,i,2.25234,/home/evgeniy/Projects/VocalAssistant/datasets/VocalSet/FULL/male11/arpeggios/fast_piano/m11_arpeggios_f_fast_piano_i.wav,2.2658503401360544,male11,male
m11_arpeggios_f_fast_piano_o,Male,m11,Fast_Articulated_Piano,Arpeggio,o,2.25234,/home/evgeniy/Projects/VocalAssistant/datasets/VocalSet/FULL/male11/arpeggios/fast_piano/m11_arpeggios_f_fast_piano_o.wav,2.2658503401360544,male11,male
m11_arpeggios_f_fast_piano_u,Male,m11,Fast_Articulated_Piano,Arpeggio,u,2.02014,/home/evgeniy/Projects/VocalAssistant/datasets/VocalSet/FULL/male11/arpeggios/fast_piano/m11_arpeggios_f_fast_piano_u.wav,2.025238095238095,male11,male
m11_arpeggios_f_slow_forte_a,Male,m11,Slow_Legato_Forte,Arpeggio,a,6.75701,/home/evgeniy/Projects/VocalAssistant/datasets/VocalSet/FULL/male11/arpeggios/slow_forte/m11_arpeggios_f_slow_forte_a.wav,6.759047619047619,male11,male
m11_arpeggios_f_slow_piano_a,Male,m11,Slow_Legato_Piano,Arpeggio,a,7.38395,/home/evgeniy/Projects/VocalAssistant/datasets/VocalSet/FULL/male11/arpeggios/slow_piano/m11_arpeggios_f_slow_piano_a.wav,7.405736961451248,male11,male
m11_arpeggios_f_slow_piano_e,Male,m11,Slow_Legato_Piano,Arpeggio,e,7.36073,/home/evgeniy/Projects/VocalAssistant/datasets/VocalSet/FULL/male11/arpeggios/slow_piano/m11_arpeggios_f_slow_piano_e.wav,7.361156462585034,male11,male
m11_arpeggios_f_slow_piano_i,Male,m11,Slow_Legato_Piano,Arpeggio,i,7.56971,/home/evgeniy/Projects/VocalAssistant/datasets/VocalSet/FULL/male11/arpeggios/slow_piano/m11_arpeggios_f_slow_piano_i.wav,7.58421768707483,male11,male
m11_arpeggios_f_slow_piano_o,Male,m11,Slow_Legato_Piano,Arpeggio,o,7.61615,/home/evgeniy/Projects/VocalAssistant/datasets/VocalSet/FULL/male11/arpeggios/slow_piano/m11_arpeggios_f_slow_piano_o.wav,7.628798185941043,male11,male
m11_arpeggios_f_slow_piano_u,Male,m11,Slow_Legato_Piano,Arpeggio,u,7.47683,/home/evgeniy/Projects/VocalAssistant/datasets/VocalSet/FULL/male11/arpeggios/slow_piano/m11_arpeggios_f_slow_piano_u.wav,7.49498866213152,male11,male
m11_arpeggios_lip_trill_a,Male,m11,Lip_Trill,Arpeggio,a,5.64245,/home/evgeniy/Projects/VocalAssistant/datasets/VocalSet/FULL/male11/arpeggios/lip_trill/m11_arpeggios_lip_trill_a.wav,5.662290249433107,male11,male
m11_arpeggios_lip_trill_e,Male,m11,Lip_Trill,Arpeggio,e,5.80499,/home/evgeniy/Projects/VocalAssistant/datasets/VocalSet/FULL/male11/arpeggios/lip_trill/m11_arpeggios_lip_trill_e.wav,5.812290249433107,male11,male
m11_arpeggios_lip_trill_i,Male,m11,Lip_Trill,Arpeggio,i,5.73533,/home/evgeniy/Projects/VocalAssistant/datasets/VocalSet/FULL/male11/arpeggios/lip_trill/m11_arpeggios_lip_trill_i.wav,5.737301587301587,male11,male
m11_arpeggios_lip_trill_o,Male,m11,Lip_Trill,Arpeggio,o,4.89941,/home/evgeniy/Projects/VocalAssistant/datasets/VocalSet/FULL/male11/arpeggios/lip_trill/m11_arpeggios_lip_trill_o.wav,4.912312925170068,male11,male
m11_arpeggios_lip_trill_u,Male,m11,Lip_Trill,Arpeggio,u,4.76009,/home/evgeniy/Projects/VocalAssistant/datasets/VocalSet/FULL/male11/arpeggios/lip_trill/m11_arpeggios_lip_trill_u.wav,4.762335600907029,male11,male
m11_arpeggios_straight_a,Male,m11,Slow_StraightTone,Arpeggio,a,7.87156,/home/evgeniy/Projects/VocalAssistant/datasets/VocalSet/FULL/male11/arpeggios/straight/m11_arpeggios_straight_a.wav,7.887845804988662,male11,male
m11_arpeggios_straight_e,Male,m11,Slow_StraightTone,Arpeggio,e,7.96444,/home/evgeniy/Projects/VocalAssistant/datasets/VocalSet/FULL/male11/arpeggios/straight/m11_arpeggios_straight_e.wav,7.979546485260771,male11,male
m11_arpeggios_straight_i,Male,m11,Slow_StraightTone,Arpeggio,i,8.42884,/home/evgeniy/Projects/VocalAssistant/datasets/VocalSet/FULL/male11/arpeggios/straight/m11_arpeggios_straight_i.wav,8.43814058956916,male11,male
m11_arpeggios_straight_o,Male,m11,Slow_StraightTone,Arpeggio,o,7.87156,/home/evgeniy/Projects/VocalAssistant/datasets/VocalSet/FULL/male11/arpeggios/straight/m11_arpeggios_straight_o.wav,7.887845804988662,male11,male
m11_arpeggios_straight_u,Male,m11,Slow_StraightTone,Arpeggio,u,7.77868,/home/evgeniy/Projects/VocalAssistant/datasets/VocalSet/FULL/male11/arpeggios/straight/m11_arpeggios_straight_u.wav,7.796122448979592,male11,male
m11_arpeggios_vibrato_a,Male,m11,Slow_MoltoVibrato,Arpeggio,a,8.89324,/home/evgeniy/Projects/VocalAssistant/datasets/VocalSet/FULL/male11/arpeggios/vibrato/m11_arpeggios_vibrato_a.wav,8.91485260770975,male11,male
m11_arpeggios_vibrato_e,Male,m11,Slow_MoltoVibrato,Arpeggio,e,9.14866,/home/evgeniy/Projects/VocalAssistant/datasets/VocalSet/FULL/male11/arpeggios/vibrato/m11_arpeggios_vibrato_e.wav,9.166666666666666,male11,male
m11_arpeggios_vibrato_o,Male,m11,Slow_MoltoVibrato,Arpeggio,o,9.79882,/home/evgeniy/Projects/VocalAssistant/datasets/VocalSet/FULL/male11/arpeggios/vibrato/m11_arpeggios_vibrato_o.wav,9.821428571428571,male11,male
m11_arpeggios_vibrato_u,Male,m11,Slow_MoltoVibrato,Arpeggio,u,10.21678,/home/evgeniy/Projects/VocalAssistant/datasets/VocalSet/FULL/male11/arpeggios/vibrato/m11_arpeggios_vibrato_u.wav,10.22437641723356,male11,male
m11_caro_straight,Male,m11,StraightTone,MusicalExcerp_Caro,,36.91973,/home/evgeniy/Projects/VocalAssistant/datasets/VocalSet/FULL/male11/excerpts/straight/m11_caro_straight.wav,36.93222222222222,male11,male
m11_caro_vibrato,Male,m11,MoltoVibrato,MusicalExcerp_Caro,o,36.96617,/home/evgeniy/Projects/VocalAssistant/datasets/VocalSet/FULL/male11/excerpts/vibrato/m11_caro_vibrato.wav,36.98299319727891,male11,male
m11_dona_straight,Male,m11,StraightTone,MusicalExcerp_Dona,,21.36236,/home/evgeniy/Projects/VocalAssistant/datasets/VocalSet/FULL/male11/excerpts/straight/m11_dona_straight.wav,21.38328798185941,male11,male
m11_dona_vibrato,Male,m11,MoltoVibrato,MusicalExcerp_Dona,o,22.47692,/home/evgeniy/Projects/VocalAssistant/datasets/VocalSet/FULL/male11/excerpts/vibrato/m11_dona_vibrato.wav,22.490816326530613,male11,male
m11_long_forte_a,Male,m11,FullVoice,Long_tones,a,7.50005,/home/evgeniy/Projects/VocalAssistant/datasets/VocalSet/FULL/male11/long_tones/forte/m11_long_forte_a.wav,7.509931972789116,male11,male
m11_long_forte_e,Male,m11,FullVoice,Long_tones,e,7.24463,/home/evgeniy/Projects/VocalAssistant/datasets/VocalSet/FULL/male11/long_tones/forte/m11_long_forte_e.wav,7.26766439909297,male11,male
m11_long_forte_i,Male,m11,FullVoice,Long_tones,i,7.61615,/home/evgeniy/Projects/VocalAssistant/datasets/VocalSet/FULL/male11/long_tones/forte/m11_long_forte_i.wav,7.631043083900226,male11,male
m11_long_forte_o,Male,m11,FullVoice,Long_tones,o,7.73224,/home/evgeniy/Projects/VocalAssistant/datasets/VocalSet/FULL/male11/long_tones/forte/m11_long_forte_o.wav,7.7521768707483,male11,male
m11_long_forte_u,Male,m11,FullVoice,Long_tones,u,7.73224,/home/evgeniy/Projects/VocalAssistant/datasets/VocalSet/FULL/male11/long_tones/forte/m11_long_forte_u.wav,7.752199546485261,male11,male
m11_long_messa_a,Male,m11,MessaDiVoce,Long_tones,a,17.71683,/home/evgeniy/Projects/VocalAssistant/datasets/VocalSet/FULL/male11/long_tones/messa/m11_long_messa_a.wav,17.726485260770975,male11,male
m11_long_messa_e,Male,m11,MessaDiVoce,Long_tones,e,15.27873,/home/evgeniy/Projects/VocalAssistant/datasets/VocalSet/FULL/male11/long_tones/messa/m11_long_messa_e.wav,15.29498866213152,male11,male
m11_long_messa_i,Male,m11,MessaDiVoce,Long_tones,i,12.53878,/home/evgeniy/Projects/VocalAssistant/datasets/VocalSet/FULL/male11/long_tones/messa/m11_long_messa_i.wav,12.549727891156463,male11,male
m11_long_messa_o,Male,m11,MessaDiVoce,Long_tones,o,13.00318,/home/evgeniy/Projects/VocalAssistant/datasets/VocalSet/FULL/male11/long_tones/messa/m11_long_messa_o.wav,13.020340136054422,male11,male
m11_long_messa_u,Male,m11,MessaDiVoce,Long_tones,u,12.77098,/home/evgeniy/Projects/VocalAssistant/datasets/VocalSet/FULL/male11/long_tones/messa/m11_long_messa_u.wav,12.785034013605442,male11,male
m11_long_straight_a,Male,m11,StraightTone,Long_tones,a,7.8019,/home/evgeniy/Projects/VocalAssistant/datasets/VocalSet/FULL/male11/long_tones/straight/m11_long_straight_a.wav,7.8179365079365075,male11,male
m11_long_straight_e,Male,m11,StraightTone,Long_tones,e,8.1502,/home/evgeniy/Projects/VocalAssistant/datasets/VocalSet/FULL/male11/long_tones/straight/m11_long_straight_e.wav,8.155759637188208,male11,male
m11_long_straight_i,Male,m11,StraightTone,Long_tones,i,7.84834,/home/evgeniy/Projects/VocalAssistant/datasets/VocalSet/FULL/male11/long_tones/straight/m11_long_straight_i.wav,7.866213151927438,male11,male
m11_long_straight_o,Male,m11,StraightTone,Long_tones,o,7.47683,/home/evgeniy/Projects/VocalAssistant/datasets/VocalSet/FULL/male11/long_tones/straight/m11_long_straight_o.wav,7.480136054421768,male11,male
m11_long_straight_u,Male,m11,StraightTone,Long_tones,u,7.8019,/home/evgeniy/Projects/VocalAssistant/datasets/VocalSet/FULL/male11/long_tones/straight/m11_long_straight_u.wav,7.817959183673469,male11,male
m11_long_trill_a,Male,m11,Trill,Long_tones,a,8.63782,/home/evgeniy/Projects/VocalAssistant/datasets/VocalSet/FULL/male11/long_tones/trill/m11_long_trill_a.wav,8.645102040816326,male11,male
m11_long_trill_e,Male,m11,Trill,Long_tones,e,7.84834,/home/evgeniy/Projects/VocalAssistant/datasets/VocalSet/FULL/male11/long_tones/trill/m11_long_trill_e.wav,7.85015873015873,male11,male
m11_long_trill_i,Male,m11,Trill,Long_tones,i,7.98766,/home/evgeniy/Projects/VocalAssistant/datasets/VocalSet/FULL/male11/long_tones/trill/m11_long_trill_i.wav,7.999206349206349,male11,male
m11_long_trill_o,Male,m11,Trill,Long_tones,o,8.28952,/home/evgeniy/Projects/VocalAssistant/datasets/VocalSet/FULL/male11/long_tones/trill/m11_long_trill_o.wav,8.297324263038549,male11,male
m11_long_trill_u,Male,m11,Trill,Long_tones,u,8.28952,/home/evgeniy/Projects/VocalAssistant/datasets/VocalSet/FULL/male11/long_tones/trill/m11_long_trill_u.wav,8.297324263038549,male11,male
m11_long_trillo_a,Male,m11,Trillo,Long_tones,a,8.89324,/home/evgeniy/Projects/VocalAssistant/datasets/VocalSet/FULL/male11/long_tones/trillo/m11_long_trillo_a.wav,8.901451247165532,male11,male
m11_long_trillo_e,Male,m11,Trillo,Long_tones,e,7.26785,/home/evgeniy/Projects/VocalAssistant/datasets/VocalSet/FULL/male11/long_tones/trillo/m11_long_trillo_e.wav,7.268639455782313,male11,male
m11_long_trillo_i,Male,m11,Trillo,Long_tones,i,7.98766,/home/evgeniy/Projects/VocalAssistant/datasets/VocalSet/FULL/male11/long_tones/trillo/m11_long_trillo_i.wav,8.006031746031747,male11,male
m11_long_trillo_o,Male,m11,Trillo,Long_tones,o,8.47528,/home/evgeniy/Projects/VocalAssistant/datasets/VocalSet/FULL/male11/long_tones/trillo/m11_long_trillo_o.wav,8.480090702947846,male11,male
m11_long_trillo_u,Male,m11,Trillo,Long_tones,u,8.35918,/home/evgeniy/Projects/VocalAssistant/datasets/VocalSet/FULL/male11/long_tones/trillo/m11_long_trillo_u.wav,8.374739229024943,male11,male
m11_row_straight,Male,m11,StraightTone,MusicalExcerp_RowRow,,15.04653,/home/evgeniy/Projects/VocalAssistant/datasets/VocalSet/FULL/male11/excerpts/straight/m11_row_straight.wav,15.064104308390023,male11,male
m11_scales_belt_a,Male,m11,Belt_Harsh,Scale,a,5.08517,/home/evgeniy/Projects/VocalAssistant/datasets/VocalSet/FULL/male11/scales/belt/m11_scales_belt_a.wav,5.099863945578231,male11,male
m11_scales_belt_e,Male,m11,Belt_Harsh,Scale,e,4.92263,/home/evgeniy/Projects/VocalAssistant/datasets/VocalSet/FULL/male11/scales/belt/m11_scales_belt_e.wav,4.945306122448979,male11,male
m11_scales_belt_i,Male,m11,Belt_Harsh,Scale,i,4.92263,/home/evgeniy/Projects/VocalAssistant/datasets/VocalSet/FULL/male11/scales/belt/m11_scales_belt_i.wav,4.945306122448979,male11,male
m11_scales_belt_o,Male,m11,Belt_Harsh,Scale,o,4.89941,/home/evgeniy/Projects/VocalAssistant/datasets/VocalSet/FULL/male11/scales/belt/m11_scales_belt_o.wav,4.9143990929705215,male11,male
m11_scales_belt_u,Male,m11,Belt_Harsh,Scale,u,5.20127,/home/evgeniy/Projects/VocalAssistant/datasets/VocalSet/FULL/male11/scales/belt/m11_scales_belt_u.wav,5.223492063492063,male11,male
m11_scales_breathy_a,Male,m11,Breathy,Scale,a,5.43347,/home/evgeniy/Projects/VocalAssistant/datasets/VocalSet/FULL/male11/scales/breathy/m11_scales_breathy_a.wav,5.435079365079365,male11,male
m11_scales_breathy_e,Male,m11,Breathy,Scale,e,5.15483,/home/evgeniy/Projects/VocalAssistant/datasets/VocalSet/FULL/male11/scales/breathy/m11_scales_breathy_e.wav,5.1650113378684805,male11,male
m11_scales_breathy_i,Male,m11,Breathy,Scale,i,5.68889,/home/evgeniy/Projects/VocalAssistant/datasets/VocalSet/FULL/male11/scales/breathy/m11_scales_breathy_i.wav,5.705147392290249,male11,male
m11_scales_breathy_o,Male,m11,Breathy,Scale,o,5.43347,/home/evgeniy/Projects/VocalAssistant/datasets/VocalSet/FULL/male11/scales/breathy/m11_scales_breathy_o.wav,5.435079365079365,male11,male
m11_scales_breathy_u,Male,m11,Breathy,Scale,u,5.61923,/home/evgeniy/Projects/VocalAssistant/datasets/VocalSet/FULL/male11/scales/breathy/m11_scales_breathy_u.wav,5.637619047619047,male11,male
m11_scales_c_fast_forte_a,Male,m11,Fast_Articulated_Forte,Scale,a,3.90095,/home/evgeniy/Projects/VocalAssistant/datasets/VocalSet/FULL/male11/scales/fast_forte/m11_scales_c_fast_forte_a.wav,3.915079365079365,male11,male
m11_scales_c_fast_forte_e,Male,m11,Fast_Articulated_Forte,Scale,e,4.04027,/home/evgeniy/Projects/VocalAssistant/datasets/VocalSet/FULL/male11/scales/fast_forte/m11_scales_c_fast_forte_e.wav,4.052925170068027,male11,male
m11_scales_c_fast_forte_i,Male,m11,Fast_Articulated_Forte,Scale,i,3.78485,/home/evgeniy/Projects/VocalAssistant/datasets/VocalSet/FULL/male11/scales/fast_forte/m11_scales_c_fast_forte_i.wav,3.804807256235828,male11,male
m11_scales_c_fast_forte_o,Male,m11,Fast_Articulated_Forte,Scale,o,3.62231,/home/evgeniy/Projects/VocalAssistant/datasets/VocalSet/FULL/male11/scales/fast_forte/m11_scales_c_fast_forte_o.wav,3.63936507936508,male11,male
m11_scales_c_fast_forte_u,Male,m11,Fast_Articulated_Forte,Scale,u,4.13315,/home/evgeniy/Projects/VocalAssistant/datasets/VocalSet/FULL/male11/scales/fast_forte/m11_scales_c_fast_forte_u.wav,4.135646258503401,male11,male
m11_scales_c_fast_piano_e,Male,m11,Fast_Articulated_Piano,Scale,e,3.94739,/home/evgeniy/Projects/VocalAssistant/datasets/VocalSet/FULL/male11/scales/fast_piano/m11_scales_c_fast_piano_e.wav,3.963945578231293,male11,male
m11_scales_c_fast_piano_o,Male,m11,Fast_Articulated_Piano,Scale,o,3.97061,/home/evgeniy/Projects/VocalAssistant/datasets/VocalSet/FULL/male11/scales/fast_piano/m11_scales_c_fast_piano_o.wav,3.9916553287981857,male11,male
m11_scales_c_fast_piano_u,Male,m11,Fast_Articulated_Piano,Scale,u,4.08671,/home/evgeniy/Projects/VocalAssistant/datasets/VocalSet/FULL/male11/scales/fast_piano/m11_scales_c_fast_piano_u.wav,4.102539682539683,male11,male
m11_scales_c_slow_forte_i,Male,m11,Slow_Legato_Forte,Scale,i,9.7756,/home/evgeniy/Projects/VocalAssistant/datasets/VocalSet/FULL/male11/scales/slow_forte/m11_scales_c_slow_forte_i.wav,9.777414965986395,male11,male
m11_scales_c_slow_forte_o,Male,m11,Slow_Legato_Forte,Scale,o,9.86848,/home/evgeniy/Projects/VocalAssistant/datasets/VocalSet/FULL/male11/scales/slow_forte/m11_scales_c_slow_forte_o.wav,9.884263038548752,male11,male
m11_scales_c_slow_piano_a,Male,m11,Slow_Legato_Piano,Scale,a,9.6595,/home/evgeniy/Projects/VocalAssistant/datasets/VocalSet/FULL/male11/scales/slow_piano/m11_scales_c_slow_piano_a.wav,9.660136054421768,male11,male
m11_scales_c_slow_piano_e,Male,m11,Slow_Legato_Piano,Scale,e,9.6595,/home/evgeniy/Projects/VocalAssistant/datasets/VocalSet/FULL/male11/scales/slow_piano/m11_scales_c_slow_piano_e.wav,9.660136054421768,male11,male
m11_scales_c_slow_piano_i,Male,m11,Slow_Legato_Piano,Scale,i,9.49696,/home/evgeniy/Projects/VocalAssistant/datasets/VocalSet/FULL/male11/scales/slow_piano/m11_scales_c_slow_piano_i.wav,9.498231292517008,male11,male
m11_scales_c_slow_piano_o,Male,m11,Slow_Legato_Piano,Scale,o,9.38086,/home/evgeniy/Projects/VocalAssistant/datasets/VocalSet/FULL/male11/scales/slow_piano/m11_scales_c_slow_piano_o.wav,9.39031746031746,male11,male
m11_scales_c_slow_piano_u,Male,m11,Slow_Legato_Piano,Scale,u,9.70594,/home/evgeniy/Projects/VocalAssistant/datasets/VocalSet/FULL/male11/scales/slow_piano/m11_scales_c_slow_piano_u.wav,9.714104308390022,male11,male
m11_scales_f_fast_forte_a,Male,m11,Fast_Articulated_Forte,Scale,a,4.10993,/home/evgeniy/Projects/VocalAssistant/datasets/VocalSet/FULL/male11/scales/fast_forte/m11_scales_f_fast_forte_a.wav,4.128390022675737,male11,male
m11_scales_f_fast_forte_i,Male,m11,Fast_Articulated_Forte,Scale,i,4.31891,/home/evgeniy/Projects/VocalAssistant/datasets/VocalSet/FULL/male11/scales/fast_forte/m11_scales_f_fast_forte_i.wav,4.326326530612245,male11,male
m11_scales_f_fast_forte_o,Male,m11,Fast_Articulated_Forte,Scale,o,3.94739,/home/evgeniy/Projects/VocalAssistant/datasets/VocalSet/FULL/male11/scales/fast_forte/m11_scales_f_fast_forte_o.wav,3.958730158730159,male11,male
m11_scales_f_fast_forte_u,Male,m11,Fast_Articulated_Forte,Scale,u,3.92417,/home/evgeniy/Projects/VocalAssistant/datasets/VocalSet/FULL/male11/scales/fast_forte/m11_scales_f_fast_forte_u.wav,3.930453514739229,male11,male
m11_scales_f_fast_piano_a,Male,m11,Fast_Articulated_Piano,Scale,a,4.06349,/home/evgeniy/Projects/VocalAssistant/datasets/VocalSet/FULL/male11/scales/fast_piano/m11_scales_f_fast_piano_a.wav,4.082834467120182,male11,male
m11_scales_f_fast_piano_e,Male,m11,Fast_Articulated_Piano,Scale,e,4.06349,/home/evgeniy/Projects/VocalAssistant/datasets/VocalSet/FULL/male11/scales/fast_piano/m11_scales_f_fast_piano_e.wav,4.08281179138322,male11,male
m11_scales_f_fast_piano_i,Male,m11,Fast_Articulated_Piano,Scale,i,4.04027,/home/evgeniy/Projects/VocalAssistant/datasets/VocalSet/FULL/male11/scales/fast_piano/m11_scales_f_fast_piano_i.wav,4.055963718820862,male11,male
m11_scales_f_fast_piano_o,Male,m11,Fast_Articulated_Piano,Scale,o,3.83129,/home/evgeniy/Projects/VocalAssistant/datasets/VocalSet/FULL/male11/scales/fast_piano/m11_scales_f_fast_piano_o.wav,3.8410884353741497,male11,male
m11_scales_f_fast_piano_u,Male,m11,Fast_Articulated_Piano,Scale,u,3.90095,/home/evgeniy/Projects/VocalAssistant/datasets/VocalSet/FULL/male11/scales/fast_piano/m11_scales_f_fast_piano_u.wav,3.921655328798186,male11,male
m11_scales_f_slow_piano_a,Male,m11,Slow_Legato_Piano,Scale,a,8.91646,/home/evgeniy/Projects/VocalAssistant/datasets/VocalSet/FULL/male11/scales/slow_piano/m11_scales_f_slow_piano_a.wav,8.919115646258504,male11,male
m11_scales_f_slow_piano_e,Male,m11,Slow_Legato_Piano,Scale,e,9.38086,/home/evgeniy/Projects/VocalAssistant/datasets/VocalSet/FULL/male11/scales/slow_piano/m11_scales_f_slow_piano_e.wav,9.385827664399091,male11,male
m11_scales_f_slow_piano_i,Male,m11,Slow_Legato_Piano,Scale,i,9.17188,/home/evgeniy/Projects/VocalAssistant/datasets/VocalSet/FULL/male11/scales/slow_piano/m11_scales_f_slow_piano_i.wav,9.178390022675735,male11,male
m11_scales_f_slow_piano_o,Male,m11,Slow_Legato_Piano,Scale,o,9.58984,/home/evgeniy/Projects/VocalAssistant/datasets/VocalSet/FULL/male11/scales/slow_piano/m11_scales_f_slow_piano_o.wav,9.593242630385488,male11,male
m11_scales_f_slow_piano_u,Male,m11,Slow_Legato_Piano,Scale,u,9.21832,/home/evgeniy/Projects/VocalAssistant/datasets/VocalSet/FULL/male11/scales/slow_piano/m11_scales_f_slow_piano_u.wav,9.230226757369614,male11,male
m11_scales_straight_a,Male,m11,StraightTone,Scale,a,10.05424,/home/evgeniy/Projects/VocalAssistant/datasets/VocalSet/FULL/male11/scales/straight/m11_scales_straight_a.wav,10.05578231292517,male11,male
m11_scales_straight_e,Male,m11,StraightTone,Scale,e,9.8917,/home/evgeniy/Projects/VocalAssistant/datasets/VocalSet/FULL/male11/scales/straight/m11_scales_straight_e.wav,9.89358276643991,male11,male
m11_scales_straight_i,Male,m11,StraightTone,Scale,i,9.8917,/home/evgeniy/Projects/VocalAssistant/datasets/VocalSet/FULL/male11/scales/straight/m11_scales_straight_i.wav,9.89360544217687,male11,male
m11_scales_straight_u,Male,m11,StraightTone,Scale,u,10.37932,/home/evgeniy/Projects/VocalAssistant/datasets/VocalSet/FULL/male11/scales/straight/m11_scales_straight_u.wav,10.38015873015873,male11,male
m11_scales_vibrato_a,Male,m11,MoltoVibrato,Scale,a,10.37932,/home/evgeniy/Projects/VocalAssistant/datasets/VocalSet/FULL/male11/scales/vibrato/m11_scales_vibrato_a.wav,10.398185941043083,male11,male
m11_scales_vibrato_e,Male,m11,MoltoVibrato,Scale,e,10.17034,/home/evgeniy/Projects/VocalAssistant/datasets/VocalSet/FULL/male11/scales/vibrato/m11_scales_vibrato_e.wav,10.184920634920635,male11,male
m11_scales_vibrato_o,Male,m11,MoltoVibrato,Scale,o,10.17034,/home/evgeniy/Projects/VocalAssistant/datasets/VocalSet/FULL/male11/scales/vibrato/m11_scales_vibrato_o.wav,10.184897959183674,male11,male
m11_scales_vibrato_u,Male,m11,MoltoVibrato,Scale,u,9.84526,/home/evgeniy/Projects/VocalAssistant/datasets/VocalSet/FULL/male11/scales/vibrato/m11_scales_vibrato_u.wav,9.864943310657596,male11,male
m1_arpeggios_belt_a,Male,m1,Belt_Harsh,Arpeggio,a,11.42422,/home/evgeniy/Projects/VocalAssistant/datasets/VocalSet/FULL/male1/arpeggios/belt/m1_arpeggios_belt_a.wav,11.444943310657596,male1,male
m1_arpeggios_belt_e,Male,m1,Belt_Harsh,Arpeggio,e,11.6332,/home/evgeniy/Projects/VocalAssistant/datasets/VocalSet/FULL/male1/arpeggios/belt/m1_arpeggios_belt_e.wav,11.642267573696143,male1,male
m1_arpeggios_belt_i,Male,m1,Belt_Harsh,Arpeggio,i,11.54032,/home/evgeniy/Projects/VocalAssistant/datasets/VocalSet/FULL/male1/arpeggios/belt/m1_arpeggios_belt_i.wav,11.54360544217687,male1,male
m1_arpeggios_belt_o,Male,m1,Belt_Harsh,Arpeggio,o,11.42422,/home/evgeniy/Projects/VocalAssistant/datasets/VocalSet/FULL/male1/arpeggios/belt/m1_arpeggios_belt_o.wav,11.444943310657596,male1,male
m1_arpeggios_belt_u,Male,m1,Belt_Harsh,Arpeggio,u,11.42422,/home/evgeniy/Projects/VocalAssistant/datasets/VocalSet/FULL/male1/arpeggios/belt/m1_arpeggios_belt_u.wav,11.444943310657596,male1,male
m1_arpeggios_c_fast_forte_a,Male,m1,Fast_Articulated_Forte,Arpeggio,a,2.02014,/home/evgeniy/Projects/VocalAssistant/datasets/VocalSet/FULL/male1/arpeggios/fast_forte/m1_arpeggios_c_fast_forte_a.wav,2.041020408163265,male1,male
m1_arpeggios_c_fast_forte_u,Male,m1,Fast_Articulated_Forte,Arpeggio,u,1.95048,/home/evgeniy/Projects/VocalAssistant/datasets/VocalSet/FULL/male1/arpeggios/fast_forte/m1_arpeggios_c_fast_forte_u.wav,1.9706349206349207,male1,male
m1_arpeggios_c_fast_piano_a,Male,m1,Fast_Articulated_Piano,Arpeggio,a,2.02014,/home/evgeniy/Projects/VocalAssistant/datasets/VocalSet/FULL/male1/arpeggios/fast_piano/m1_arpeggios_c_fast_piano_a.wav,2.026190476190476,male1,male
m1_arpeggios_c_fast_piano_e,Male,m1,Fast_Articulated_Piano,Arpeggio,e,1.9737,/home/evgeniy/Projects/VocalAssistant/datasets/VocalSet/FULL/male1/arpeggios/fast_piano/m1_arpeggios_c_fast_piano_e.wav,1.9950113378684808,male1,male
m1_arpeggios_c_fast_piano_i,Male,m1,Fast_Articulated_Piano,Arpeggio,i,2.15946,/home/evgeniy/Projects/VocalAssistant/datasets/VocalSet/FULL/male1/arpeggios/fast_piano/m1_arpeggios_c_fast_piano_i.wav,2.1820408163265306,male1,male
m1_arpeggios_c_fast_piano_o,Male,m1,Fast_Articulated_Piano,Arpeggio,o,1.92726,/home/evgeniy/Projects/VocalAssistant/datasets/VocalSet/FULL/male1/arpeggios/fast_piano/m1_arpeggios_c_fast_piano_o.wav,1.9326757369614516,male1,male
m1_arpeggios_c_fast_piano_u,Male,m1,Fast_Articulated_Piano,Arpeggio,u,2.11302,/home/evgeniy/Projects/VocalAssistant/datasets/VocalSet/FULL/male1/arpeggios/fast_piano/m1_arpeggios_c_fast_piano_u.wav,2.119705215419501,male1,male
m1_arpeggios_c_slow_piano_a,Male,m1,Slow_Legato_Piano,Arpeggio,a,10.95982,/home/evgeniy/Projects/VocalAssistant/datasets/VocalSet/FULL/male1/arpeggios/slow_piano/m1_arpeggios_c_slow_piano_a.wav,10.971156462585034,male1,male
m1_arpeggios_c_slow_piano_e,Male,m1,Slow_Legato_Piano,Arpeggio,e,11.35456,/home/evgeniy/Projects/VocalAssistant/datasets/VocalSet/FULL/male1/arpeggios/slow_piano/m1_arpeggios_c_slow_piano_e.wav,11.357460317460315,male1,male
m1_arpeggios_c_slow_piano_i,Male,m1,Slow_Legato_Piano,Arpeggio,i,10.79728,/home/evgeniy/Projects/VocalAssistant/datasets/VocalSet/FULL/male1/arpeggios/slow_piano/m1_arpeggios_c_slow_piano_i.wav,10.816643990929704,male1,male
m1_arpeggios_c_slow_piano_o,Male,m1,Slow_Legato_Piano,Arpeggio,o,11.12236,/home/evgeniy/Projects/VocalAssistant/datasets/VocalSet/FULL/male1/arpeggios/slow_piano/m1_arpeggios_c_slow_piano_o.wav,11.125691609977324,male1,male
m1_arpeggios_c_slow_piano_u,Male,m1,Slow_Legato_Piano,Arpeggio,u,11.12236,/home/evgeniy/Projects/VocalAssistant/datasets/VocalSet/FULL/male1/arpeggios/slow_piano/m1_arpeggios_c_slow_piano_u.wav,11.125691609977324,male1,male
m1_arpeggios_f_fast_forte_a,Male,m1,Fast_Articulated_Forte,Arpeggio,a,2.0898,/home/evgeniy/Projects/VocalAssistant/datasets/VocalSet/FULL/male1/arpeggios/fast_forte/m1_arpeggios_f_fast_forte_a.wav,2.096122448979592,male1,male
m1_arpeggios_f_fast_forte_o,Male,m1,Fast_Articulated_Forte,Arpeggio,o,2.11302,/home/evgeniy/Projects/VocalAssistant/datasets/VocalSet/FULL/male1/arpeggios/fast_forte/m1_arpeggios_f_fast_forte_o.wav,2.132267573696145,male1,male
m1_arpeggios_f_fast_forte_u,Male,m1,Fast_Articulated_Forte,Arpeggio,u,1.83438,/home/evgeniy/Projects/VocalAssistant/datasets/VocalSet/FULL/male1/arpeggios/fast_forte/m1_arpeggios_f_fast_forte_u.wav,1.8431519274376416,male1,male
m1_arpeggios_f_fast_piano_a,Male,m1,Fast_Articulated_Piano,Arpeggio,a,2.02014,/home/evgeniy/Projects/VocalAssistant/datasets/VocalSet/FULL/male1/arpeggios/fast_piano/m1_arpeggios_f_fast_piano_a.wav,2.037777777777778,male1,male
m1_arpeggios_f_fast_piano_e,Male,m1,Fast_Articulated_Piano,Arpeggio,e,1.99692,/home/evgeniy/Projects/VocalAssistant/datasets/VocalSet/FULL/male1/arpeggios/fast_piano/m1_arpeggios_f_fast_piano_e.wav,2.0059410430839004,male1,male
m1_arpeggios_f_fast_piano_i,Male,m1,Fast_Articulated_Piano,Arpeggio,i,2.02014,/home/evgeniy/Projects/VocalAssistant/datasets/VocalSet/FULL/male1/arpeggios/fast_piano/m1_arpeggios_f_fast_piano_i.wav,2.037777777777778,male1,male
m1_arpeggios_f_fast_piano_o,Male,m1,Fast_Articulated_Piano,Arpeggio,o,1.99692,/home/evgeniy/Projects/VocalAssistant/datasets/VocalSet/FULL/male1/arpeggios/fast_piano/m1_arpeggios_f_fast_piano_o.wav,2.005918367346939,male1,male
m1_arpeggios_f_fast_piano_u,Male,m1,Fast_Articulated_Piano,Arpeggio,u,2.2059,/home/evgeniy/Projects/VocalAssistant/datasets/VocalSet/FULL/male1/arpeggios/fast_piano/m1_arpeggios_f_fast_piano_u.wav,2.2288208616780047,male1,male
m1_arpeggios_f_slow_piano_a,Male,m1,Slow_Legato_Piano,Arpeggio,a,11.81896,/home/evgeniy/Projects/VocalAssistant/datasets/VocalSet/FULL/male1/arpeggios/slow_piano/m1_arpeggios_f_slow_piano_a.wav,11.839342403628118,male1,male
m1_arpeggios_f_slow_piano_e,Male,m1,Slow_Legato_Piano,Arpeggio,e,11.81896,/home/evgeniy/Projects/VocalAssistant/datasets/VocalSet/FULL/male1/arpeggios/slow_piano/m1_arpeggios_f_slow_piano_e.wav,11.839342403628118,male1,male
m1_arpeggios_f_slow_piano_i,Male,m1,Slow_Legato_Piano,Arpeggio,i,11.65642,/home/evgeniy/Projects/VocalAssistant/datasets/VocalSet/FULL/male1/arpeggios/slow_piano/m1_arpeggios_f_slow_piano_i.wav,11.65721088435374,male1,male
m1_arpeggios_f_slow_piano_o,Male,m1,Slow_Legato_Piano,Arpeggio,o,11.00626,/home/evgeniy/Projects/VocalAssistant/datasets/VocalSet/FULL/male1/arpeggios/slow_piano/m1_arpeggios_f_slow_piano_o.wav,11.0197052154195,male1,male
m1_arpeggios_f_slow_piano_u,Male,m1,Slow_Legato_Piano,Arpeggio,u,12.0976,/home/evgeniy/Projects/VocalAssistant/datasets/VocalSet/FULL/male1/arpeggios/slow_piano/m1_arpeggios_f_slow_piano_u.wav,12.112585034013604,male1,male
m1_arpeggios_lip_trill_a,Male,m1,Lip_Trill,Arpeggio,a,10.1239,/home/evgeniy/Projects/VocalAssistant/datasets/VocalSet/FULL/male1/arpeggios/lip_trill/m1_arpeggios_lip_trill_a.wav,10.12845804988662,male1,male
m1_arpeggios_lip_trill_e,Male,m1,Lip_Trill,Arpeggio,e,10.91338,/home/evgeniy/Projects/VocalAssistant/datasets/VocalSet/FULL/male1/arpeggios/lip_trill/m1_arpeggios_lip_trill_e.wav,10.925963718820862,male1,male
m1_arpeggios_lip_trill_i,Male,m1,Lip_Trill,Arpeggio,i,10.5883,/home/evgeniy/Projects/VocalAssistant/datasets/VocalSet/FULL/male1/arpeggios/lip_trill/m1_arpeggios_lip_trill_i.wav,10.606961451247166,male1,male
m1_arpeggios_lip_trill_o,Male,m1,Lip_Trill,Arpeggio,o,10.68118,/home/evgeniy/Projects/VocalAssistant/datasets/VocalSet/FULL/male1/arpeggios/lip_trill/m1_arpeggios_lip_trill_o.wav,10.68671201814059,male1,male
m1_arpeggios_lip_trill_u,Male,m1,Lip_Trill,Arpeggio,u,11.07592,/home/evgeniy/Projects/VocalAssistant/datasets/VocalSet/FULL/male1/arpeggios/lip_trill/m1_arpeggios_lip_trill_u.wav,11.085487528344672,male1,male
m1_arpeggios_straight_a,Male,m1,Slow_StraightTone,Arpeggio,a,11.56354,/home/evgeniy/Projects/VocalAssistant/datasets/VocalSet/FULL/male1/arpeggios/straight/m1_arpeggios_straight_a.wav,11.586530612244898,male1,male
m1_arpeggios_straight_e,Male,m1,Slow_StraightTone,Arpeggio,e,10.4722,/home/evgeniy/Projects/VocalAssistant/datasets/VocalSet/FULL/male1/arpeggios/straight/m1_arpeggios_straight_e.wav,10.47952380952381,male1,male
m1_arpeggios_straight_i,Male,m1,Slow_StraightTone,Arpeggio,i,10.84372,/home/evgeniy/Projects/VocalAssistant/datasets/VocalSet/FULL/male1/arpeggios/straight/m1_arpeggios_straight_i.wav,10.848548752834468,male1,male
m1_arpeggios_straight_o,Male,m1,Slow_StraightTone,Arpeggio,o,10.54186,/home/evgeniy/Projects/VocalAssistant/datasets/VocalSet/FULL/male1/arpeggios/straight/m1_arpeggios_straight_o.wav,10.553333333333333,male1,male
m1_arpeggios_straight_u,Male,m1,Slow_StraightTone,Arpeggio,u,10.54186,/home/evgeniy/Projects/VocalAssistant/datasets/VocalSet/FULL/male1/arpeggios/straight/m1_arpeggios_straight_u.wav,10.553333333333333,male1,male
m1_caro_straight,Male,m1,StraightTone,MusicalExcerp_Caro,,47.50803,/home/evgeniy/Projects/VocalAssistant/datasets/VocalSet/FULL/male1/excerpts/straight/m1_caro_straight.wav,47.519614512471655,male1,male
m1_caro_vibrato,Male,m1,MoltoVibrato,MusicalExcerp_Caro,o,39.65968,/home/evgeniy/Projects/VocalAssistant/datasets/VocalSet/FULL/male1/excerpts/vibrato/m1_caro_vibrato.wav,39.66986394557823,male1,male
m1_dona_straight,Male,m1,StraightTone,MusicalExcerp_Dona,,22.94132,/home/evgeniy/Projects/VocalAssistant/datasets/VocalSet/FULL/male1/excerpts/straight/m1_dona_straight.wav,22.95700680272109,male1,male
m1_long_forte_a,Male,m1,FullVoice,Long_tones,a,10.84372,/home/evgeniy/Projects/VocalAssistant/datasets/VocalSet/FULL/male1/long_tones/forte/m1_long_forte_a.wav,10.86124716553288,male1,male
m1_long_forte_e,Male,m1,FullVoice,Long_tones,e,9.49696,/home/evgeniy/Projects/VocalAssistant/datasets/VocalSet/FULL/male1/long_tones/forte/m1_long_forte_e.wav,9.516507936507937,male1,male
m1_long_forte_i,Male,m1,FullVoice,Long_tones,i,10.24,/home/evgeniy/Projects/VocalAssistant/datasets/VocalSet/FULL/male1/long_tones/forte/m1_long_forte_i.wav,10.240589569160996,male1,male
m1_long_forte_o,Male,m1,FullVoice,Long_tones,o,9.61306,/home/evgeniy/Projects/VocalAssistant/datasets/VocalSet/FULL/male1/long_tones/forte/m1_long_forte_o.wav,9.619954648526075,male1,male
m1_long_forte_u,Male,m1,FullVoice,Long_tones,u,9.82204,/home/evgeniy/Projects/VocalAssistant/datasets/VocalSet/FULL/male1/long_tones/forte/m1_long_forte_u.wav,9.826848072562358,male1,male
m1_long_messa_a,Male,m1,MessaDiVoce,Long_tones,a,14.09451,/home/evgeniy/Projects/VocalAssistant/datasets/VocalSet/FULL/male1/long_tones/messa/m1_long_messa_a.wav,14.10641723356009,male1,male
m1_long_messa_e,Male,m1,MessaDiVoce,Long_tones,e,14.53569,/home/evgeniy/Projects/VocalAssistant/datasets/VocalSet/FULL/male1/long_tones/messa/m1_long_messa_e.wav,14.5518820861678,male1,male
m1_long_messa_i,Male,m1,MessaDiVoce,Long_tones,i,15.71991,/home/evgeniy/Projects/VocalAssistant/datasets/VocalSet/FULL/male1/long_tones/messa/m1_long_messa_i.wav,15.739795918367347,male1,male
m1_long_messa_o,Male,m1,MessaDiVoce,Long_tones,o,16.32363,/home/evgeniy/Projects/VocalAssistant/datasets/VocalSet/FULL/male1/long_tones/messa/m1_long_messa_o.wav,16.33374149659864,male1,male
m1_long_messa_u,Male,m1,MessaDiVoce,Long_tones,u,17.64717,/home/evgeniy/Projects/VocalAssistant/datasets/VocalSet/FULL/male1/long_tones/messa/m1_long_messa_u.wav,17.670136054421768,male1,male
m1_long_straight_a,Male,m1,StraightTone,Long_tones,a,10.17034,/home/evgeniy/Projects/VocalAssistant/datasets/VocalSet/FULL/male1/long_tones/straight/m1_long_straight_a.wav,10.177142857142858,male1,male
m1_long_straight_e,Male,m1,StraightTone,Long_tones,e,10.61152,/home/evgeniy/Projects/VocalAssistant/datasets/VocalSet/FULL/male1/long_tones/straight/m1_long_straight_e.wav,10.627460317460317,male1,male
m1_long_straight_i,Male,m1,StraightTone,Long_tones,i,10.17034,/home/evgeniy/Projects/VocalAssistant/datasets/VocalSet/FULL/male1/long_tones/straight/m1_long_straight_i.wav,10.177142857142858,male1,male
m1_long_straight_o,Male,m1,StraightTone,Long_tones,o,10.17034,/home/evgeniy/Projects/VocalAssistant/datasets/VocalSet/FULL/male1/long_tones/straight/m1_long_straight_o.wav,10.177142857142858,male1,male
m1_long_straight_u,Male,m1,StraightTone,Long_tones,u,9.45052,/home/evgeniy/Projects/VocalAssistant/datasets/VocalSet/FULL/male1/long_tones/straight/m1_long_straight_u.wav,9.456643990929706,male1,male
m1_long_trill_a,Male,m1,Trill,Long_tones,a,13.39791,/home/evgeniy/Projects/VocalAssistant/datasets/VocalSet/FULL/male1/long_tones/trill/m1_long_trill_a.wav,13.414444444444444,male1,male
m1_long_trill_e,Male,m1,Trill,Long_tones,e,12.14404,/home/evgeniy/Projects/VocalAssistant/datasets/VocalSet/FULL/male1/long_tones/trill/m1_long_trill_e.wav,12.163945578231292,male1,male
m1_long_trill_i,Male,m1,Trill,Long_tones,i,13.74621,/home/evgeniy/Projects/VocalAssistant/datasets/VocalSet/FULL/male1/long_tones/trill/m1_long_trill_i.wav,13.755487528344672,male1,male
m1_long_trill_o,Male,m1,Trill,Long_tones,o,14.88399,/home/evgeniy/Projects/VocalAssistant/datasets/VocalSet/FULL/male1/long_tones/trill/m1_long_trill_o.wav,14.892290249433106,male1,male
m1_long_trill_u,Male,m1,Trill,Long_tones,u,12.84064,/home/evgeniy/Projects/VocalAssistant/datasets/VocalSet/FULL/male1/long_tones/trill/m1_long_trill_u.wav,12.846031746031748,male1,male
m1_long_trillo_a,Male,m1,Trillo,Long_tones,a,15.13941,/home/evgeniy/Projects/VocalAssistant/datasets/VocalSet/FULL/male1/long_tones/trillo/m1_long_trillo_a.wav,15.161043083900228,male1,male
m1_long_trillo_e,Male,m1,Trillo,Long_tones,e,11.77252,/home/evgeniy/Projects/VocalAssistant/datasets/VocalSet/FULL/male1/long_tones/trillo/m1_long_trillo_e.wav,11.791904761904762,male1,male
m1_long_trillo_i,Male,m1,Trillo,Long_tones,i,12.63166,/home/evgeniy/Projects/VocalAssistant/datasets/VocalSet/FULL/male1/long_tones/trillo/m1_long_trillo_i.wav,12.634195011337868,male1,male
m1_long_trillo_o,Male,m1,Trillo,Long_tones,o,10.9366,/home/evgeniy/Projects/VocalAssistant/datasets/VocalSet/FULL/male1/long_tones/trillo/m1_long_trillo_o.wav,10.94965986394558,male1,male
m1_long_trillo_u,Male,m1,Trillo,Long_tones,u,9.35764,/home/evgeniy/Projects/VocalAssistant/datasets/VocalSet/FULL/male1/long_tones/trillo/m1_long_trillo_u.wav,9.370385487528344,male1,male
m1_row_straight,Male,m1,StraightTone,MusicalExcerp_RowRow,,15.13941,/home/evgeniy/Projects/VocalAssistant/datasets/VocalSet/FULL/male1/excerpts/straight/m1_row_straight.wav,15.142766439909296,male1,male
m1_row_vibrato,Male,m1,MoltoVibrato,MusicalExcerp_RowRow,o,15.32517,/home/evgeniy/Projects/VocalAssistant/datasets/VocalSet/FULL/male1/excerpts/vibrato/m1_row_vibrato.wav,15.341519274376417,male1,male
m1_scales_belt_a,Male,m1,Belt_Harsh,Scale,a,6.89633,/home/evgeniy/Projects/VocalAssistant/datasets/VocalSet/FULL/male1/scales/belt/m1_scales_belt_a.wav,6.905328798185941,male1,male
m1_scales_belt_e,Male,m1,Belt_Harsh,Scale,e,7.31429,/home/evgeniy/Projects/VocalAssistant/datasets/VocalSet/FULL/male1/scales/belt/m1_scales_belt_e.wav,7.319637188208617,male1,male
m1_scales_belt_i,Male,m1,Belt_Harsh,Scale,i,7.52327,/home/evgeniy/Projects/VocalAssistant/datasets/VocalSet/FULL/male1/scales/belt/m1_scales_belt_i.wav,7.526780045351474,male1,male
m1_scales_belt_o,Male,m1,Belt_Harsh,Scale,o,7.45361,/home/evgeniy/Projects/VocalAssistant/datasets/VocalSet/FULL/male1/scales/belt/m1_scales_belt_o.wav,7.4577324263038545,male1,male
m1_scales_belt_u,Male,m1,Belt_Harsh,Scale,u,7.59293,/home/evgeniy/Projects/VocalAssistant/datasets/VocalSet/FULL/male1/scales/belt/m1_scales_belt_u.wav,7.595850340136054,male1,male
m1_scales_c_fast_piano_a,Male,m1,Fast_Articulated_Piano,Scale,a,3.87773,/home/evgeniy/Projects/VocalAssistant/datasets/VocalSet/FULL/male1/scales/fast_piano/m1_scales_c_fast_piano_a.wav,3.898344671201814,male1,male
m1_scales_c_fast_piano_e,Male,m1,Fast_Articulated_Piano,Scale,e,3.97061,/home/evgeniy/Projects/VocalAssistant/datasets/VocalSet/FULL/male1/scales/fast_piano/m1_scales_c_fast_piano_e.wav,3.986961451247165,male1,male
m1_scales_c_fast_piano_i,Male,m1,Fast_Articulated_Piano,Scale,i,3.76163,/home/evgeniy/Projects/VocalAssistant/datasets/VocalSet/FULL/male1/scales/fast_piano/m1_scales_c_fast_piano_i.wav,3.76546485260771,male1,male
m1_scales_c_fast_piano_o,Male,m1,Fast_Articulated_Piano,Scale,o,3.80807,/home/evgeniy/Projects/VocalAssistant/datasets/VocalSet/FULL/male1/scales/fast_piano/m1_scales_c_fast_piano_o.wav,3.8097732426303854,male1,male
m1_scales_c_fast_piano_u,Male,m1,Fast_Articulated_Piano,Scale,u,4.01705,/home/evgeniy/Projects/VocalAssistant/datasets/VocalSet/FULL/male1/scales/fast_piano/m1_scales_c_fast_piano_u.wav,4.031247165532879,male1,male
m1_scales_c_slow_piano_a,Male,m1,Slow_Legato_Piano,Scale,a,15.13941,/home/evgeniy/Projects/VocalAssistant/datasets/VocalSet/FULL/male1/scales/slow_piano/m1_scales_c_slow_piano_a.wav,15.147392290249432,male1,male
m1_scales_c_slow_piano_e,Male,m1,Slow_Legato_Piano,Scale,e,15.88245,/home/evgeniy/Projects/VocalAssistant/datasets/VocalSet/FULL/male1/scales/slow_piano/m1_scales_c_slow_piano_e.wav,15.904761904761903,male1,male
m1_scales_c_slow_piano_i,Male,m1,Slow_Legato_Piano,Scale,i,17.29887,/home/evgeniy/Projects/VocalAssistant/datasets/VocalSet/FULL/male1/scales/slow_piano/m1_scales_c_slow_piano_i.wav,17.3112925170068,male1,male
m1_scales_c_slow_piano_o,Male,m1,Slow_Legato_Piano,Scale,o,15.99855,/home/evgeniy/Projects/VocalAssistant/datasets/VocalSet/FULL/male1/scales/slow_piano/m1_scales_c_slow_piano_o.wav,16.012947845804987,male1,male
m1_scales_c_slow_piano_u,Male,m1,Slow_Legato_Piano,Scale,u,16.76481,/home/evgeniy/Projects/VocalAssistant/datasets/VocalSet/FULL/male1/scales/slow_piano/m1_scales_c_slow_piano_u.wav,16.77031746031746,male1,male
m1_scales_f_fast_forte_o,Male,m1,Fast_Articulated_Forte,Scale,o,4.01705,/home/evgeniy/Projects/VocalAssistant/datasets/VocalSet/FULL/male1/scales/fast_forte/m1_scales_f_fast_forte_o.wav,4.02891156462585,male1,male
m1_scales_f_fast_forte_u,Male,m1,Fast_Articulated_Forte,Scale,u,4.17959,/home/evgeniy/Projects/VocalAssistant/datasets/VocalSet/FULL/male1/scales/fast_forte/m1_scales_f_fast_forte_u.wav,4.1991609977324265,male1,male
m1_scales_f_fast_piano_a,Male,m1,Fast_Articulated_Piano,Scale,a,4.29569,/home/evgeniy/Projects/VocalAssistant/datasets/VocalSet/FULL/male1/scales/fast_piano/m1_scales_f_fast_piano_a.wav,4.298367346938775,male1,male
m1_scales_f_fast_piano_e,Male,m1,Fast_Articulated_Piano,Scale,e,3.92417,/home/evgeniy/Projects/VocalAssistant/datasets/VocalSet/FULL/male1/scales/fast_piano/m1_scales_f_fast_piano_e.wav,3.926916099773243,male1,male
m1_scales_f_fast_piano_i,Male,m1,Fast_Articulated_Piano,Scale,i,4.06349,/home/evgeniy/Projects/VocalAssistant/datasets/VocalSet/FULL/male1/scales/fast_piano/m1_scales_f_fast_piano_i.wav,4.086099773242631,male1,male
m1_scales_f_fast_piano_o,Male,m1,Fast_Articulated_Piano,Scale,o,3.85451,/home/evgeniy/Projects/VocalAssistant/datasets/VocalSet/FULL/male1/scales/fast_piano/m1_scales_f_fast_piano_o.wav,3.873832199546485,male1,male
m1_scales_f_fast_piano_u,Male,m1,Fast_Articulated_Piano,Scale,u,3.92417,/home/evgeniy/Projects/VocalAssistant/datasets/VocalSet/FULL/male1/scales/fast_piano/m1_scales_f_fast_piano_u.wav,3.926916099773243,male1,male
m1_scales_f_slow_piano_a,Male,m1,Slow_Legato_Piano,Scale,a,16.04499,/home/evgeniy/Projects/VocalAssistant/datasets/VocalSet/FULL/male1/scales/slow_piano/m1_scales_f_slow_piano_a.wav,16.06503401360544,male1,male
m1_scales_f_slow_piano_e,Male,m1,Slow_Legato_Piano,Scale,e,17.39175,/home/evgeniy/Projects/VocalAssistant/datasets/VocalSet/FULL/male1/scales/slow_piano/m1_scales_f_slow_piano_e.wav,17.403786848072563,male1,male
m1_scales_f_slow_piano_i,Male,m1,Slow_Legato_Piano,Scale,i,15.95211,/home/evgeniy/Projects/VocalAssistant/datasets/VocalSet/FULL/male1/scales/slow_piano/m1_scales_f_slow_piano_i.wav,15.953492063492064,male1,male
m1_scales_f_slow_piano_o,Male,m1,Slow_Legato_Piano,Scale,o,16.95057,/home/evgeniy/Projects/VocalAssistant/datasets/VocalSet/FULL/male1/scales/slow_piano/m1_scales_f_slow_piano_o.wav,16.957528344671204,male1,male
m1_scales_f_slow_piano_u,Male,m1,Slow_Legato_Piano,Scale,u,17.83293,/home/evgeniy/Projects/VocalAssistant/datasets/VocalSet/FULL/male1/scales/slow_piano/m1_scales_f_slow_piano_u.wav,17.850045351473923,male1,male
m1_scales_lip_trill_a,Male,m1,Lip_Trill,Scale,a,8.52172,/home/evgeniy/Projects/VocalAssistant/datasets/VocalSet/FULL/male1/scales/lip_trill/m1_scales_lip_trill_a.wav,8.534784580498867,male1,male
m1_scales_lip_trill_i,Male,m1,Lip_Trill,Scale,i,8.93968,/home/evgeniy/Projects/VocalAssistant/datasets/VocalSet/FULL/male1/scales/lip_trill/m1_scales_lip_trill_i.wav,8.961519274376418,male1,male
m1_scales_lip_trill_o,Male,m1,Lip_Trill,Scale,o,8.3824,/home/evgeniy/Projects/VocalAssistant/datasets/VocalSet/FULL/male1/scales/lip_trill/m1_scales_lip_trill_o.wav,8.392517006802722,male1,male
m1_scales_lip_trill_u,Male,m1,Lip_Trill,Scale,u,8.24308,/home/evgeniy/Projects/VocalAssistant/datasets/VocalSet/FULL/male1/scales/lip_trill/m1_scales_lip_trill_u.wav,8.250294784580499,male1,male
m1_scales_straight_a,Male,m1,StraightTone,Scale,a,16.76481,/home/evgeniy/Projects/VocalAssistant/datasets/VocalSet/FULL/male1/scales/straight/m1_scales_straight_a.wav,16.766757369614513,male1,male
m1_scales_straight_e,Male,m1,StraightTone,Scale,e,18.11157,/home/evgeniy/Projects/VocalAssistant/datasets/VocalSet/FULL/male1/scales/straight/m1_scales_straight_e.wav,18.11891156462585,male1,male
m1_scales_straight_i,Male,m1,StraightTone,Scale,i,17.02023,/home/evgeniy/Projects/VocalAssistant/datasets/VocalSet/FULL/male1/scales/straight/m1_scales_straight_i.wav,17.03718820861678,male1,male
m1_scales_straight_o,Male,m1,StraightTone,Scale,o,15.67347,/home/evgeniy/Projects/VocalAssistant/datasets/VocalSet/FULL/male1/scales/straight/m1_scales_straight_o.wav,15.68501133786848,male1,male
m1_straight_tone_scales_u,Male,m1,StraightTone,Scale,u,15.67347,/home/evgeniy/Projects/VocalAssistant/datasets/VocalSet/FULL/male1/scales/straight/m1_straight_tone_scales_u.wav,15.685034013605442,male1,male
m2_arpeggios_belt_a,Male,m2,Belt_Harsh,Arpeggio,a,5.43347,/home/evgeniy/Projects/VocalAssistant/datasets/VocalSet/FULL/male2/arpeggios/belt/m2_arpeggios_belt_a.wav,5.452199546485261,male2,male
m2_arpeggios_belt_e,Male,m2,Belt_Harsh,Arpeggio,e,5.08517,/home/evgeniy/Projects/VocalAssistant/datasets/VocalSet/FULL/male2/arpeggios/belt/m2_arpeggios_belt_e.wav,5.088684807256236,male2,male
m2_arpeggios_belt_i,Male,m2,Belt_Harsh,Arpeggio,i,5.73533,/home/evgeniy/Projects/VocalAssistant/datasets/VocalSet/FULL/male2/arpeggios/belt/m2_arpeggios_belt_i.wav,5.749591836734694,male2,male
m2_arpeggios_belt_o,Male,m2,Belt_Harsh,Arpeggio,o,5.50313,/home/evgeniy/Projects/VocalAssistant/datasets/VocalSet/FULL/male2/arpeggios/belt/m2_arpeggios_belt_o.wav,5.51827664399093,male2,male
m2_arpeggios_belt_u,Male,m2,Belt_Harsh,Arpeggio,u,5.43347,/home/evgeniy/Projects/VocalAssistant/datasets/VocalSet/FULL/male2/arpeggios/belt/m2_arpeggios_belt_u.wav,5.452176870748299,male2,male
m2_arpeggios_breathy_a,Male,m2,VeryBreathy,Arpeggio,a,8.47528,/home/evgeniy/Projects/VocalAssistant/datasets/VocalSet/FULL/male2/arpeggios/breathy/m2_arpeggios_breathy_a.wav,8.497256235827665,male2,male
m2_arpeggios_breathy_e,Male,m2,VeryBreathy,Arpeggio,e,8.82358,/home/evgeniy/Projects/VocalAssistant/datasets/VocalSet/FULL/male2/arpeggios/breathy/m2_arpeggios_breathy_e.wav,8.827732426303855,male2,male
m2_arpeggios_breathy_i,Male,m2,VeryBreathy,Arpeggio,i,9.28798,/home/evgeniy/Projects/VocalAssistant/datasets/VocalSet/FULL/male2/arpeggios/breathy/m2_arpeggios_breathy_i.wav,9.299795918367346,male2,male
m2_arpeggios_breathy_o,Male,m2,VeryBreathy,Arpeggio,o,8.52172,/home/evgeniy/Projects/VocalAssistant/datasets/VocalSet/FULL/male2/arpeggios/breathy/m2_arpeggios_breathy_o.wav,8.544467120181405,male2,male
m2_arpeggios_breathy_u,Male,m2,VeryBreathy,Arpeggio,u,8.63782,/home/evgeniy/Projects/VocalAssistant/datasets/VocalSet/FULL/male2/arpeggios/breathy/m2_arpeggios_breathy_u.wav,8.63891156462585,male2,male
m2_arpeggios_c_fast_forte_a,Male,m2,Fast_Articulated_Forte,Arpeggio,a,2.2059,/home/evgeniy/Projects/VocalAssistant/datasets/VocalSet/FULL/male2/arpeggios/fast_forte/m2_arpeggios_c_fast_forte_a.wav,2.220748299319728,male2,male
m2_arpeggios_c_fast_forte_e,Male,m2,Fast_Articulated_Forte,Arpeggio,e,2.2059,/home/evgeniy/Projects/VocalAssistant/datasets/VocalSet/FULL/male2/arpeggios/fast_forte/m2_arpeggios_c_fast_forte_e.wav,2.220748299319728,male2,male
m2_arpeggios_c_fast_forte_i,Male,m2,Fast_Articulated_Forte,Arpeggio,i,2.39166,/home/evgeniy/Projects/VocalAssistant/datasets/VocalSet/FULL/male2/arpeggios/fast_forte/m2_arpeggios_c_fast_forte_i.wav,2.3984126984126983,male2,male
m2_arpeggios_c_fast_forte_o,Male,m2,Fast_Articulated_Forte,Arpeggio,o,2.39166,/home/evgeniy/Projects/VocalAssistant/datasets/VocalSet/FULL/male2/arpeggios/fast_forte/m2_arpeggios_c_fast_forte_o.wav,2.39843537414966,male2,male
m2_arpeggios_c_fast_forte_u,Male,m2,Fast_Articulated_Forte,Arpeggio,u,2.34522,/home/evgeniy/Projects/VocalAssistant/datasets/VocalSet/FULL/male2/arpeggios/fast_forte/m2_arpeggios_c_fast_forte_u.wav,2.3539909297052155,male2,male
m2_arpeggios_c_fast_piano_a,Male,m2,Fast_Articulated_Piano,Arpeggio,a,2.18268,/home/evgeniy/Projects/VocalAssistant/datasets/VocalSet/FULL/male2/arpeggios/fast_piano/m2_arpeggios_c_fast_piano_a.wav,2.192925170068027,male2,male
m2_arpeggios_c_fast_piano_e,Male,m2,Fast_Articulated_Piano,Arpeggio,e,2.18268,/home/evgeniy/Projects/VocalAssistant/datasets/VocalSet/FULL/male2/arpeggios/fast_piano/m2_arpeggios_c_fast_piano_e.wav,2.192925170068027,male2,male
m2_arpeggios_c_fast_piano_i,Male,m2,Fast_Articulated_Piano,Arpeggio,i,2.25234,/home/evgeniy/Projects/VocalAssistant/datasets/VocalSet/FULL/male2/arpeggios/fast_piano/m2_arpeggios_c_fast_piano_i.wav,2.2580498866213152,male2,male
m2_arpeggios_c_fast_piano_o,Male,m2,Fast_Articulated_Piano,Arpeggio,o,2.39166,/home/evgeniy/Projects/VocalAssistant/datasets/VocalSet/FULL/male2/arpeggios/fast_piano/m2_arpeggios_c_fast_piano_o.wav,2.4100226757369616,male2,male
m2_arpeggios_c_fast_piano_u,Male,m2,Fast_Articulated_Piano,Arpeggio,u,2.13624,/home/evgeniy/Projects/VocalAssistant/datasets/VocalSet/FULL/male2/arpeggios/fast_piano/m2_arpeggios_c_fast_piano_u.wav,2.1494784580498867,male2,male
m2_arpeggios_c_slow_forte_i,Male,m2,Slow_Legato_Forte,Arpeggio,i,8.89324,/home/evgeniy/Projects/VocalAssistant/datasets/VocalSet/FULL/male2/arpeggios/slow_forte/m2_arpeggios_c_slow_forte_i.wav,8.899750566893424,male2,male
m2_arpeggios_c_slow_forte_o,Male,m2,Slow_Legato_Forte,Arpeggio,o,8.54494,/home/evgeniy/Projects/VocalAssistant/datasets/VocalSet/FULL/male2/arpeggios/slow_forte/m2_arpeggios_c_slow_forte_o.wav,8.55172335600907,male2,male
m2_arpeggios_c_slow_piano_a,Male,m2,Slow_Legato_Piano,Arpeggio,a,9.21832,/home/evgeniy/Projects/VocalAssistant/datasets/VocalSet/FULL/male2/arpeggios/slow_piano/m2_arpeggios_c_slow_piano_a.wav,9.230385487528345,male2,male
m2_arpeggios_c_slow_piano_e,Male,m2,Slow_Legato_Piano,Arpeggio,e,9.58984,/home/evgeniy/Projects/VocalAssistant/datasets/VocalSet/FULL/male2/arpeggios/slow_piano/m2_arpeggios_c_slow_piano_e.wav,9.595442176870748,male2,male
m2_arpeggios_c_slow_piano_i,Male,m2,Slow_Legato_Piano,Arpeggio,i,9.17188,/home/evgeniy/Projects/VocalAssistant/datasets/VocalSet/FULL/male2/arpeggios/slow_piano/m2_arpeggios_c_slow_piano_i.wav,9.178231292517006,male2,male
m2_arpeggios_c_slow_piano_o,Male,m2,Slow_Legato_Piano,Arpeggio,o,9.79882,/home/evgeniy/Projects/VocalAssistant/datasets/VocalSet/FULL/male2/arpeggios/slow_piano/m2_arpeggios_c_slow_piano_o.wav,9.80403628117914,male2,male
m2_arpeggios_c_slow_piano_u,Male,m2,Slow_Legato_Piano,Arpeggio,u,9.79882,/home/evgeniy/Projects/VocalAssistant/datasets/VocalSet/FULL/male2/arpeggios/slow_piano/m2_arpeggios_c_slow_piano_u.wav,9.80403628117914,male2,male
m2_arpeggios_f_fast_forte_a,Male,m2,Fast_Articulated_Forte,Arpeggio,a,2.50776,/home/evgeniy/Projects/VocalAssistant/datasets/VocalSet/FULL/male2/arpeggios/fast_forte/m2_arpeggios_f_fast_forte_a.wav,2.511496598639456,male2,male
m2_arpeggios_f_fast_forte_e,Male,m2,Fast_Articulated_Forte,Arpeggio,e,2.322,/home/evgeniy/Projects/VocalAssistant/datasets/VocalSet/FULL/male2/arpeggios/fast_forte/m2_arpeggios_f_fast_forte_e.wav,2.3304761904761904,male2,male
m2_arpeggios_f_fast_forte_i,Male,m2,Fast_Articulated_Forte,Arpeggio,i,2.46132,/home/evgeniy/Projects/VocalAssistant/datasets/VocalSet/FULL/male2/arpeggios/fast_forte/m2_arpeggios_f_fast_forte_i.wav,2.4662585034013604,male2,male
m2_arpeggios_f_fast_forte_o,Male,m2,Fast_Articulated_Forte,Arpeggio,o,2.48454,/home/evgeniy/Projects/VocalAssistant/datasets/VocalSet/FULL/male2/arpeggios/fast_forte/m2_arpeggios_f_fast_forte_o.wav,2.4888662131519275,male2,male
m2_arpeggios_f_fast_forte_u,Male,m2,Fast_Articulated_Forte,Arpeggio,u,2.36844,/home/evgeniy/Projects/VocalAssistant/datasets/VocalSet/FULL/male2/arpeggios/fast_forte/m2_arpeggios_f_fast_forte_u.wav,2.375736961451248,male2,male
m2_arpeggios_f_fast_piano_a,Male,m2,Fast_Articulated_Piano,Arpeggio,a,2.29878,/home/evgeniy/Projects/VocalAssistant/datasets/VocalSet/FULL/male2/arpeggios/fast_piano/m2_arpeggios_f_fast_piano_a.wav,2.300725623582766,male2,male
m2_arpeggios_f_fast_piano_e,Male,m2,Fast_Articulated_Piano,Arpeggio,e,2.50776,/home/evgeniy/Projects/VocalAssistant/datasets/VocalSet/FULL/male2/arpeggios/fast_piano/m2_arpeggios_f_fast_piano_e.wav,2.5198185941043083,male2,male
m2_arpeggios_f_fast_piano_i,Male,m2,Fast_Articulated_Piano,Arpeggio,i,2.67029,/home/evgeniy/Projects/VocalAssistant/datasets/VocalSet/FULL/male2/arpeggios/fast_piano/m2_arpeggios_f_fast_piano_i.wav,2.673197278911565,male2,male
m2_arpeggios_f_fast_piano_o,Male,m2,Fast_Articulated_Piano,Arpeggio,o,1.9737,/home/evgeniy/Projects/VocalAssistant/datasets/VocalSet/FULL/male2/arpeggios/fast_piano/m2_arpeggios_f_fast_piano_o.wav,1.993968253968254,male2,male
m2_arpeggios_f_fast_piano_u,Male,m2,Fast_Articulated_Piano,Arpeggio,u,2.39166,/home/evgeniy/Projects/VocalAssistant/datasets/VocalSet/FULL/male2/arpeggios/fast_piano/m2_arpeggios_f_fast_piano_u.wav,2.4102721088435373,male2,male
m2_arpeggios_f_slow_piano_a,Male,m2,Slow_Legato_Piano,Arpeggio,a,10.54186,/home/evgeniy/Projects/VocalAssistant/datasets/VocalSet/FULL/male2/arpeggios/slow_piano/m2_arpeggios_f_slow_piano_a.wav,10.55077097505669,male2,male
m2_arpeggios_f_slow_piano_e,Male,m2,Slow_Legato_Piano,Arpeggio,e,10.05424,/home/evgeniy/Projects/VocalAssistant/datasets/VocalSet/FULL/male2/arpeggios/slow_piano/m2_arpeggios_f_slow_piano_e.wav,10.056190476190476,male2,male
m2_arpeggios_f_slow_piano_i,Male,m2,Slow_Legato_Piano,Arpeggio,i,10.8205,/home/evgeniy/Projects/VocalAssistant/datasets/VocalSet/FULL/male2/arpeggios/slow_piano/m2_arpeggios_f_slow_piano_i.wav,10.825510204081631,male2,male
m2_arpeggios_f_slow_piano_o,Male,m2,Slow_Legato_Piano,Arpeggio,o,10.21678,/home/evgeniy/Projects/VocalAssistant/datasets/VocalSet/FULL/male2/arpeggios/slow_piano/m2_arpeggios_f_slow_piano_o.wav,10.221043083900229,male2,male
m2_arpeggios_f_slow_piano_u,Male,m2,Slow_Legato_Piano,Arpeggio,u,9.93814,/home/evgeniy/Projects/VocalAssistant/datasets/VocalSet/FULL/male2/arpeggios/slow_piano/m2_arpeggios_f_slow_piano_u.wav,9.946281179138325,male2,male
m2_arpeggios_lip_trill_a,Male,m2,Lip_Trill,Arpeggio,a,8.68426,/home/evgeniy/Projects/VocalAssistant/datasets/VocalSet/FULL/male2/arpeggios/lip_trill/m2_arpeggios_lip_trill_a.wav,8.701201814058956,male2,male
m2_arpeggios_lip_trill_e,Male,m2,Lip_Trill,Arpeggio,e,8.7307,/home/evgeniy/Projects/VocalAssistant/datasets/VocalSet/FULL/male2/arpeggios/lip_trill/m2_arpeggios_lip_trill_e.wav,8.74875283446712,male2,male
m2_arpeggios_lip_trill_i,Male,m2,Lip_Trill,Arpeggio,i,8.54494,/home/evgeniy/Projects/VocalAssistant/datasets/VocalSet/FULL/male2/arpeggios/lip_trill/m2_arpeggios_lip_trill_i.wav,8.558548752834467,male2,male
m2_arpeggios_lip_trill_o,Male,m2,Lip_Trill,Arpeggio,o,9.03256,/home/evgeniy/Projects/VocalAssistant/datasets/VocalSet/FULL/male2/arpeggios/lip_trill/m2_arpeggios_lip_trill_o.wav,9.03403628117914,male2,male
m2_arpeggios_lip_trill_u,Male,m2,Lip_Trill,Arpeggio,u,9.17188,/home/evgeniy/Projects/VocalAssistant/datasets/VocalSet/FULL/male2/arpeggios/lip_trill/m2_arpeggios_lip_trill_u.wav,9.176666666666666,male2,male
m2_arpeggios_straight_a,Male,m2,Slow_StraightTone,Arpeggio,a,9.7756,/home/evgeniy/Projects/VocalAssistant/datasets/VocalSet/FULL/male2/arpeggios/straight/m2_arpeggios_straight_a.wav,9.778163265306125,male2,male
m2_arpeggios_straight_e,Male,m2,Slow_StraightTone,Arpeggio,e,9.70594,/home/evgeniy/Projects/VocalAssistant/datasets/VocalSet/FULL/male2/arpeggios/straight/m2_arpeggios_straight_e.wav,9.725034013605445,male2,male
m2_arpeggios_straight_i,Male,m2,Slow_StraightTone,Arpeggio,i,10.28644,/home/evgeniy/Projects/VocalAssistant/datasets/VocalSet/FULL/male2/arpeggios/straight/m2_arpeggios_straight_i.wav,10.309591836734691,male2,male
m2_arpeggios_straight_o,Male,m2,Slow_StraightTone,Arpeggio,o,9.86848,/home/evgeniy/Projects/VocalAssistant/datasets/VocalSet/FULL/male2/arpeggios/straight/m2_arpeggios_straight_o.wav,9.884444444444444,male2,male
m2_arpeggios_straight_u,Male,m2,Slow_StraightTone,Arpeggio,u,10.14712,/home/evgeniy/Projects/VocalAssistant/datasets/VocalSet/FULL/male2/arpeggios/straight/m2_arpeggios_straight_u.wav,10.150158730158733,male2,male
m2_arpeggios_vibrato_a,Male,m2,Slow_MoltoVibrato,Arpeggio,a,9.17188,/home/evgeniy/Projects/VocalAssistant/datasets/VocalSet/FULL/male2/arpeggios/vibrato/m2_arpeggios_vibrato_a.wav,9.182244897959183,male2,male
m2_arpeggios_vibrato_e,Male,m2,Slow_MoltoVibrato,Arpeggio,e,8.82358,/home/evgeniy/Projects/VocalAssistant/datasets/VocalSet/FULL/male2/arpeggios/vibrato/m2_arpeggios_vibrato_e.wav,8.836666666666666,male2,male
m2_arpeggios_vibrato_i,Male,m2,Slow_MoltoVibrato,Arpeggio,i,9.26476,/home/evgeniy/Projects/VocalAssistant/datasets/VocalSet/FULL/male2/arpeggios/vibrato/m2_arpeggios_vibrato_i.wav,9.280975056689345,male2,male
m2_arpeggios_vibrato_o,Male,m2,Slow_MoltoVibrato,Arpeggio,o,9.03256,/home/evgeniy/Projects/VocalAssistant/datasets/VocalSet/FULL/male2/arpeggios/vibrato/m2_arpeggios_vibrato_o.wav,9.034126984126983,male2,male
m2_arpeggios_vibrato_u,Male,m2,Slow_MoltoVibrato,Arpeggio,u,9.3112,/home/evgeniy/Projects/VocalAssistant/datasets/VocalSet/FULL/male2/arpeggios/vibrato/m2_arpeggios_vibrato_u.wav,9.330340136054422,male2,male
m2_caro_straight,Male,m2,StraightTone,MusicalExcerp_Caro,,32.90268,/home/evgeniy/Projects/VocalAssistant/datasets/VocalSet/FULL/male2/excerpts/straight/m2_caro_straight.wav,32.92460317460318,male2,male
m2_caro_vibrato,Male,m2,MoltoVibrato,MusicalExcerp_Caro,o,33.18132,/home/evgeniy/Projects/VocalAssistant/datasets/VocalSet/FULL/male2/excerpts/vibrato/m2_caro_vibrato.wav,33.194580498866216,male2,male
m2_dona_straight,Male,m2,StraightTone,MusicalExcerp_Dona,,21.89642,/home/evgeniy/Projects/VocalAssistant/datasets/VocalSet/FULL/male2/excerpts/straight/m2_dona_straight.wav,21.883582766439908,male2,male
m2_long_forte_a,Male,m2,FullVoice,Long_tones,a,10.19356,/home/evgeniy/Projects/VocalAssistant/datasets/VocalSet/FULL/male2/long_tones/forte/m2_long_forte_a.wav,10.196780045351474,male2,male
m2_long_forte_e,Male,m2,FullVoice,Long_tones,e,9.28798,/home/evgeniy/Projects/VocalAssistant/datasets/VocalSet/FULL/male2/long_tones/forte/m2_long_forte_e.wav,9.300362811791382,male2,male
m2_long_forte_i,Male,m2,FullVoice,Long_tones,i,9.05578,/home/evgeniy/Projects/VocalAssistant/datasets/VocalSet/FULL/male2/long_tones/forte/m2_long_forte_i.wav,9.076281179138322,male2,male
m2_long_forte_o,Male,m2,FullVoice,Long_tones,o,10.79728,/home/evgeniy/Projects/VocalAssistant/datasets/VocalSet/FULL/male2/long_tones/forte/m2_long_forte_o.wav,10.813083900226758,male2,male
m2_long_forte_u,Male,m2,FullVoice,Long_tones,u,10.95982,/home/evgeniy/Projects/VocalAssistant/datasets/VocalSet/FULL/male2/long_tones/forte/m2_long_forte_u.wav,10.981179138321997,male2,male
m2_long_messa_a,Male,m2,MessaDiVoce,Long_tones,a,10.9366,/home/evgeniy/Projects/VocalAssistant/datasets/VocalSet/FULL/male2/long_tones/messa/m2_long_messa_a.wav,10.959523809523809,male2,male
m2_long_messa_e,Male,m2,MessaDiVoce,Long_tones,e,12.2137,/home/evgeniy/Projects/VocalAssistant/datasets/VocalSet/FULL/male2/long_tones/messa/m2_long_messa_e.wav,12.231065759637188,male2,male
m2_long_messa_i,Male,m2,MessaDiVoce,Long_tones,i,11.37778,/home/evgeniy/Projects/VocalAssistant/datasets/VocalSet/FULL/male2/long_tones/messa/m2_long_messa_i.wav,11.383356009070296,male2,male
m2_long_messa_o,Male,m2,MessaDiVoce,Long_tones,o,10.21678,/home/evgeniy/Projects/VocalAssistant/datasets/VocalSet/FULL/male2/long_tones/messa/m2_long_messa_o.wav,10.232925170068029,male2,male
m2_long_messa_u,Male,m2,MessaDiVoce,Long_tones,u,10.8205,/home/evgeniy/Projects/VocalAssistant/datasets/VocalSet/FULL/male2/long_tones/messa/m2_long_messa_u.wav,10.83843537414966,male2,male
m2_long_straight_a,Male,m2,StraightTone,Long_tones,a,8.6146,/home/evgeniy/Projects/VocalAssistant/datasets/VocalSet/FULL/male2/long_tones/straight/m2_long_straight_a.wav,8.619387755102041,male2,male
m2_long_straight_e,Male,m2,StraightTone,Long_tones,e,9.58984,/home/evgeniy/Projects/VocalAssistant/datasets/VocalSet/FULL/male2/long_tones/straight/m2_long_straight_e.wav,9.592539682539682,male2,male
m2_long_straight_i,Male,m2,StraightTone,Long_tones,i,9.12544,/home/evgeniy/Projects/VocalAssistant/datasets/VocalSet/FULL/male2/long_tones/straight/m2_long_straight_i.wav,9.129138321995464,male2,male
m2_long_straight_o,Male,m2,StraightTone,Long_tones,o,7.87156,/home/evgeniy/Projects/VocalAssistant/datasets/VocalSet/FULL/male2/long_tones/straight/m2_long_straight_o.wav,7.877913832199546,male2,male
m2_long_straight_u,Male,m2,StraightTone,Long_tones,u,8.66104,/home/evgeniy/Projects/VocalAssistant/datasets/VocalSet/FULL/male2/long_tones/straight/m2_long_straight_u.wav,8.665736961451247,male2,male
m2_long_trill_a,Male,m2,Trill,Long_tones,a,12.39946,/home/evgeniy/Projects/VocalAssistant/datasets/VocalSet/FULL/male2/long_tones/trill/m2_long_trill_a.wav,12.415986394557825,male2,male
m2_long_trill_e,Male,m2,Trill,Long_tones,e,12.3298,/home/evgeniy/Projects/VocalAssistant/datasets/VocalSet/FULL/male2/long_tones/trill/m2_long_trill_e.wav,12.334285714285716,male2,male
m2_long_trill_i,Male,m2,Trill,Long_tones,i,13.21215,/home/evgeniy/Projects/VocalAssistant/datasets/VocalSet/FULL/male2/long_tones/trill/m2_long_trill_i.wav,13.23278911564626,male2,male
m2_long_trill_o,Male,m2,Trill,Long_tones,o,12.97996,/home/evgeniy/Projects/VocalAssistant/datasets/VocalSet/FULL/male2/long_tones/trill/m2_long_trill_o.wav,12.987755102040817,male2,male
m2_long_trill_u,Male,m2,Trill,Long_tones,u,14.21061,/home/evgeniy/Projects/VocalAssistant/datasets/VocalSet/FULL/male2/long_tones/trill/m2_long_trill_u.wav,14.213015873015872,male2,male
m2_long_trillo_a,Male,m2,Trillo,Long_tones,a,8.4985,/home/evgeniy/Projects/VocalAssistant/datasets/VocalSet/FULL/male2/long_tones/trillo/m2_long_trillo_a.wav,8.50766439909297,male2,male
m2_long_trillo_e,Male,m2,Trillo,Long_tones,e,7.19819,/home/evgeniy/Projects/VocalAssistant/datasets/VocalSet/FULL/male2/long_tones/trillo/m2_long_trillo_e.wav,7.209138321995465,male2,male
m2_long_trillo_i,Male,m2,Trillo,Long_tones,i,7.59293,/home/evgeniy/Projects/VocalAssistant/datasets/VocalSet/FULL/male2/long_tones/trillo/m2_long_trillo_i.wav,7.612131519274376,male2,male
m2_long_trillo_o,Male,m2,Trillo,Long_tones,o,7.47683,/home/evgeniy/Projects/VocalAssistant/datasets/VocalSet/FULL/male2/long_tones/trillo/m2_long_trillo_o.wav,7.477800453514739,male2,male
m2_long_trillo_u,Male,m2,Trillo,Long_tones,u,8.2663,/home/evgeniy/Projects/VocalAssistant/datasets/VocalSet/FULL/male2/long_tones/trillo/m2_long_trillo_u.wav,8.283786848072562,male2,male
m2_row_straight,Male,m2,StraightTone,MusicalExcerp_RowRow,,18.04191,/home/evgeniy/Projects/VocalAssistant/datasets/VocalSet/FULL/male2/excerpts/straight/m2_row_straight.wav,18.056621315192743,male2,male
m2_row_vibrato,Male,m2,MoltoVibrato,MusicalExcerp_RowRow,o,13.93197,/home/evgeniy/Projects/VocalAssistant/datasets/VocalSet/FULL/male2/excerpts/vibrato/m2_row_vibrato.wav,13.943605442176873,male2,male
m2_scales_belt_a,Male,m2,Belt_Harsh,Scale,a,8.87002,/home/evgeniy/Projects/VocalAssistant/datasets/VocalSet/FULL/male2/scales/belt/m2_scales_belt_a.wav,8.873015873015873,male2,male
m2_scales_belt_e,Male,m2,Belt_Harsh,Scale,e,8.87002,/home/evgeniy/Projects/VocalAssistant/datasets/VocalSet/FULL/male2/scales/belt/m2_scales_belt_e.wav,8.873015873015873,male2,male
m2_scales_belt_i,Male,m2,Belt_Harsh,Scale,i,9.21832,/home/evgeniy/Projects/VocalAssistant/datasets/VocalSet/FULL/male2/scales/belt/m2_scales_belt_i.wav,9.23702947845805,male2,male
m2_scales_belt_o,Male,m2,Belt_Harsh,Scale,o,9.00934,/home/evgeniy/Projects/VocalAssistant/datasets/VocalSet/FULL/male2/scales/belt/m2_scales_belt_o.wav,9.009501133786848,male2,male
m2_scales_belt_u,Male,m2,Belt_Harsh,Scale,u,9.17188,/home/evgeniy/Projects/VocalAssistant/datasets/VocalSet/FULL/male2/scales/belt/m2_scales_belt_u.wav,9.19154195011338,male2,male
m2_scales_breathy_a,Male,m2,Breathy,Scale,a,11.67964,/home/evgeniy/Projects/VocalAssistant/datasets/VocalSet/FULL/male2/scales/breathy/m2_scales_breathy_a.wav,11.702562358276644,male2,male
m2_scales_breathy_e,Male,m2,Breathy,Scale,e,12.02794,/home/evgeniy/Projects/VocalAssistant/datasets/VocalSet/FULL/male2/scales/breathy/m2_scales_breathy_e.wav,12.050181405895692,male2,male
m2_scales_breathy_i,Male,m2,Breathy,Scale,i,12.02794,/home/evgeniy/Projects/VocalAssistant/datasets/VocalSet/FULL/male2/scales/breathy/m2_scales_breathy_i.wav,12.050181405895692,male2,male
m2_scales_breathy_o,Male,m2,Breathy,Scale,o,11.23846,/home/evgeniy/Projects/VocalAssistant/datasets/VocalSet/FULL/male2/scales/breathy/m2_scales_breathy_o.wav,11.239115646258504,male2,male
m2_scales_breathy_u,Male,m2,Breathy,Scale,u,11.7493,/home/evgeniy/Projects/VocalAssistant/datasets/VocalSet/FULL/male2/scales/breathy/m2_scales_breathy_u.wav,11.760498866213153,male2,male
m2_scales_c_fast_forte_a,Male,m2,Fast_Articulated_Forte,Scale,a,3.43655,/home/evgeniy/Projects/VocalAssistant/datasets/VocalSet/FULL/male2/scales/fast_forte/m2_scales_c_fast_forte_a.wav,3.436938775510204,male2,male
m2_scales_c_fast_forte_e,Male,m2,Fast_Articulated_Forte,Scale,e,3.50621,/home/evgeniy/Projects/VocalAssistant/datasets/VocalSet/FULL/male2/scales/fast_forte/m2_scales_c_fast_forte_e.wav,3.5194104308390024,male2,male
m2_scales_c_fast_forte_i,Male,m2,Fast_Articulated_Forte,Scale,i,3.83129,/home/evgeniy/Projects/VocalAssistant/datasets/VocalSet/FULL/male2/scales/fast_forte/m2_scales_c_fast_forte_i.wav,3.84936507936508,male2,male
m2_scales_c_fast_forte_o,Male,m2,Fast_Articulated_Forte,Scale,o,3.66875,/home/evgeniy/Projects/VocalAssistant/datasets/VocalSet/FULL/male2/scales/fast_forte/m2_scales_c_fast_forte_o.wav,3.68437641723356,male2,male
m2_scales_c_fast_forte_u,Male,m2,Fast_Articulated_Forte,Scale,u,3.83129,/home/evgeniy/Projects/VocalAssistant/datasets/VocalSet/FULL/male2/scales/fast_forte/m2_scales_c_fast_forte_u.wav,3.84936507936508,male2,male
m2_scales_c_fast_piano_a,Male,m2,Fast_Articulated_Piano,Scale,a,3.34367,/home/evgeniy/Projects/VocalAssistant/datasets/VocalSet/FULL/male2/scales/fast_piano/m2_scales_c_fast_piano_a.wav,3.363424036281179,male2,male
m2_scales_c_fast_piano_e,Male,m2,Fast_Articulated_Piano,Scale,e,3.85451,/home/evgeniy/Projects/VocalAssistant/datasets/VocalSet/FULL/male2/scales/fast_piano/m2_scales_c_fast_piano_e.wav,3.863764172335601,male2,male
m2_scales_c_fast_piano_i,Male,m2,Fast_Articulated_Piano,Scale,i,3.83129,/home/evgeniy/Projects/VocalAssistant/datasets/VocalSet/FULL/male2/scales/fast_piano/m2_scales_c_fast_piano_i.wav,3.8359637188208615,male2,male
m2_scales_c_fast_piano_o,Male,m2,Fast_Articulated_Piano,Scale,o,3.83129,/home/evgeniy/Projects/VocalAssistant/datasets/VocalSet/FULL/male2/scales/fast_piano/m2_scales_c_fast_piano_o.wav,3.835986394557823,male2,male
m2_scales_c_fast_piano_u,Male,m2,Fast_Articulated_Piano,Scale,u,3.97061,/home/evgeniy/Projects/VocalAssistant/datasets/VocalSet/FULL/male2/scales/fast_piano/m2_scales_c_fast_piano_u.wav,3.974943310657596,male2,male
m2_scales_c_slow_forte_o,Male,m2,Slow_Legato_Forte,Scale,o,11.401,/home/evgeniy/Projects/VocalAssistant/datasets/VocalSet/FULL/male2/scales/slow_forte/m2_scales_c_slow_forte_o.wav,11.405714285714286,male2,male
m2_scales_c_slow_piano_a,Male,m2,Slow_Legato_Piano,Scale,a,11.67964,/home/evgeniy/Projects/VocalAssistant/datasets/VocalSet/FULL/male2/scales/slow_piano/m2_scales_c_slow_piano_a.wav,11.702358276643992,male2,male
m2_scales_c_slow_piano_e,Male,m2,Slow_Legato_Piano,Scale,e,11.81896,/home/evgeniy/Projects/VocalAssistant/datasets/VocalSet/FULL/male2/scales/slow_piano/m2_scales_c_slow_piano_e.wav,11.822380952380952,male2,male
m2_scales_c_slow_piano_i,Male,m2,Slow_Legato_Piano,Scale,i,11.93506,/home/evgeniy/Projects/VocalAssistant/datasets/VocalSet/FULL/male2/scales/slow_piano/m2_scales_c_slow_piano_i.wav,11.942403628117914,male2,male
m2_scales_c_slow_piano_o,Male,m2,Slow_Legato_Piano,Scale,o,11.5171,/home/evgeniy/Projects/VocalAssistant/datasets/VocalSet/FULL/male2/scales/slow_piano/m2_scales_c_slow_piano_o.wav,11.522312925170068,male2,male
m2_scales_c_slow_piano_u,Male,m2,Slow_Legato_Piano,Scale,u,11.56354,/home/evgeniy/Projects/VocalAssistant/datasets/VocalSet/FULL/male2/scales/slow_piano/m2_scales_c_slow_piano_u.wav,11.58233560090703,male2,male
m2_scales_f_fast_forte_a,Male,m2,Fast_Articulated_Forte,Scale,a,4.04027,/home/evgeniy/Projects/VocalAssistant/datasets/VocalSet/FULL/male2/scales/fast_forte/m2_scales_f_fast_forte_a.wav,4.057278911564626,male2,male
m2_scales_f_fast_forte_e,Male,m2,Fast_Articulated_Forte,Scale,e,4.48145,/home/evgeniy/Projects/VocalAssistant/datasets/VocalSet/FULL/male2/scales/fast_forte/m2_scales_f_fast_forte_e.wav,4.495124716553288,male2,male
m2_scales_f_fast_forte_i,Male,m2,Fast_Articulated_Forte,Scale,i,4.45823,/home/evgeniy/Projects/VocalAssistant/datasets/VocalSet/FULL/male2/scales/fast_forte/m2_scales_f_fast_forte_i.wav,4.465918367346939,male2,male
m2_scales_f_fast_forte_o,Male,m2,Fast_Articulated_Forte,Scale,o,4.36535,/home/evgeniy/Projects/VocalAssistant/datasets/VocalSet/FULL/male2/scales/fast_forte/m2_scales_f_fast_forte_o.wav,4.378367346938775,male2,male
m2_scales_f_fast_forte_u,Male,m2,Fast_Articulated_Forte,Scale,u,4.38857,/home/evgeniy/Projects/VocalAssistant/datasets/VocalSet/FULL/male2/scales/fast_forte/m2_scales_f_fast_forte_u.wav,4.407551020408163,male2,male
m2_scales_f_fast_piano_a,Male,m2,Fast_Articulated_Piano,Scale,a,4.08671,/home/evgeniy/Projects/VocalAssistant/datasets/VocalSet/FULL/male2/scales/fast_piano/m2_scales_f_fast_piano_a.wav,4.107823129251701,male2,male
m2_scales_f_fast_piano_e,Male,m2,Fast_Articulated_Piano,Scale,e,4.31891,/home/evgeniy/Projects/VocalAssistant/datasets/VocalSet/FULL/male2/scales/fast_piano/m2_scales_f_fast_piano_e.wav,4.337641723356009,male2,male
m2_scales_f_fast_piano_i,Male,m2,Fast_Articulated_Piano,Scale,i,4.38857,/home/evgeniy/Projects/VocalAssistant/datasets/VocalSet/FULL/male2/scales/fast_piano/m2_scales_f_fast_piano_i.wav,4.395079365079365,male2,male
m2_scales_f_fast_piano_o,Male,m2,Fast_Articulated_Piano,Scale,o,4.20281,/home/evgeniy/Projects/VocalAssistant/datasets/VocalSet/FULL/male2/scales/fast_piano/m2_scales_f_fast_piano_o.wav,4.222743764172336,male2,male
m2_scales_f_fast_piano_u,Male,m2,Fast_Articulated_Piano,Scale,u,4.38857,/home/evgeniy/Projects/VocalAssistant/datasets/VocalSet/FULL/male2/scales/fast_piano/m2_scales_f_fast_piano_u.wav,4.395079365079365,male2,male
m2_scales_f_slow_forte_i,Male,m2,Slow_Legato_Forte,Scale,i,9.91492,/home/evgeniy/Projects/VocalAssistant/datasets/VocalSet/FULL/male2/scales/slow_forte/m2_scales_f_slow_forte_i.wav,9.918843537414968,male2,male
m2_scales_f_slow_forte_o,Male,m2,Slow_Legato_Forte,Scale,o,10.4722,/home/evgeniy/Projects/VocalAssistant/datasets/VocalSet/FULL/male2/scales/slow_forte/m2_scales_f_slow_forte_o.wav,10.490090702947846,male2,male
m2_scales_f_slow_piano_a,Male,m2,Slow_Legato_Piano,Scale,a,11.1688,/home/evgeniy/Projects/VocalAssistant/datasets/VocalSet/FULL/male2/scales/slow_piano/m2_scales_f_slow_piano_a.wav,11.171814058956915,male2,male
m2_scales_f_slow_piano_e,Male,m2,Slow_Legato_Piano,Scale,e,12.23692,/home/evgeniy/Projects/VocalAssistant/datasets/VocalSet/FULL/male2/scales/slow_piano/m2_scales_f_slow_piano_e.wav,12.258820861678004,male2,male
m2_scales_f_slow_piano_i,Male,m2,Slow_Legato_Piano,Scale,i,12.07438,/home/evgeniy/Projects/VocalAssistant/datasets/VocalSet/FULL/male2/scales/slow_piano/m2_scales_f_slow_piano_i.wav,12.07764172335601,male2,male
m2_scales_f_slow_piano_o,Male,m2,Slow_Legato_Piano,Scale,o,11.47066,/home/evgeniy/Projects/VocalAssistant/datasets/VocalSet/FULL/male2/scales/slow_piano/m2_scales_f_slow_piano_o.wav,11.4737641723356,male2,male
m2_scales_f_slow_piano_u,Male,m2,Slow_Legato_Piano,Scale,u,10.1239,/home/evgeniy/Projects/VocalAssistant/datasets/VocalSet/FULL/male2/scales/slow_piano/m2_scales_f_slow_piano_u.wav,10.145215419501136,male2,male
m2_scales_lip_trill_a,Male,m2,Lip_Trill,Scale,a,11.91184,/home/evgeniy/Projects/VocalAssistant/datasets/VocalSet/FULL/male2/scales/lip_trill/m2_scales_lip_trill_a.wav,11.913605442176872,male2,male
m2_scales_lip_trill_e,Male,m2,Lip_Trill,Scale,e,9.61306,/home/evgeniy/Projects/VocalAssistant/datasets/VocalSet/FULL/male2/scales/lip_trill/m2_scales_lip_trill_e.wav,9.62877551020408,male2,male
m2_scales_lip_trill_i,Male,m2,Lip_Trill,Scale,i,10.7044,/home/evgeniy/Projects/VocalAssistant/datasets/VocalSet/FULL/male2/scales/lip_trill/m2_scales_lip_trill_i.wav,10.716802721088436,male2,male
m2_scales_lip_trill_o,Male,m2,Lip_Trill,Scale,o,10.33288,/home/evgeniy/Projects/VocalAssistant/datasets/VocalSet/FULL/male2/scales/lip_trill/m2_scales_lip_trill_o.wav,10.335986394557825,male2,male
m2_scales_lip_trill_u,Male,m2,Lip_Trill,Scale,u,10.5883,/home/evgeniy/Projects/VocalAssistant/datasets/VocalSet/FULL/male2/scales/lip_trill/m2_scales_lip_trill_u.wav,10.607981859410431,male2,male
m2_scales_straight_a,Male,m2,StraightTone,Scale,a,10.51864,/home/evgeniy/Projects/VocalAssistant/datasets/VocalSet/FULL/male2/scales/straight/m2_scales_straight_a.wav,10.528072562358275,male2,male
m2_scales_straight_e,Male,m2,StraightTone,Scale,e,10.79728,/home/evgeniy/Projects/VocalAssistant/datasets/VocalSet/FULL/male2/scales/straight/m2_scales_straight_e.wav,10.800816326530612,male2,male
m2_scales_straight_i,Male,m2,StraightTone,Scale,i,11.56354,/home/evgeniy/Projects/VocalAssistant/datasets/VocalSet/FULL/male2/scales/straight/m2_scales_straight_i.wav,11.564512471655329,male2,male
m2_scales_straight_o,Male,m2,StraightTone,Scale,o,10.4722,/home/evgeniy/Projects/VocalAssistant/datasets/VocalSet/FULL/male2/scales/straight/m2_scales_straight_o.wav,10.473514739229024,male2,male
m2_scales_straight_u,Male,m2,StraightTone,Scale,u,11.21524,/home/evgeniy/Projects/VocalAssistant/datasets/VocalSet/FULL/male2/scales/straight/m2_scales_straight_u.wav,11.237233560090704,male2,male
m2_scales_vibrato_a,Male,m2,MoltoVibrato,Scale,a,10.89016,/home/evgeniy/Projects/VocalAssistant/datasets/VocalSet/FULL/male2/scales/vibrato/m2_scales_vibrato_a.wav,10.905396825396826,male2,male
m2_scales_vibrato_o,Male,m2,MoltoVibrato,Scale,o,10.63474,/home/evgeniy/Projects/VocalAssistant/datasets/VocalSet/FULL/male2/scales/vibrato/m2_scales_vibrato_o.wav,10.638095238095238,male2,male
m2_scales_vibrato_u,Male,m2,MoltoVibrato,Scale,u,10.63474,/home/evgeniy/Projects/VocalAssistant/datasets/VocalSet/FULL/male2/scales/vibrato/m2_scales_vibrato_u.wav,10.638095238095238,male2,male
m3_arpeggios_belt_a,Male,m3,Belt_Harsh,Arpeggio,a,9.33442,/home/evgeniy/Projects/VocalAssistant/datasets/VocalSet/FULL/male3/arpeggios/belt/m3_arpeggios_belt_a.wav,9.338662131519277,male3,male
m3_arpeggios_belt_e,Male,m3,Belt_Harsh,Arpeggio,e,9.47374,/home/evgeniy/Projects/VocalAssistant/datasets/VocalSet/FULL/male3/arpeggios/belt/m3_arpeggios_belt_e.wav,9.483061224489797,male3,male
m3_arpeggios_belt_i,Male,m3,Belt_Harsh,Arpeggio,i,8.98612,/home/evgeniy/Projects/VocalAssistant/datasets/VocalSet/FULL/male3/arpeggios/belt/m3_arpeggios_belt_i.wav,9.001700680272108,male3,male
m3_arpeggios_belt_o,Male,m3,Belt_Harsh,Arpeggio,o,9.17188,/home/evgeniy/Projects/VocalAssistant/datasets/VocalSet/FULL/male3/arpeggios/belt/m3_arpeggios_belt_o.wav,9.194240362811792,male3,male
m3_arpeggios_belt_u,Male,m3,Belt_Harsh,Arpeggio,u,9.24154,/home/evgeniy/Projects/VocalAssistant/datasets/VocalSet/FULL/male3/arpeggios/belt/m3_arpeggios_belt_u.wav,9.242380952380952,male3,male
m3_arpeggios_breathy_a,Male,m3,VeryBreathy,Arpeggio,a,7.6858,/home/evgeniy/Projects/VocalAssistant/datasets/VocalSet/FULL/male3/arpeggios/breathy/m3_arpeggios_breathy_a.wav,7.693492063492063,male3,male
m3_arpeggios_breathy_e,Male,m3,VeryBreathy,Arpeggio,e,7.54649,/home/evgeniy/Projects/VocalAssistant/datasets/VocalSet/FULL/male3/arpeggios/breathy/m3_arpeggios_breathy_e.wav,7.548321995464852,male3,male
m3_arpeggios_breathy_i,Male,m3,VeryBreathy,Arpeggio,i,8.80036,/home/evgeniy/Projects/VocalAssistant/datasets/VocalSet/FULL/male3/arpeggios/breathy/m3_arpeggios_breathy_i.wav,8.806394557823129,male3,male
m3_arpeggios_breathy_o,Male,m3,VeryBreathy,Arpeggio,o,8.93968,/home/evgeniy/Projects/VocalAssistant/datasets/VocalSet/FULL/male3/arpeggios/breathy/m3_arpeggios_breathy_o.wav,8.951541950113379,male3,male
m3_arpeggios_breathy_u,Male,m3,VeryBreathy,Arpeggio,u,8.98612,/home/evgeniy/Projects/VocalAssistant/datasets/VocalSet/FULL/male3/arpeggios/breathy/m3_arpeggios_breathy_u.wav,8.999931972789115,male3,male
m3_arpeggios_c_fast_forte_a,Male,m3,Fast_Articulated_Forte,Arpeggio,a,2.29878,/home/evgeniy/Projects/VocalAssistant/datasets/VocalSet/FULL/male3/arpeggios/fast_forte/m3_arpeggios_c_fast_forte_a.wav,2.3213605442176872,male3,male
m3_arpeggios_c_fast_forte_e,Male,m3,Fast_Articulated_Forte,Arpeggio,e,2.57741,/home/evgeniy/Projects/VocalAssistant/datasets/VocalSet/FULL/male3/arpeggios/fast_forte/m3_arpeggios_c_fast_forte_e.wav,2.594444444444445,male3,male
m3_arpeggios_c_fast_forte_i,Male,m3,Fast_Articulated_Forte,Arpeggio,i,2.78639,/home/evgeniy/Projects/VocalAssistant/datasets/VocalSet/FULL/male3/arpeggios/fast_forte/m3_arpeggios_c_fast_forte_i.wav,2.799274376417233,male3,male
m3_arpeggios_c_fast_forte_o,Male,m3,Fast_Articulated_Forte,Arpeggio,o,2.69351,/home/evgeniy/Projects/VocalAssistant/datasets/VocalSet/FULL/male3/arpeggios/fast_forte/m3_arpeggios_c_fast_forte_o.wav,2.708253968253968,male3,male
m3_arpeggios_c_fast_forte_u,Male,m3,Fast_Articulated_Forte,Arpeggio,u,2.85605,/home/evgeniy/Projects/VocalAssistant/datasets/VocalSet/FULL/male3/arpeggios/fast_forte/m3_arpeggios_c_fast_forte_u.wav,2.867551020408164,male3,male
m3_arpeggios_c_slow_forte_a,Male,m3,Slow_Legato_Forte,Arpeggio,a,9.14866,/home/evgeniy/Projects/VocalAssistant/datasets/VocalSet/FULL/male3/arpeggios/slow_forte/m3_arpeggios_c_slow_forte_a.wav,9.16609977324263,male3,male
m3_arpeggios_c_slow_forte_e,Male,m3,Slow_Legato_Forte,Arpeggio,e,9.3112,/home/evgeniy/Projects/VocalAssistant/datasets/VocalSet/FULL/male3/arpeggios/slow_forte/m3_arpeggios_c_slow_forte_e.wav,9.318866213151928,male3,male
m3_arpeggios_c_slow_forte_u,Male,m3,Slow_Legato_Forte,Arpeggio,u,9.1951,/home/evgeniy/Projects/VocalAssistant/datasets/VocalSet/FULL/male3/arpeggios/slow_forte/m3_arpeggios_c_slow_forte_u.wav,9.21702947845805,male3,male
m3_arpeggios_c_slow_piano_a,Male,m3,Slow_Legato_Piano,Arpeggio,a,8.45206,/home/evgeniy/Projects/VocalAssistant/datasets/VocalSet/FULL/male3/arpeggios/slow_piano/m3_arpeggios_c_slow_piano_a.wav,8.454693877551021,male3,male
m3_arpeggios_c_slow_piano_e,Male,m3,Slow_Legato_Piano,Arpeggio,e,9.12544,/home/evgeniy/Projects/VocalAssistant/datasets/VocalSet/FULL/male3/arpeggios/slow_piano/m3_arpeggios_c_slow_piano_e.wav,9.129002267573696,male3,male
m3_arpeggios_c_slow_piano_i,Male,m3,Slow_Legato_Piano,Arpeggio,i,8.59138,/home/evgeniy/Projects/VocalAssistant/datasets/VocalSet/FULL/male3/arpeggios/slow_piano/m3_arpeggios_c_slow_piano_i.wav,8.61031746031746,male3,male
m3_arpeggios_c_slow_piano_o,Male,m3,Slow_Legato_Piano,Arpeggio,o,8.91646,/home/evgeniy/Projects/VocalAssistant/datasets/VocalSet/FULL/male3/arpeggios/slow_piano/m3_arpeggios_c_slow_piano_o.wav,8.92154195011338,male3,male
m3_arpeggios_c_slow_piano_u,Male,m3,Slow_Legato_Piano,Arpeggio,u,9.12544,/home/evgeniy/Projects/VocalAssistant/datasets/VocalSet/FULL/male3/arpeggios/slow_piano/m3_arpeggios_c_slow_piano_u.wav,9.129002267573696,male3,male
m3_arpeggios_f_fast_forte_a,Male,m3,Fast_Articulated_Forte,Arpeggio,a,3.04181,/home/evgeniy/Projects/VocalAssistant/datasets/VocalSet/FULL/male3/arpeggios/fast_forte/m3_arpeggios_f_fast_forte_a.wav,3.057437641723356,male3,male
m3_arpeggios_f_fast_forte_e,Male,m3,Fast_Articulated_Forte,Arpeggio,e,3.15791,/home/evgeniy/Projects/VocalAssistant/datasets/VocalSet/FULL/male3/arpeggios/fast_forte/m3_arpeggios_f_fast_forte_e.wav,3.1797278911564626,male3,male
m3_arpeggios_f_fast_forte_i,Male,m3,Fast_Articulated_Forte,Arpeggio,i,3.43655,/home/evgeniy/Projects/VocalAssistant/datasets/VocalSet/FULL/male3/arpeggios/fast_forte/m3_arpeggios_f_fast_forte_i.wav,3.448798185941043,male3,male
m3_arpeggios_f_fast_forte_o,Male,m3,Fast_Articulated_Forte,Arpeggio,o,3.27401,/home/evgeniy/Projects/VocalAssistant/datasets/VocalSet/FULL/male3/arpeggios/fast_forte/m3_arpeggios_f_fast_forte_o.wav,3.2775736961451245,male3,male
m3_arpeggios_f_fast_forte_u,Male,m3,Fast_Articulated_Forte,Arpeggio,u,3.13469,/home/evgeniy/Projects/VocalAssistant/datasets/VocalSet/FULL/male3/arpeggios/fast_forte/m3_arpeggios_f_fast_forte_u.wav,3.1552834467120183,male3,male
m3_arpeggios_f_fast_piano_a,Male,m3,Fast_Articulated_Piano,Arpeggio,a,3.13469,/home/evgeniy/Projects/VocalAssistant/datasets/VocalSet/FULL/male3/arpeggios/fast_piano/m3_arpeggios_f_fast_piano_a.wav,3.1415873015873017,male3,male
m3_arpeggios_f_fast_piano_e,Male,m3,Fast_Articulated_Piano,Arpeggio,e,3.22757,/home/evgeniy/Projects/VocalAssistant/datasets/VocalSet/FULL/male3/arpeggios/fast_piano/m3_arpeggios_f_fast_piano_e.wav,3.2413378684807257,male3,male
m3_arpeggios_f_fast_piano_i,Male,m3,Fast_Articulated_Piano,Arpeggio,i,3.20435,/home/evgeniy/Projects/VocalAssistant/datasets/VocalSet/FULL/male3/arpeggios/fast_piano/m3_arpeggios_f_fast_piano_i.wav,3.216394557823129,male3,male
m3_arpeggios_f_fast_piano_o,Male,m3,Fast_Articulated_Piano,Arpeggio,o,3.25079,/home/evgeniy/Projects/VocalAssistant/datasets/VocalSet/FULL/male3/arpeggios/fast_piano/m3_arpeggios_f_fast_piano_o.wav,3.2662585034013607,male3,male
m3_arpeggios_f_fast_piano_u,Male,m3,Fast_Articulated_Piano,Arpeggio,u,3.25079,/home/evgeniy/Projects/VocalAssistant/datasets/VocalSet/FULL/male3/arpeggios/fast_piano/m3_arpeggios_f_fast_piano_u.wav,3.266281179138322,male3,male
m3_arpeggios_f_slow_piano_a,Male,m3,Slow_Legato_Piano,Arpeggio,a,9.98458,/home/evgeniy/Projects/VocalAssistant/datasets/VocalSet/FULL/male3/arpeggios/slow_piano/m3_arpeggios_f_slow_piano_a.wav,9.986916099773245,male3,male
m3_arpeggios_f_slow_piano_e,Male,m3,Slow_Legato_Piano,Arpeggio,e,10.07746,/home/evgeniy/Projects/VocalAssistant/datasets/VocalSet/FULL/male3/arpeggios/slow_piano/m3_arpeggios_f_slow_piano_e.wav,10.094308390022675,male3,male
m3_arpeggios_f_slow_piano_i,Male,m3,Slow_Legato_Piano,Arpeggio,i,9.6595,/home/evgeniy/Projects/VocalAssistant/datasets/VocalSet/FULL/male3/arpeggios/slow_piano/m3_arpeggios_f_slow_piano_i.wav,9.664739229024944,male3,male
m3_arpeggios_f_slow_piano_o,Male,m3,Slow_Legato_Piano,Arpeggio,o,9.75238,/home/evgeniy/Projects/VocalAssistant/datasets/VocalSet/FULL/male3/arpeggios/slow_piano/m3_arpeggios_f_slow_piano_o.wav,9.772154195011336,male3,male
m3_arpeggios_f_slow_piano_u,Male,m3,Slow_Legato_Piano,Arpeggio,u,9.6595,/home/evgeniy/Projects/VocalAssistant/datasets/VocalSet/FULL/male3/arpeggios/slow_piano/m3_arpeggios_f_slow_piano_u.wav,9.664739229024944,male3,male
m3_arpeggios_lip_trill_a,Male,m3,Lip_Trill,Arpeggio,a,9.4273,/home/evgeniy/Projects/VocalAssistant/datasets/VocalSet/FULL/male3/arpeggios/lip_trill/m3_arpeggios_lip_trill_a.wav,9.443673469387756,male3,male
m3_arpeggios_lip_trill_e,Male,m3,Lip_Trill,Arpeggio,e,8.93968,/home/evgeniy/Projects/VocalAssistant/datasets/VocalSet/FULL/male3/arpeggios/lip_trill/m3_arpeggios_lip_trill_e.wav,8.943990929705215,male3,male
m3_arpeggios_lip_trill_i,Male,m3,Lip_Trill,Arpeggio,i,7.47683,/home/evgeniy/Projects/VocalAssistant/datasets/VocalSet/FULL/male3/arpeggios/lip_trill/m3_arpeggios_lip_trill_i.wav,7.494965986394558,male3,male
m3_arpeggios_lip_trill_o,Male,m3,Lip_Trill,Arpeggio,o,7.38395,/home/evgeniy/Projects/VocalAssistant/datasets/VocalSet/FULL/male3/arpeggios/lip_trill/m3_arpeggios_lip_trill_o.wav,7.395034013605442,male3,male
m3_arpeggios_lip_trill_u,Male,m3,Lip_Trill,Arpeggio,u,7.94122,/home/evgeniy/Projects/VocalAssistant/datasets/VocalSet/FULL/male3/arpeggios/lip_trill/m3_arpeggios_lip_trill_u.wav,7.944671201814059,male3,male
m3_arpeggios_straight_a,Male,m3,Slow_StraightTone,Arpeggio,a,8.52172,/home/evgeniy/Projects/VocalAssistant/datasets/VocalSet/FULL/male3/arpeggios/straight/m3_arpeggios_straight_a.wav,8.532857142857143,male3,male
m3_arpeggios_straight_e,Male,m3,Slow_StraightTone,Arpeggio,e,8.70748,/home/evgeniy/Projects/VocalAssistant/datasets/VocalSet/FULL/male3/arpeggios/straight/m3_arpeggios_straight_e.wav,8.726780045351473,male3,male
m3_arpeggios_straight_i,Male,m3,Slow_StraightTone,Arpeggio,i,9.00934,/home/evgeniy/Projects/VocalAssistant/datasets/VocalSet/FULL/male3/arpeggios/straight/m3_arpeggios_straight_i.wav,9.01766439909297,male3,male
m3_arpeggios_straight_o,Male,m3,Slow_StraightTone,Arpeggio,o,8.56816,/home/evgeniy/Projects/VocalAssistant/datasets/VocalSet/FULL/male3/arpeggios/straight/m3_arpeggios_straight_o.wav,8.581337868480725,male3,male
m3_arpeggios_straight_u,Male,m3,Slow_StraightTone,Arpeggio,u,9.05578,/home/evgeniy/Projects/VocalAssistant/datasets/VocalSet/FULL/male3/arpeggios/straight/m3_arpeggios_straight_u.wav,9.066167800453515,male3,male
m3_arpeggios_vibrato_a,Male,m3,Slow_MoltoVibrato,Arpeggio,a,9.47374,/home/evgeniy/Projects/VocalAssistant/datasets/VocalSet/FULL/male3/arpeggios/vibrato/m3_arpeggios_vibrato_a.wav,9.479319727891156,male3,male
m3_arpeggios_vibrato_e,Male,m3,Slow_MoltoVibrato,Arpeggio,e,9.6595,/home/evgeniy/Projects/VocalAssistant/datasets/VocalSet/FULL/male3/arpeggios/vibrato/m3_arpeggios_vibrato_e.wav,9.679931972789117,male3,male
m3_arpeggios_vibrato_i,Male,m3,Slow_MoltoVibrato,Arpeggio,i,9.72916,/home/evgeniy/Projects/VocalAssistant/datasets/VocalSet/FULL/male3/arpeggios/vibrato/m3_arpeggios_vibrato_i.wav,9.730090702947846,male3,male
m3_arpeggios_vibrato_o,Male,m3,Slow_MoltoVibrato,Arpeggio,o,9.82204,/home/evgeniy/Projects/VocalAssistant/datasets/VocalSet/FULL/male3/arpeggios/vibrato/m3_arpeggios_vibrato_o.wav,9.830408163265306,male3,male
m3_arpeggios_vibrato_u,Male,m3,Slow_MoltoVibrato,Arpeggio,u,9.4273,/home/evgeniy/Projects/VocalAssistant/datasets/VocalSet/FULL/male3/arpeggios/vibrato/m3_arpeggios_vibrato_u.wav,9.429160997732426,male3,male
m3_caro_straight,Male,m3,StraightTone,MusicalExcerp_Caro,,39.35782,/home/evgeniy/Projects/VocalAssistant/datasets/VocalSet/FULL/male3/excerpts/straight/m3_caro_straight.wav,39.36823129251701,male3,male
m3_caro_vibrato,Male,m3,MoltoVibrato,MusicalExcerp_Caro,o,41.44762,/home/evgeniy/Projects/VocalAssistant/datasets/VocalSet/FULL/male3/excerpts/vibrato/m3_caro_vibrato.wav,41.4643537414966,male3,male
m3_dona_straight,Male,m3,StraightTone,MusicalExcerp_Dona,,20.78186,/home/evgeniy/Projects/VocalAssistant/datasets/VocalSet/FULL/male3/excerpts/straight/m3_dona_straight.wav,20.79823129251701,male3,male
m3_dona_vibrato,Male,m3,MoltoVibrato,MusicalExcerp_Dona,o,20.52644,/home/evgeniy/Projects/VocalAssistant/datasets/VocalSet/FULL/male3/excerpts/vibrato/m3_dona_vibrato.wav,20.53637188208617,male3,male
m3_long_forte_a,Male,m3,FullVoice,Long_tones,a,7.52327,/home/evgeniy/Projects/VocalAssistant/datasets/VocalSet/FULL/male3/long_tones/forte/m3_long_forte_a.wav,7.532063492063492,male3,male
m3_long_forte_e,Male,m3,FullVoice,Long_tones,e,6.89633,/home/evgeniy/Projects/VocalAssistant/datasets/VocalSet/FULL/male3/long_tones/forte/m3_long_forte_e.wav,6.89734693877551,male3,male
m3_long_forte_i,Male,m3,FullVoice,Long_tones,i,7.26785,/home/evgeniy/Projects/VocalAssistant/datasets/VocalSet/FULL/male3/long_tones/forte/m3_long_forte_i.wav,7.278163265306122,male3,male
m3_long_forte_o,Male,m3,FullVoice,Long_tones,o,7.36073,/home/evgeniy/Projects/VocalAssistant/datasets/VocalSet/FULL/male3/long_tones/forte/m3_long_forte_o.wav,7.362789115646258,male3,male
m3_long_forte_u,Male,m3,FullVoice,Long_tones,u,7.26785,/home/evgeniy/Projects/VocalAssistant/datasets/VocalSet/FULL/male3/long_tones/forte/m3_long_forte_u.wav,7.278163265306122,male3,male
m3_long_messa_a,Male,m3,MessaDiVoce,Long_tones,a,18.7385,/home/evgeniy/Projects/VocalAssistant/datasets/VocalSet/FULL/male3/long_tones/messa/m3_long_messa_a.wav,18.742857142857144,male3,male
m3_long_messa_e,Male,m3,MessaDiVoce,Long_tones,e,16.09143,/home/evgeniy/Projects/VocalAssistant/datasets/VocalSet/FULL/male3/long_tones/messa/m3_long_messa_e.wav,16.112267573696144,male3,male
m3_long_messa_i,Male,m3,MessaDiVoce,Long_tones,i,14.46603,/home/evgeniy/Projects/VocalAssistant/datasets/VocalSet/FULL/male3/long_tones/messa/m3_long_messa_i.wav,14.468185941043084,male3,male
m3_long_messa_o,Male,m3,MessaDiVoce,Long_tones,o,16.34685,/home/evgeniy/Projects/VocalAssistant/datasets/VocalSet/FULL/male3/long_tones/messa/m3_long_messa_o.wav,16.358888888888888,male3,male
m3_long_messa_u,Male,m3,MessaDiVoce,Long_tones,u,19.5512,/home/evgeniy/Projects/VocalAssistant/datasets/VocalSet/FULL/male3/long_tones/messa/m3_long_messa_u.wav,19.564897959183675,male3,male
m3_long_straight_a,Male,m3,StraightTone,Long_tones,a,11.7493,/home/evgeniy/Projects/VocalAssistant/datasets/VocalSet/FULL/male3/long_tones/straight/m3_long_straight_a.wav,11.762857142857143,male3,male
m3_long_straight_e,Male,m3,StraightTone,Long_tones,e,10.91338,/home/evgeniy/Projects/VocalAssistant/datasets/VocalSet/FULL/male3/long_tones/straight/m3_long_straight_e.wav,10.913990929705216,male3,male
m3_long_straight_i,Male,m3,StraightTone,Long_tones,i,11.93506,/home/evgeniy/Projects/VocalAssistant/datasets/VocalSet/FULL/male3/long_tones/straight/m3_long_straight_i.wav,11.944761904761904,male3,male
m3_long_straight_o,Male,m3,StraightTone,Long_tones,o,12.30658,/home/evgeniy/Projects/VocalAssistant/datasets/VocalSet/FULL/male3/long_tones/straight/m3_long_straight_o.wav,12.308571428571428,male3,male
m3_long_straight_u,Male,m3,StraightTone,Long_tones,u,12.77098,/home/evgeniy/Projects/VocalAssistant/datasets/VocalSet/FULL/male3/long_tones/straight/m3_long_straight_u.wav,12.793628117913832,male3,male
m3_long_trill_a,Male,m3,Trill,Long_tones,a,9.8917,/home/evgeniy/Projects/VocalAssistant/datasets/VocalSet/FULL/male3/long_tones/trill/m3_long_trill_a.wav,9.910521541950114,male3,male
m3_long_trill_e,Male,m3,Trill,Long_tones,e,10.98304,/home/evgeniy/Projects/VocalAssistant/datasets/VocalSet/FULL/male3/long_tones/trill/m3_long_trill_e.wav,10.998956916099774,male3,male
m3_long_trill_i,Male,m3,Trill,Long_tones,i,10.63474,/home/evgeniy/Projects/VocalAssistant/datasets/VocalSet/FULL/male3/long_tones/trill/m3_long_trill_i.wav,10.655238095238095,male3,male
m3_long_trill_o,Male,m3,Trill,Long_tones,o,10.1239,/home/evgeniy/Projects/VocalAssistant/datasets/VocalSet/FULL/male3/long_tones/trill/m3_long_trill_o.wav,10.139659863945578,male3,male
m3_long_trill_u,Male,m3,Trill,Long_tones,u,10.4722,/home/evgeniy/Projects/VocalAssistant/datasets/VocalSet/FULL/male3/long_tones/trill/m3_long_trill_u.wav,10.483378684807256,male3,male
m3_long_trillo_a,Male,m3,Trillo,Long_tones,a,7.87156,/home/evgeniy/Projects/VocalAssistant/datasets/VocalSet/FULL/male3/long_tones/trillo/m3_long_trillo_a.wav,7.888299319727891,male3,male
m3_long_trillo_e,Male,m3,Trillo,Long_tones,e,7.56971,/home/evgeniy/Projects/VocalAssistant/datasets/VocalSet/FULL/male3/long_tones/trillo/m3_long_trillo_e.wav,7.588208616780045,male3,male
m3_long_trillo_i,Male,m3,Trillo,Long_tones,i,6.89633,/home/evgeniy/Projects/VocalAssistant/datasets/VocalSet/FULL/male3/long_tones/trillo/m3_long_trillo_i.wav,6.902267573696145,male3,male
m3_long_trillo_o,Male,m3,Trillo,Long_tones,o,6.94277,/home/evgeniy/Projects/VocalAssistant/datasets/VocalSet/FULL/male3/long_tones/trillo/m3_long_trillo_o.wav,6.945124716553288,male3,male
m3_long_trillo_u,Male,m3,Trillo,Long_tones,u,6.84989,/home/evgeniy/Projects/VocalAssistant/datasets/VocalSet/FULL/male3/long_tones/trillo/m3_long_trillo_u.wav,6.859365079365079,male3,male
m3_row_straight,Male,m3,StraightTone,MusicalExcerp_RowRow,,14.11773,/home/evgeniy/Projects/VocalAssistant/datasets/VocalSet/FULL/male3/excerpts/straight/m3_row_straight.wav,14.120861678004536,male3,male
m3_row_vibrato,Male,m3,MoltoVibrato,MusicalExcerp_RowRow,o,14.00163,/home/evgeniy/Projects/VocalAssistant/datasets/VocalSet/FULL/male3/excerpts/vibrato/m3_row_vibrato.wav,14.023174603174605,male3,male
m3_scales_belt_a,Male,m3,Belt_Harsh,Scale,a,7.33751,/home/evgeniy/Projects/VocalAssistant/datasets/VocalSet/FULL/male3/scales/belt/m3_scales_belt_a.wav,7.341972789115646,male3,male
m3_scales_belt_e,Male,m3,Belt_Harsh,Scale,e,6.82667,/home/evgeniy/Projects/VocalAssistant/datasets/VocalSet/FULL/male3/scales/belt/m3_scales_belt_e.wav,6.8369614512471655,male3,male
m3_scales_belt_i,Male,m3,Belt_Harsh,Scale,i,6.89633,/home/evgeniy/Projects/VocalAssistant/datasets/VocalSet/FULL/male3/scales/belt/m3_scales_belt_i.wav,6.914671201814059,male3,male
m3_scales_belt_o,Male,m3,Belt_Harsh,Scale,o,7.01243,/home/evgeniy/Projects/VocalAssistant/datasets/VocalSet/FULL/male3/scales/belt/m3_scales_belt_o.wav,7.0312018140589565,male3,male
m3_scales_belt_u,Male,m3,Belt_Harsh,Scale,u,6.59447,/home/evgeniy/Projects/VocalAssistant/datasets/VocalSet/FULL/male3/scales/belt/m3_scales_belt_u.wav,6.60390022675737,male3,male
m3_scales_breathy_a,Male,m3,Breathy,Scale,a,5.47991,/home/evgeniy/Projects/VocalAssistant/datasets/VocalSet/FULL/male3/scales/breathy/m3_scales_breathy_a.wav,5.484399092970522,male3,male
m3_scales_breathy_e,Male,m3,Breathy,Scale,e,5.41025,/home/evgeniy/Projects/VocalAssistant/datasets/VocalSet/FULL/male3/scales/breathy/m3_scales_breathy_e.wav,5.417505668934241,male3,male
m3_scales_breathy_i,Male,m3,Breathy,Scale,i,5.59601,/home/evgeniy/Projects/VocalAssistant/datasets/VocalSet/FULL/male3/scales/breathy/m3_scales_breathy_i.wav,5.618163265306123,male3,male
m3_scales_breathy_o,Male,m3,Breathy,Scale,o,5.87465,/home/evgeniy/Projects/VocalAssistant/datasets/VocalSet/FULL/male3/scales/breathy/m3_scales_breathy_o.wav,5.885691609977324,male3,male
m3_scales_breathy_u,Male,m3,Breathy,Scale,u,6.19973,/home/evgeniy/Projects/VocalAssistant/datasets/VocalSet/FULL/male3/scales/breathy/m3_scales_breathy_u.wav,6.220113378684808,male3,male
m3_scales_c_fast_forte_a,Male,m3,Fast_Articulated_Forte,Scale,a,4.10993,/home/evgeniy/Projects/VocalAssistant/datasets/VocalSet/FULL/male3/scales/fast_forte/m3_scales_c_fast_forte_a.wav,4.118979591836735,male3,male
m3_scales_c_fast_forte_e,Male,m3,Fast_Articulated_Forte,Scale,e,3.99383,/home/evgeniy/Projects/VocalAssistant/datasets/VocalSet/FULL/male3/scales/fast_forte/m3_scales_c_fast_forte_e.wav,4.003764172335601,male3,male
m3_scales_c_fast_forte_i,Male,m3,Fast_Articulated_Forte,Scale,i,3.87773,/home/evgeniy/Projects/VocalAssistant/datasets/VocalSet/FULL/male3/scales/fast_forte/m3_scales_c_fast_forte_i.wav,3.8885487528344673,male3,male
m3_scales_c_fast_forte_o,Male,m3,Fast_Articulated_Forte,Scale,o,3.62231,/home/evgeniy/Projects/VocalAssistant/datasets/VocalSet/FULL/male3/scales/fast_forte/m3_scales_c_fast_forte_o.wav,3.629319727891157,male3,male
m3_scales_c_fast_forte_u,Male,m3,Fast_Articulated_Forte,Scale,u,3.99383,/home/evgeniy/Projects/VocalAssistant/datasets/VocalSet/FULL/male3/scales/fast_forte/m3_scales_c_fast_forte_u.wav,4.003764172335601,male3,male
m3_scales_c_fast_piano_a,Male,m3,Fast_Articulated_Piano,Scale,a,3.97061,/home/evgeniy/Projects/VocalAssistant/datasets/VocalSet/FULL/male3/scales/fast_piano/m3_scales_c_fast_piano_a.wav,3.9870521541950112,male3,male
m3_scales_c_fast_piano_e,Male,m3,Fast_Articulated_Piano,Scale,e,3.94739,/home/evgeniy/Projects/VocalAssistant/datasets/VocalSet/FULL/male3/scales/fast_piano/m3_scales_c_fast_piano_e.wav,3.959160997732426,male3,male
m3_scales_c_fast_piano_i,Male,m3,Fast_Articulated_Piano,Scale,i,4.08671,/home/evgeniy/Projects/VocalAssistant/datasets/VocalSet/FULL/male3/scales/fast_piano/m3_scales_c_fast_piano_i.wav,4.098571428571429,male3,male
m3_scales_c_fast_piano_o,Male,m3,Fast_Articulated_Piano,Scale,o,3.85451,/home/evgeniy/Projects/VocalAssistant/datasets/VocalSet/FULL/male3/scales/fast_piano/m3_scales_c_fast_piano_o.wav,3.8755102040816327,male3,male
m3_scales_c_fast_piano_u,Male,m3,Fast_Articulated_Piano,Scale,u,4.13315,/home/evgeniy/Projects/VocalAssistant/datasets/VocalSet/FULL/male3/scales/fast_piano/m3_scales_c_fast_piano_u.wav,4.154331065759637,male3,male
m3_scales_c_slow_forte_u,Male,m3,Slow_Legato_Forte,Scale,u,13.65333,/home/evgeniy/Projects/VocalAssistant/datasets/VocalSet/FULL/male3/scales/slow_forte/m3_scales_c_slow_forte_u.wav,13.66312925170068,male3,male
m3_scales_c_slow_piano_a,Male,m3,Slow_Legato_Piano,Scale,a,14.55891,/home/evgeniy/Projects/VocalAssistant/datasets/VocalSet/FULL/male3/scales/slow_piano/m3_scales_c_slow_piano_a.wav,14.568004535147391,male3,male
m3_scales_c_slow_piano_e,Male,m3,Slow_Legato_Piano,Scale,e,14.39637,/home/evgeniy/Projects/VocalAssistant/datasets/VocalSet/FULL/male3/scales/slow_piano/m3_scales_c_slow_piano_e.wav,14.409659863945578,male3,male
m3_scales_c_slow_piano_i,Male,m3,Slow_Legato_Piano,Scale,i,15.51093,/home/evgeniy/Projects/VocalAssistant/datasets/VocalSet/FULL/male3/scales/slow_piano/m3_scales_c_slow_piano_i.wav,15.518072562358276,male3,male
m3_scales_c_slow_piano_o,Male,m3,Slow_Legato_Piano,Scale,o,17.48463,/home/evgeniy/Projects/VocalAssistant/datasets/VocalSet/FULL/male3/scales/slow_piano/m3_scales_c_slow_piano_o.wav,17.497437641723355,male3,male
m3_scales_c_slow_piano_u,Male,m3,Slow_Legato_Piano,Scale,u,19.15646,/home/evgeniy/Projects/VocalAssistant/datasets/VocalSet/FULL/male3/scales/slow_piano/m3_scales_c_slow_piano_u.wav,19.160090702947844,male3,male
m3_scales_f_fast_forte_a,Male,m3,Fast_Articulated_Forte,Scale,a,8.01088,/home/evgeniy/Projects/VocalAssistant/datasets/VocalSet/FULL/male3/scales/fast_forte/m3_scales_f_fast_forte_a.wav,8.012766439909297,male3,male
m3_scales_f_fast_forte_e,Male,m3,Fast_Articulated_Forte,Scale,e,6.64091,/home/evgeniy/Projects/VocalAssistant/datasets/VocalSet/FULL/male3/scales/fast_forte/m3_scales_f_fast_forte_e.wav,6.6426984126984125,male3,male
m3_scales_f_fast_forte_i,Male,m3,Fast_Articulated_Forte,Scale,i,6.84989,/home/evgeniy/Projects/VocalAssistant/datasets/VocalSet/FULL/male3/scales/fast_forte/m3_scales_f_fast_forte_i.wav,6.850294784580499,male3,male
m3_scales_f_fast_forte_o,Male,m3,Fast_Articulated_Forte,Scale,o,7.01243,/home/evgeniy/Projects/VocalAssistant/datasets/VocalSet/FULL/male3/scales/fast_forte/m3_scales_f_fast_forte_o.wav,7.016349206349206,male3,male
m3_scales_f_fast_forte_u,Male,m3,Fast_Articulated_Forte,Scale,u,7.01243,/home/evgeniy/Projects/VocalAssistant/datasets/VocalSet/FULL/male3/scales/fast_forte/m3_scales_f_fast_forte_u.wav,7.016371882086168,male3,male
m3_scales_f_fast_piano_a,Male,m3,Fast_Articulated_Piano,Scale,a,7.33751,/home/evgeniy/Projects/VocalAssistant/datasets/VocalSet/FULL/male3/scales/fast_piano/m3_scales_f_fast_piano_a.wav,7.348072562358275,male3,male
m3_scales_f_fast_piano_e,Male,m3,Fast_Articulated_Piano,Scale,e,7.29107,/home/evgeniy/Projects/VocalAssistant/datasets/VocalSet/FULL/male3/scales/fast_piano/m3_scales_f_fast_piano_e.wav,7.30702947845805,male3,male
m3_scales_f_fast_piano_i,Male,m3,Fast_Articulated_Piano,Scale,i,6.96599,/home/evgeniy/Projects/VocalAssistant/datasets/VocalSet/FULL/male3/scales/fast_piano/m3_scales_f_fast_piano_i.wav,6.978639455782313,male3,male
m3_scales_f_fast_piano_o,Male,m3,Fast_Articulated_Piano,Scale,o,7.01243,/home/evgeniy/Projects/VocalAssistant/datasets/VocalSet/FULL/male3/scales/fast_piano/m3_scales_f_fast_piano_o.wav,7.01968253968254,male3,male
m3_scales_f_fast_piano_u,Male,m3,Fast_Articulated_Piano,Scale,u,6.96599,/home/evgeniy/Projects/VocalAssistant/datasets/VocalSet/FULL/male3/scales/fast_piano/m3_scales_f_fast_piano_u.wav,6.978616780045352,male3,male
m3_scales_f_slow_forte_a,Male,m3,Slow_Legato_Forte,Scale,a,17.50785,/home/evgeniy/Projects/VocalAssistant/datasets/VocalSet/FULL/male3/scales/slow_forte/m3_scales_f_slow_forte_a.wav,17.52671201814059,male3,male
m3_scales_f_slow_forte_e,Male,m3,Slow_Legato_Forte,Scale,e,17.97225,/home/evgeniy/Projects/VocalAssistant/datasets/VocalSet/FULL/male3/scales/slow_forte/m3_scales_f_slow_forte_e.wav,17.978435374149658,male3,male
m3_scales_f_slow_forte_u,Male,m3,Slow_Legato_Forte,Scale,u,20.1317,/home/evgeniy/Projects/VocalAssistant/datasets/VocalSet/FULL/male3/scales/slow_forte/m3_scales_f_slow_forte_u.wav,20.14668934240363,male3,male
m3_scales_f_slow_piano_a,Male,m3,Slow_Legato_Piano,Scale,a,19.22612,/home/evgeniy/Projects/VocalAssistant/datasets/VocalSet/FULL/male3/scales/slow_piano/m3_scales_f_slow_piano_a.wav,19.229773242630387,male3,male
m3_scales_f_slow_piano_e,Male,m3,Slow_Legato_Piano,Scale,e,20.34068,/home/evgeniy/Projects/VocalAssistant/datasets/VocalSet/FULL/male3/scales/slow_piano/m3_scales_f_slow_piano_e.wav,20.349931972789115,male3,male
m3_scales_f_slow_piano_i,Male,m3,Slow_Legato_Piano,Scale,i,19.69052,/home/evgeniy/Projects/VocalAssistant/datasets/VocalSet/FULL/male3/scales/slow_piano/m3_scales_f_slow_piano_i.wav,19.696485260770974,male3,male
m3_scales_f_slow_piano_o,Male,m3,Slow_Legato_Piano,Scale,o,19.59764,/home/evgeniy/Projects/VocalAssistant/datasets/VocalSet/FULL/male3/scales/slow_piano/m3_scales_f_slow_piano_o.wav,19.60315192743764,male3,male
m3_scales_f_slow_piano_u,Male,m3,Slow_Legato_Piano,Scale,u,19.87628,/home/evgeniy/Projects/VocalAssistant/datasets/VocalSet/FULL/male3/scales/slow_piano/m3_scales_f_slow_piano_u.wav,19.883197278911563,male3,male
m3_scales_straight_a,Male,m3,StraightTone,Scale,a,18.25088,/home/evgeniy/Projects/VocalAssistant/datasets/VocalSet/FULL/male3/scales/straight/m3_scales_straight_a.wav,18.26936507936508,male3,male
m3_scales_straight_e,Male,m3,StraightTone,Scale,e,19.52798,/home/evgeniy/Projects/VocalAssistant/datasets/VocalSet/FULL/male3/scales/straight/m3_scales_straight_e.wav,19.52931972789116,male3,male
m3_scales_straight_i,Male,m3,StraightTone,Scale,i,19.34222,/home/evgeniy/Projects/VocalAssistant/datasets/VocalSet/FULL/male3/scales/straight/m3_scales_straight_i.wav,19.34931972789116,male3,male
m3_scales_straight_o,Male,m3,StraightTone,Scale,o,19.52798,/home/evgeniy/Projects/VocalAssistant/datasets/VocalSet/FULL/male3/scales/straight/m3_scales_straight_o.wav,19.52931972789116,male3,male
m3_scales_straight_u,Male,m3,StraightTone,Scale,u,19.69052,/home/evgeniy/Projects/VocalAssistant/datasets/VocalSet/FULL/male3/scales/straight/m3_scales_straight_u.wav,19.70934240362812,male3,male
m3_scales_vibrato_a,Male,m3,MoltoVibrato,Scale,a,20.41034,/home/evgeniy/Projects/VocalAssistant/datasets/VocalSet/FULL/male3/scales/vibrato/m3_scales_vibrato_a.wav,20.42342403628118,male3,male
m3_scales_vibrato_e,Male,m3,MoltoVibrato,Scale,e,19.94594,/home/evgeniy/Projects/VocalAssistant/datasets/VocalSet/FULL/male3/scales/vibrato/m3_scales_vibrato_e.wav,19.961360544217687,male3,male
m3_scales_vibrato_i,Male,m3,MoltoVibrato,Scale,i,19.6673,/home/evgeniy/Projects/VocalAssistant/datasets/VocalSet/FULL/male3/scales/vibrato/m3_scales_vibrato_i.wav,19.684126984126983,male3,male
m3_scales_vibrato_o,Male,m3,MoltoVibrato,Scale,o,19.6673,/home/evgeniy/Projects/VocalAssistant/datasets/VocalSet/FULL/male3/scales/vibrato/m3_scales_vibrato_o.wav,19.684126984126983,male3,male
m3_scales_vibrato_u,Male,m3,MoltoVibrato,Scale,u,20.31746,/home/evgeniy/Projects/VocalAssistant/datasets/VocalSet/FULL/male3/scales/vibrato/m3_scales_vibrato_u.wav,20.331020408163266,male3,male
m4_arpeggios_belt_a,Male,m4,Belt_Harsh,Arpeggio,a,7.8019,/home/evgeniy/Projects/VocalAssistant/datasets/VocalSet/FULL/male4/arpeggios/belt/m4_arpeggios_belt_a.wav,7.819818594104309,male4,male
m4_arpeggios_belt_e,Male,m4,Belt_Harsh,Arpeggio,e,7.47683,/home/evgeniy/Projects/VocalAssistant/datasets/VocalSet/FULL/male4/arpeggios/belt/m4_arpeggios_belt_e.wav,7.4956916099773245,male4,male
m4_arpeggios_belt_i,Male,m4,Belt_Harsh,Arpeggio,i,7.63937,/home/evgeniy/Projects/VocalAssistant/datasets/VocalSet/FULL/male4/arpeggios/belt/m4_arpeggios_belt_i.wav,7.657755102040816,male4,male
m4_arpeggios_belt_o,Male,m4,Belt_Harsh,Arpeggio,o,7.6858,/home/evgeniy/Projects/VocalAssistant/datasets/VocalSet/FULL/male4/arpeggios/belt/m4_arpeggios_belt_o.wav,7.69827664399093,male4,male
m4_arpeggios_belt_u,Male,m4,Belt_Harsh,Arpeggio,u,7.77868,/home/evgeniy/Projects/VocalAssistant/datasets/VocalSet/FULL/male4/arpeggios/belt/m4_arpeggios_belt_u.wav,7.779319727891156,male4,male
m4_arpeggios_breathy_a,Male,m4,VeryBreathy,Arpeggio,a,6.73379,/home/evgeniy/Projects/VocalAssistant/datasets/VocalSet/FULL/male4/arpeggios/breathy/m4_arpeggios_breathy_a.wav,6.742108843537415,male4,male
m4_arpeggios_breathy_e,Male,m4,VeryBreathy,Arpeggio,e,7.38395,/home/evgeniy/Projects/VocalAssistant/datasets/VocalSet/FULL/male4/arpeggios/breathy/m4_arpeggios_breathy_e.wav,7.399863945578232,male4,male
m4_arpeggios_breathy_i,Male,m4,VeryBreathy,Arpeggio,i,7.22141,/home/evgeniy/Projects/VocalAssistant/datasets/VocalSet/FULL/male4/arpeggios/breathy/m4_arpeggios_breathy_i.wav,7.235419501133787,male4,male
m4_arpeggios_breathy_o,Male,m4,VeryBreathy,Arpeggio,o,6.84989,/home/evgeniy/Projects/VocalAssistant/datasets/VocalSet/FULL/male4/arpeggios/breathy/m4_arpeggios_breathy_o.wav,6.865419501133787,male4,male
m4_arpeggios_breathy_u,Male,m4,VeryBreathy,Arpeggio,u,6.78023,/home/evgeniy/Projects/VocalAssistant/datasets/VocalSet/FULL/male4/arpeggios/breathy/m4_arpeggios_breathy_u.wav,6.783219954648526,male4,male
m4_arpeggios_c_fast_forte_a,Male,m4,Fast_Articulated_Forte,Arpeggio,a,2.92571,/home/evgeniy/Projects/VocalAssistant/datasets/VocalSet/FULL/male4/arpeggios/fast_forte/m4_arpeggios_c_fast_forte_a.wav,2.9292063492063494,male4,male
m4_arpeggios_c_fast_forte_e,Male,m4,Fast_Articulated_Forte,Arpeggio,e,2.5542,/home/evgeniy/Projects/VocalAssistant/datasets/VocalSet/FULL/male4/arpeggios/fast_forte/m4_arpeggios_c_fast_forte_e.wav,2.55687074829932,male4,male
m4_arpeggios_c_fast_forte_i,Male,m4,Fast_Articulated_Forte,Arpeggio,i,2.69351,/home/evgeniy/Projects/VocalAssistant/datasets/VocalSet/FULL/male4/arpeggios/fast_forte/m4_arpeggios_c_fast_forte_i.wav,2.705804988662132,male4,male
m4_arpeggios_c_fast_forte_o,Male,m4,Fast_Articulated_Forte,Arpeggio,o,2.83283,/home/evgeniy/Projects/VocalAssistant/datasets/VocalSet/FULL/male4/arpeggios/fast_forte/m4_arpeggios_c_fast_forte_o.wav,2.854739229024944,male4,male
m4_arpeggios_c_fast_forte_u,Male,m4,Fast_Articulated_Forte,Arpeggio,u,3.01859,/home/evgeniy/Projects/VocalAssistant/datasets/VocalSet/FULL/male4/arpeggios/fast_forte/m4_arpeggios_c_fast_forte_u.wav,3.028503401360544,male4,male
m4_arpeggios_c_fast_piano_a,Male,m4,Fast_Articulated_Piano,Arpeggio,a,2.71673,/home/evgeniy/Projects/VocalAssistant/datasets/VocalSet/FULL/male4/arpeggios/fast_piano/m4_arpeggios_c_fast_piano_a.wav,2.7190249433106577,male4,male
m4_arpeggios_c_fast_piano_e,Male,m4,Fast_Articulated_Piano,Arpeggio,e,2.67029,/home/evgeniy/Projects/VocalAssistant/datasets/VocalSet/FULL/male4/arpeggios/fast_piano/m4_arpeggios_c_fast_piano_e.wav,2.6755102040816325,male4,male
m4_arpeggios_c_fast_piano_i,Male,m4,Fast_Articulated_Piano,Arpeggio,i,2.76317,/home/evgeniy/Projects/VocalAssistant/datasets/VocalSet/FULL/male4/arpeggios/fast_piano/m4_arpeggios_c_fast_piano_i.wav,2.7842857142857143,male4,male
m4_arpeggios_c_fast_piano_o,Male,m4,Fast_Articulated_Piano,Arpeggio,o,3.01859,/home/evgeniy/Projects/VocalAssistant/datasets/VocalSet/FULL/male4/arpeggios/fast_piano/m4_arpeggios_c_fast_piano_o.wav,3.0235374149659866,male4,male
m4_arpeggios_c_fast_piano_u,Male,m4,Fast_Articulated_Piano,Arpeggio,u,2.87927,/home/evgeniy/Projects/VocalAssistant/datasets/VocalSet/FULL/male4/arpeggios/fast_piano/m4_arpeggios_c_fast_piano_u.wav,2.8930385487528345,male4,male
m4_arpeggios_c_slow_piano_a,Male,m4,Slow_Legato_Piano,Arpeggio,a,9.079,/home/evgeniy/Projects/VocalAssistant/datasets/VocalSet/FULL/male4/arpeggios/slow_piano/m4_arpeggios_c_slow_piano_a.wav,9.092562358276645,male4,male
m4_arpeggios_c_slow_piano_e,Male,m4,Slow_Legato_Piano,Arpeggio,e,9.40408,/home/evgeniy/Projects/VocalAssistant/datasets/VocalSet/FULL/male4/arpeggios/slow_piano/m4_arpeggios_c_slow_piano_e.wav,9.425804988662131,male4,male
m4_arpeggios_c_slow_piano_i,Male,m4,Slow_Legato_Piano,Arpeggio,i,9.17188,/home/evgeniy/Projects/VocalAssistant/datasets/VocalSet/FULL/male4/arpeggios/slow_piano/m4_arpeggios_c_slow_piano_i.wav,9.187755102040816,male4,male
m4_arpeggios_c_slow_piano_o,Male,m4,Slow_Legato_Piano,Arpeggio,o,9.26476,/home/evgeniy/Projects/VocalAssistant/datasets/VocalSet/FULL/male4/arpeggios/slow_piano/m4_arpeggios_c_slow_piano_o.wav,9.28297052154195,male4,male
m4_arpeggios_c_slow_piano_u,Male,m4,Slow_Legato_Piano,Arpeggio,u,9.21832,/home/evgeniy/Projects/VocalAssistant/datasets/VocalSet/FULL/male4/arpeggios/slow_piano/m4_arpeggios_c_slow_piano_u.wav,9.235374149659863,male4,male
m4_arpeggios_f_fast_forte_a,Male,m4,Fast_Articulated_Forte,Arpeggio,a,2.90249,/home/evgeniy/Projects/VocalAssistant/datasets/VocalSet/FULL/male4/arpeggios/fast_forte/m4_arpeggios_f_fast_forte_a.wav,2.9053514739229023,male4,male
m4_arpeggios_f_fast_forte_e,Male,m4,Fast_Articulated_Forte,Arpeggio,e,2.48454,/home/evgeniy/Projects/VocalAssistant/datasets/VocalSet/FULL/male4/arpeggios/fast_forte/m4_arpeggios_f_fast_forte_e.wav,2.4994557823129253,male4,male
m4_arpeggios_f_fast_forte_i,Male,m4,Fast_Articulated_Forte,Arpeggio,i,2.57741,/home/evgeniy/Projects/VocalAssistant/datasets/VocalSet/FULL/male4/arpeggios/fast_forte/m4_arpeggios_f_fast_forte_i.wav,2.584920634920635,male4,male
m4_arpeggios_f_fast_forte_o,Male,m4,Fast_Articulated_Forte,Arpeggio,o,2.83283,/home/evgeniy/Projects/VocalAssistant/datasets/VocalSet/FULL/male4/arpeggios/fast_forte/m4_arpeggios_f_fast_forte_o.wav,2.8412698412698414,male4,male
m4_arpeggios_f_fast_forte_u,Male,m4,Fast_Articulated_Forte,Arpeggio,u,3.36689,/home/evgeniy/Projects/VocalAssistant/datasets/VocalSet/FULL/male4/arpeggios/fast_forte/m4_arpeggios_f_fast_forte_u.wav,3.3753514739229025,male4,male
m4_arpeggios_f_fast_piano_a,Male,m4,Fast_Articulated_Piano,Arpeggio,a,2.64707,/home/evgeniy/Projects/VocalAssistant/datasets/VocalSet/FULL/male4/arpeggios/fast_piano/m4_arpeggios_f_fast_piano_a.wav,2.6641496598639454,male4,male
m4_arpeggios_f_fast_piano_e,Male,m4,Fast_Articulated_Piano,Arpeggio,e,2.71673,/home/evgeniy/Projects/VocalAssistant/datasets/VocalSet/FULL/male4/arpeggios/fast_piano/m4_arpeggios_f_fast_piano_e.wav,2.7275736961451247,male4,male
m4_arpeggios_f_fast_piano_i,Male,m4,Fast_Articulated_Piano,Arpeggio,i,2.62385,/home/evgeniy/Projects/VocalAssistant/datasets/VocalSet/FULL/male4/arpeggios/fast_piano/m4_arpeggios_f_fast_piano_i.wav,2.642993197278912,male4,male
m4_arpeggios_f_fast_piano_o,Male,m4,Fast_Articulated_Piano,Arpeggio,o,2.80961,/home/evgeniy/Projects/VocalAssistant/datasets/VocalSet/FULL/male4/arpeggios/fast_piano/m4_arpeggios_f_fast_piano_o.wav,2.812154195011338,male4,male
m4_arpeggios_f_fast_piano_u,Male,m4,Fast_Articulated_Piano,Arpeggio,u,2.64707,/home/evgeniy/Projects/VocalAssistant/datasets/VocalSet/FULL/male4/arpeggios/fast_piano/m4_arpeggios_f_fast_piano_u.wav,2.6641269841269843,male4,male
m4_arpeggios_f_slow_forte_i,Male,m4,Slow_Legato_Forte,Arpeggio,i,8.75392,/home/evgeniy/Projects/VocalAssistant/datasets/VocalSet/FULL/male4/arpeggios/slow_forte/m4_arpeggios_f_slow_forte_i.wav,8.76390022675737,male4,male
m4_arpeggios_f_slow_forte_o,Male,m4,Slow_Legato_Forte,Arpeggio,o,9.14866,/home/evgeniy/Projects/VocalAssistant/datasets/VocalSet/FULL/male4/arpeggios/slow_forte/m4_arpeggios_f_slow_forte_o.wav,9.15124716553288,male4,male
m4_arpeggios_f_slow_piano_a,Male,m4,Slow_Legato_Piano,Arpeggio,a,9.56662,/home/evgeniy/Projects/VocalAssistant/datasets/VocalSet/FULL/male4/arpeggios/slow_piano/m4_arpeggios_f_slow_piano_a.wav,9.582403628117914,male4,male
m4_arpeggios_f_slow_piano_e,Male,m4,Slow_Legato_Piano,Arpeggio,e,9.82204,/home/evgeniy/Projects/VocalAssistant/datasets/VocalSet/FULL/male4/arpeggios/slow_piano/m4_arpeggios_f_slow_piano_e.wav,9.834580498866211,male4,male
m4_arpeggios_f_slow_piano_i,Male,m4,Slow_Legato_Piano,Arpeggio,i,8.70748,/home/evgeniy/Projects/VocalAssistant/datasets/VocalSet/FULL/male4/arpeggios/slow_piano/m4_arpeggios_f_slow_piano_i.wav,8.725034013605443,male4,male
m4_arpeggios_f_slow_piano_o,Male,m4,Slow_Legato_Piano,Arpeggio,o,9.56662,/home/evgeniy/Projects/VocalAssistant/datasets/VocalSet/FULL/male4/arpeggios/slow_piano/m4_arpeggios_f_slow_piano_o.wav,9.582426303854875,male4,male
m4_arpeggios_f_slow_piano_u,Male,m4,Slow_Legato_Piano,Arpeggio,u,9.98458,/home/evgeniy/Projects/VocalAssistant/datasets/VocalSet/FULL/male4/arpeggios/slow_piano/m4_arpeggios_f_slow_piano_u.wav,9.985873015873016,male4,male
m4_arpeggios_lip_trill_a,Male,m4,Lip_Trill,Arpeggio,a,8.17342,/home/evgeniy/Projects/VocalAssistant/datasets/VocalSet/FULL/male4/arpeggios/lip_trill/m4_arpeggios_lip_trill_a.wav,8.193786848072563,male4,male
m4_arpeggios_lip_trill_e,Male,m4,Lip_Trill,Arpeggio,e,7.96444,/home/evgeniy/Projects/VocalAssistant/datasets/VocalSet/FULL/male4/arpeggios/lip_trill/m4_arpeggios_lip_trill_e.wav,7.985827664399093,male4,male
m4_arpeggios_lip_trill_i,Male,m4,Lip_Trill,Arpeggio,i,7.8019,/home/evgeniy/Projects/VocalAssistant/datasets/VocalSet/FULL/male4/arpeggios/lip_trill/m4_arpeggios_lip_trill_i.wav,7.819455782312925,male4,male
m4_arpeggios_lip_trill_o,Male,m4,Lip_Trill,Arpeggio,o,7.6858,/home/evgeniy/Projects/VocalAssistant/datasets/VocalSet/FULL/male4/arpeggios/lip_trill/m4_arpeggios_lip_trill_o.wav,7.694671201814059,male4,male
m4_arpeggios_lip_trill_u,Male,m4,Lip_Trill,Arpeggio,u,7.31429,/home/evgeniy/Projects/VocalAssistant/datasets/VocalSet/FULL/male4/arpeggios/lip_trill/m4_arpeggios_lip_trill_u.wav,7.320340136054422,male4,male
m4_arpeggios_straight_a,Male,m4,Slow_StraightTone,Arpeggio,a,8.0341,/home/evgeniy/Projects/VocalAssistant/datasets/VocalSet/FULL/male4/arpeggios/straight/m4_arpeggios_straight_a.wav,8.041292517006802,male4,male
m4_arpeggios_straight_e,Male,m4,Slow_StraightTone,Arpeggio,e,7.87156,/home/evgeniy/Projects/VocalAssistant/datasets/VocalSet/FULL/male4/arpeggios/straight/m4_arpeggios_straight_e.wav,7.879410430839002,male4,male
m4_arpeggios_straight_i,Male,m4,Slow_StraightTone,Arpeggio,i,7.96444,/home/evgeniy/Projects/VocalAssistant/datasets/VocalSet/FULL/male4/arpeggios/straight/m4_arpeggios_straight_i.wav,7.987324263038548,male4,male
m4_arpeggios_straight_o,Male,m4,Slow_StraightTone,Arpeggio,o,7.59293,/home/evgeniy/Projects/VocalAssistant/datasets/VocalSet/FULL/male4/arpeggios/straight/m4_arpeggios_straight_o.wav,7.609546485260771,male4,male
m4_arpeggios_straight_u,Male,m4,Slow_StraightTone,Arpeggio,u,7.22141,/home/evgeniy/Projects/VocalAssistant/datasets/VocalSet/FULL/male4/arpeggios/straight/m4_arpeggios_straight_u.wav,7.231768707482993,male4,male
m4_arpeggios_vibrato_a,Male,m4,Slow_MoltoVibrato,Arpeggio,a,8.7307,/home/evgeniy/Projects/VocalAssistant/datasets/VocalSet/FULL/male4/arpeggios/vibrato/m4_arpeggios_vibrato_a.wav,8.749365079365079,male4,male
m4_arpeggios_vibrato_e,Male,m4,Slow_MoltoVibrato,Arpeggio,e,7.75546,/home/evgeniy/Projects/VocalAssistant/datasets/VocalSet/FULL/male4/arpeggios/vibrato/m4_arpeggios_vibrato_e.wav,7.772267573696145,male4,male
m4_arpeggios_vibrato_i,Male,m4,Slow_MoltoVibrato,Arpeggio,i,8.19664,/home/evgeniy/Projects/VocalAssistant/datasets/VocalSet/FULL/male4/arpeggios/vibrato/m4_arpeggios_vibrato_i.wav,8.21639455782313,male4,male
m4_arpeggios_vibrato_o,Male,m4,Slow_MoltoVibrato,Arpeggio,o,8.24308,/home/evgeniy/Projects/VocalAssistant/datasets/VocalSet/FULL/male4/arpeggios/vibrato/m4_arpeggios_vibrato_o.wav,8.260816326530612,male4,male
m4_arpeggios_vibrato_u,Male,m4,Slow_MoltoVibrato,Arpeggio,u,8.68426,/home/evgeniy/Projects/VocalAssistant/datasets/VocalSet/FULL/male4/arpeggios/vibrato/m4_arpeggios_vibrato_u.wav,8.704943310657596,male4,male
m4_caro_straight,Male,m4,StraightTone,MusicalExcerp_Caro,,32.50794,/home/evgeniy/Projects/VocalAssistant/datasets/VocalSet/FULL/male4/excerpts/straight/m4_caro_straight.wav,32.511655328798184,male4,male
m4_caro_vibrato,Male,m4,MoltoVibrato,MusicalExcerp_Caro,o,34.55129,/home/evgeniy/Projects/VocalAssistant/datasets/VocalSet/FULL/male4/excerpts/vibrato/m4_caro_vibrato.wav,34.565827664399094,male4,male
m4_dona_straight,Male,m4,StraightTone,MusicalExcerp_Dona,,15.97533,/home/evgeniy/Projects/VocalAssistant/datasets/VocalSet/FULL/male4/excerpts/straight/m4_dona_straight.wav,15.997573696145125,male4,male
m4_dona_vibrato,Male,m4,MoltoVibrato,MusicalExcerp_Dona,o,17.85615,/home/evgeniy/Projects/VocalAssistant/datasets/VocalSet/FULL/male4/excerpts/vibrato/m4_dona_vibrato.wav,17.858707482993196,male4,male
m4_long_forte_a,Male,m4,FullVoice,Long_tones,a,10.79728,/home/evgeniy/Projects/VocalAssistant/datasets/VocalSet/FULL/male4/long_tones/forte/m4_long_forte_a.wav,10.819251700680272,male4,male
m4_long_forte_e,Male,m4,FullVoice,Long_tones,e,10.14712,/home/evgeniy/Projects/VocalAssistant/datasets/VocalSet/FULL/male4/long_tones/forte/m4_long_forte_e.wav,10.149478458049886,male4,male
m4_long_forte_i,Male,m4,FullVoice,Long_tones,i,9.4273,/home/evgeniy/Projects/VocalAssistant/datasets/VocalSet/FULL/male4/long_tones/forte/m4_long_forte_i.wav,9.428208616780044,male4,male
m4_long_forte_o,Male,m4,FullVoice,Long_tones,o,10.24,/home/evgeniy/Projects/VocalAssistant/datasets/VocalSet/FULL/male4/long_tones/forte/m4_long_forte_o.wav,10.25251700680272,male4,male
m4_long_forte_u,Male,m4,FullVoice,Long_tones,u,9.82204,/home/evgeniy/Projects/VocalAssistant/datasets/VocalSet/FULL/male4/long_tones/forte/m4_long_forte_u.wav,9.840340136054422,male4,male
m4_long_messa_a,Male,m4,MessaDiVoce,Long_tones,a,13.44435,/home/evgeniy/Projects/VocalAssistant/datasets/VocalSet/FULL/male4/long_tones/messa/m4_long_messa_a.wav,13.454285714285714,male4,male
m4_long_messa_e,Male,m4,MessaDiVoce,Long_tones,e,10.79728,/home/evgeniy/Projects/VocalAssistant/datasets/VocalSet/FULL/male4/long_tones/messa/m4_long_messa_e.wav,10.798095238095238,male4,male
m4_long_messa_i,Male,m4,MessaDiVoce,Long_tones,i,10.84372,/home/evgeniy/Projects/VocalAssistant/datasets/VocalSet/FULL/male4/long_tones/messa/m4_long_messa_i.wav,10.855827664399094,male4,male
m4_long_messa_o,Male,m4,MessaDiVoce,Long_tones,o,11.42422,/home/evgeniy/Projects/VocalAssistant/datasets/VocalSet/FULL/male4/long_tones/messa/m4_long_messa_o.wav,11.43328798185941,male4,male
m4_long_messa_u,Male,m4,MessaDiVoce,Long_tones,u,10.21678,/home/evgeniy/Projects/VocalAssistant/datasets/VocalSet/FULL/male4/long_tones/messa/m4_long_messa_u.wav,10.22063492063492,male4,male
m4_long_straight_a,Male,m4,StraightTone,Long_tones,a,7.89478,/home/evgeniy/Projects/VocalAssistant/datasets/VocalSet/FULL/male4/long_tones/straight/m4_long_straight_a.wav,7.905510204081633,male4,male
m4_long_straight_e,Male,m4,StraightTone,Long_tones,e,6.94277,/home/evgeniy/Projects/VocalAssistant/datasets/VocalSet/FULL/male4/long_tones/straight/m4_long_straight_e.wav,6.953537414965987,male4,male
m4_long_straight_i,Male,m4,StraightTone,Long_tones,i,7.47683,/home/evgeniy/Projects/VocalAssistant/datasets/VocalSet/FULL/male4/long_tones/straight/m4_long_straight_i.wav,7.491609977324263,male4,male
m4_long_straight_o,Male,m4,StraightTone,Long_tones,o,7.36073,/home/evgeniy/Projects/VocalAssistant/datasets/VocalSet/FULL/male4/long_tones/straight/m4_long_straight_o.wav,7.367414965986394,male4,male
m4_long_straight_u,Male,m4,StraightTone,Long_tones,u,6.45515,/home/evgeniy/Projects/VocalAssistant/datasets/VocalSet/FULL/male4/long_tones/straight/m4_long_straight_u.wav,6.456848072562359,male4,male
m4_long_trill_a,Male,m4,Trill,Long_tones,a,7.918,/home/evgeniy/Projects/VocalAssistant/datasets/VocalSet/FULL/male4/long_tones/trill/m4_long_trill_a.wav,7.931292517006803,male4,male
m4_long_trill_e,Male,m4,Trill,Long_tones,e,7.22141,/home/evgeniy/Projects/VocalAssistant/datasets/VocalSet/FULL/male4/long_tones/trill/m4_long_trill_e.wav,7.226303854875283,male4,male
m4_long_trill_i,Male,m4,Trill,Long_tones,i,7.70902,/home/evgeniy/Projects/VocalAssistant/datasets/VocalSet/FULL/male4/long_tones/trill/m4_long_trill_i.wav,7.7109750566893425,male4,male
m4_long_trill_o,Male,m4,Trill,Long_tones,o,9.1951,/home/evgeniy/Projects/VocalAssistant/datasets/VocalSet/FULL/male4/long_tones/trill/m4_long_trill_o.wav,9.209115646258503,male4,male
m4_long_trill_u,Male,m4,Trill,Long_tones,u,8.8468,/home/evgeniy/Projects/VocalAssistant/datasets/VocalSet/FULL/male4/long_tones/trill/m4_long_trill_u.wav,8.856621315192744,male4,male
m4_long_trillo_a,Male,m4,Trillo,Long_tones,a,7.40717,/home/evgeniy/Projects/VocalAssistant/datasets/VocalSet/FULL/male4/long_tones/trillo/m4_long_trillo_a.wav,7.420702947845805,male4,male
m4_long_trillo_i,Male,m4,Trillo,Long_tones,i,6.36227,/home/evgeniy/Projects/VocalAssistant/datasets/VocalSet/FULL/male4/long_tones/trillo/m4_long_trillo_i.wav,6.378458049886621,male4,male
m4_long_trillo_o,Male,m4,Trillo,Long_tones,o,6.45515,/home/evgeniy/Projects/VocalAssistant/datasets/VocalSet/FULL/male4/long_tones/trillo/m4_long_trillo_o.wav,6.461859410430839,male4,male
m4_long_trillo_u,Male,m4,Trillo,Long_tones,u,5.89787,/home/evgeniy/Projects/VocalAssistant/datasets/VocalSet/FULL/male4/long_tones/trillo/m4_long_trillo_u.wav,5.919886621315193,male4,male
m4_row_straight,Male,m4,StraightTone,MusicalExcerp_RowRow,,12.19048,/home/evgeniy/Projects/VocalAssistant/datasets/VocalSet/FULL/male4/excerpts/straight/m4_row_straight.wav,12.201519274376418,male4,male
m4_scales_belt_a,Male,m4,Belt_Harsh,Scale,a,6.98921,/home/evgeniy/Projects/VocalAssistant/datasets/VocalSet/FULL/male4/scales/belt/m4_scales_belt_a.wav,7.007981859410431,male4,male
m4_scales_belt_e,Male,m4,Belt_Harsh,Scale,e,6.52481,/home/evgeniy/Projects/VocalAssistant/datasets/VocalSet/FULL/male4/scales/belt/m4_scales_belt_e.wav,6.530997732426304,male4,male
m4_scales_belt_i,Male,m4,Belt_Harsh,Scale,i,6.80345,/home/evgeniy/Projects/VocalAssistant/datasets/VocalSet/FULL/male4/scales/belt/m4_scales_belt_i.wav,6.8245124716553285,male4,male
m4_scales_belt_o,Male,m4,Belt_Harsh,Scale,o,6.91955,/home/evgeniy/Projects/VocalAssistant/datasets/VocalSet/FULL/male4/scales/belt/m4_scales_belt_o.wav,6.934580498866213,male4,male
m4_scales_belt_u,Male,m4,Belt_Harsh,Scale,u,6.64091,/home/evgeniy/Projects/VocalAssistant/datasets/VocalSet/FULL/male4/scales/belt/m4_scales_belt_u.wav,6.641065759637188,male4,male
m4_scales_breathy_a,Male,m4,Breathy,Scale,a,7.33751,/home/evgeniy/Projects/VocalAssistant/datasets/VocalSet/FULL/male4/scales/breathy/m4_scales_breathy_a.wav,7.341587301587301,male4,male
m4_scales_breathy_e,Male,m4,Breathy,Scale,e,7.08209,/home/evgeniy/Projects/VocalAssistant/datasets/VocalSet/FULL/male4/scales/breathy/m4_scales_breathy_e.wav,7.094081632653062,male4,male
m4_scales_breathy_i,Male,m4,Breathy,Scale,i,6.66413,/home/evgeniy/Projects/VocalAssistant/datasets/VocalSet/FULL/male4/scales/breathy/m4_scales_breathy_i.wav,6.681655328798186,male4,male
m4_scales_breathy_o,Male,m4,Breathy,Scale,o,6.91955,/home/evgeniy/Projects/VocalAssistant/datasets/VocalSet/FULL/male4/scales/breathy/m4_scales_breathy_o.wav,6.929115646258503,male4,male
m4_scales_breathy_u,Male,m4,Breathy,Scale,u,7.12853,/home/evgeniy/Projects/VocalAssistant/datasets/VocalSet/FULL/male4/scales/breathy/m4_scales_breathy_u.wav,7.135328798185941,male4,male
m4_scales_c_fast_piano_a,Male,m4,Fast_Articulated_Piano,Scale,a,4.55111,/home/evgeniy/Projects/VocalAssistant/datasets/VocalSet/FULL/male4/scales/fast_piano/m4_scales_c_fast_piano_a.wav,4.571950113378684,male4,male
m4_scales_c_fast_piano_e,Male,m4,Fast_Articulated_Piano,Scale,e,4.76009,/home/evgeniy/Projects/VocalAssistant/datasets/VocalSet/FULL/male4/scales/fast_piano/m4_scales_c_fast_piano_e.wav,4.769501133786848,male4,male
m4_scales_c_fast_piano_i,Male,m4,Fast_Articulated_Piano,Scale,i,4.52789,/home/evgeniy/Projects/VocalAssistant/datasets/VocalSet/FULL/male4/scales/fast_piano/m4_scales_c_fast_piano_i.wav,4.543718820861678,male4,male
m4_scales_c_fast_piano_o,Male,m4,Fast_Articulated_Piano,Scale,o,4.64399,/home/evgeniy/Projects/VocalAssistant/datasets/VocalSet/FULL/male4/scales/fast_piano/m4_scales_c_fast_piano_o.wav,4.656598639455782,male4,male
m4_scales_c_fast_piano_u,Male,m4,Fast_Articulated_Piano,Scale,u,4.94585,/home/evgeniy/Projects/VocalAssistant/datasets/VocalSet/FULL/male4/scales/fast_piano/m4_scales_c_fast_piano_u.wav,4.967052154195011,male4,male
m4_scales_c_slow_piano_a,Male,m4,Slow_Legato_Piano,Scale,a,12.86386,/home/evgeniy/Projects/VocalAssistant/datasets/VocalSet/FULL/male4/scales/slow_piano/m4_scales_c_slow_piano_a.wav,12.880204081632654,male4,male
m4_scales_c_slow_piano_e,Male,m4,Slow_Legato_Piano,Scale,e,13.28181,/home/evgeniy/Projects/VocalAssistant/datasets/VocalSet/FULL/male4/scales/slow_piano/m4_scales_c_slow_piano_e.wav,13.289115646258503,male4,male
m4_scales_c_slow_piano_i,Male,m4,Slow_Legato_Piano,Scale,i,13.81587,/home/evgeniy/Projects/VocalAssistant/datasets/VocalSet/FULL/male4/scales/slow_piano/m4_scales_c_slow_piano_i.wav,13.834308390022676,male4,male
m4_scales_c_slow_piano_o,Male,m4,Slow_Legato_Piano,Scale,o,14.23383,/home/evgeniy/Projects/VocalAssistant/datasets/VocalSet/FULL/male4/scales/slow_piano/m4_scales_c_slow_piano_o.wav,14.243197278911564,male4,male
m4_scales_c_slow_piano_u,Male,m4,Slow_Legato_Piano,Scale,u,13.88553,/home/evgeniy/Projects/VocalAssistant/datasets/VocalSet/FULL/male4/scales/slow_piano/m4_scales_c_slow_piano_u.wav,13.902448979591837,male4,male
m4_scales_f_fast_piano_a,Male,m4,Fast_Articulated_Piano,Scale,a,4.45823,/home/evgeniy/Projects/VocalAssistant/datasets/VocalSet/FULL/male4/scales/fast_piano/m4_scales_f_fast_piano_a.wav,4.477868480725624,male4,male
m4_scales_f_fast_piano_e,Male,m4,Fast_Articulated_Piano,Scale,e,4.10993,/home/evgeniy/Projects/VocalAssistant/datasets/VocalSet/FULL/male4/scales/fast_piano/m4_scales_f_fast_piano_e.wav,4.126666666666667,male4,male
m4_scales_f_fast_piano_i,Male,m4,Fast_Articulated_Piano,Scale,i,4.22603,/home/evgeniy/Projects/VocalAssistant/datasets/VocalSet/FULL/male4/scales/fast_piano/m4_scales_f_fast_piano_i.wav,4.243718820861678,male4,male
m4_scales_f_fast_piano_o,Male,m4,Fast_Articulated_Piano,Scale,o,5.01551,/home/evgeniy/Projects/VocalAssistant/datasets/VocalSet/FULL/male4/scales/fast_piano/m4_scales_f_fast_piano_o.wav,5.033945578231292,male4,male
m4_scales_f_fast_piano_u,Male,m4,Fast_Articulated_Piano,Scale,u,5.01551,/home/evgeniy/Projects/VocalAssistant/datasets/VocalSet/FULL/male4/scales/fast_piano/m4_scales_f_fast_piano_u.wav,5.033945578231292,male4,male
m4_scales_f_slow_forte_a,Male,m4,Slow_Legato_Forte,Scale,a,15.58059,/home/evgeniy/Projects/VocalAssistant/datasets/VocalSet/FULL/male4/scales/slow_forte/m4_scales_f_slow_forte_a.wav,15.5918820861678,male4,male
m4_scales_f_slow_forte_e,Male,m4,Slow_Legato_Forte,Scale,e,14.79111,/home/evgeniy/Projects/VocalAssistant/datasets/VocalSet/FULL/male4/scales/slow_forte/m4_scales_f_slow_forte_e.wav,14.801519274376416,male4,male
m4_scales_f_slow_forte_u,Male,m4,Slow_Legato_Forte,Scale,u,14.79111,/home/evgeniy/Projects/VocalAssistant/datasets/VocalSet/FULL/male4/scales/slow_forte/m4_scales_f_slow_forte_u.wav,14.801519274376416,male4,male
m4_scales_f_slow_piano_a,Male,m4,Slow_Legato_Piano,Scale,a,14.65179,/home/evgeniy/Projects/VocalAssistant/datasets/VocalSet/FULL/male4/scales/slow_piano/m4_scales_f_slow_piano_a.wav,14.657596371882086,male4,male
m4_scales_f_slow_piano_e,Male,m4,Slow_Legato_Piano,Scale,e,15.55737,/home/evgeniy/Projects/VocalAssistant/datasets/VocalSet/FULL/male4/scales/slow_piano/m4_scales_f_slow_piano_e.wav,15.568956916099774,male4,male
m4_scales_f_slow_piano_i,Male,m4,Slow_Legato_Piano,Scale,i,15.39483,/home/evgeniy/Projects/VocalAssistant/datasets/VocalSet/FULL/male4/scales/slow_piano/m4_scales_f_slow_piano_i.wav,15.417074829931972,male4,male
m4_scales_f_slow_piano_o,Male,m4,Slow_Legato_Piano,Scale,o,16.32363,/home/evgeniy/Projects/VocalAssistant/datasets/VocalSet/FULL/male4/scales/slow_piano/m4_scales_f_slow_piano_o.wav,16.3284126984127,male4,male
m4_scales_f_slow_piano_u,Male,m4,Slow_Legato_Piano,Scale,u,16.92735,/home/evgeniy/Projects/VocalAssistant/datasets/VocalSet/FULL/male4/scales/slow_piano/m4_scales_f_slow_piano_u.wav,16.935986394557823,male4,male
m4_scales_lip_trill_a,Male,m4,Lip_Trill,Scale,a,6.66413,/home/evgeniy/Projects/VocalAssistant/datasets/VocalSet/FULL/male4/scales/lip_trill/m4_scales_lip_trill_a.wav,6.665102040816326,male4,male
m4_scales_lip_trill_e,Male,m4,Lip_Trill,Scale,e,7.33751,/home/evgeniy/Projects/VocalAssistant/datasets/VocalSet/FULL/male4/scales/lip_trill/m4_scales_lip_trill_e.wav,7.358571428571427,male4,male
m4_scales_lip_trill_i,Male,m4,Lip_Trill,Scale,i,7.19819,/home/evgeniy/Projects/VocalAssistant/datasets/VocalSet/FULL/male4/scales/lip_trill/m4_scales_lip_trill_i.wav,7.204467120181406,male4,male
m4_scales_lip_trill_o,Male,m4,Lip_Trill,Scale,o,6.98921,/home/evgeniy/Projects/VocalAssistant/datasets/VocalSet/FULL/male4/scales/lip_trill/m4_scales_lip_trill_o.wav,7.011836734693878,male4,male
m4_scales_lip_trill_u,Male,m4,Lip_Trill,Scale,u,6.87311,/home/evgeniy/Projects/VocalAssistant/datasets/VocalSet/FULL/male4/scales/lip_trill/m4_scales_lip_trill_u.wav,6.89625850340136,male4,male
m4_scales_straight_a,Male,m4,StraightTone,Scale,a,7.03565,/home/evgeniy/Projects/VocalAssistant/datasets/VocalSet/FULL/male4/scales/straight/m4_scales_straight_a.wav,7.037392290249433,male4,male
m4_scales_straight_e,Male,m4,StraightTone,Scale,e,6.94277,/home/evgeniy/Projects/VocalAssistant/datasets/VocalSet/FULL/male4/scales/straight/m4_scales_straight_e.wav,6.962131519274377,male4,male
m4_scales_straight_i,Male,m4,StraightTone,Scale,i,6.75701,/home/evgeniy/Projects/VocalAssistant/datasets/VocalSet/FULL/male4/scales/straight/m4_scales_straight_i.wav,6.7739682539682535,male4,male
m4_scales_straight_o,Male,m4,StraightTone,Scale,o,6.61769,/home/evgeniy/Projects/VocalAssistant/datasets/VocalSet/FULL/male4/scales/straight/m4_scales_straight_o.wav,6.623446712018141,male4,male
m4_scales_straight_u,Male,m4,StraightTone,Scale,u,6.94277,/home/evgeniy/Projects/VocalAssistant/datasets/VocalSet/FULL/male4/scales/straight/m4_scales_straight_u.wav,6.962131519274377,male4,male
m4_scales_vibrato_a,Male,m4,MoltoVibrato,Scale,a,8.08054,/home/evgeniy/Projects/VocalAssistant/datasets/VocalSet/FULL/male4/scales/vibrato/m4_scales_vibrato_a.wav,8.101065759637189,male4,male
m4_scales_vibrato_i,Male,m4,MoltoVibrato,Scale,i,7.6858,/home/evgeniy/Projects/VocalAssistant/datasets/VocalSet/FULL/male4/scales/vibrato/m4_scales_vibrato_i.wav,7.696009070294784,male4,male
m4_scales_vibrato_o,Male,m4,MoltoVibrato,Scale,o,7.8019,/home/evgeniy/Projects/VocalAssistant/datasets/VocalSet/FULL/male4/scales/vibrato/m4_scales_vibrato_o.wav,7.817528344671202,male4,male
m4_scales_vibrato_u,Male,m4,MoltoVibrato,Scale,u,7.8019,/home/evgeniy/Projects/VocalAssistant/datasets/VocalSet/FULL/male4/scales/vibrato/m4_scales_vibrato_u.wav,7.817528344671202,male4,male
m5_arpeggios_belt_a,Male,m5,Belt_Harsh,Arpeggio,a,4.52789,/home/evgeniy/Projects/VocalAssistant/datasets/VocalSet/FULL/male5/arpeggios/belt/m5_arpeggios_belt_a.wav,4.544195011337869,male5,male
m5_arpeggios_belt_e,Male,m5,Belt_Harsh,Arpeggio,e,4.01705,/home/evgeniy/Projects/VocalAssistant/datasets/VocalSet/FULL/male5/arpeggios/belt/m5_arpeggios_belt_e.wav,4.039297052154195,male5,male
m5_arpeggios_belt_i,Male,m5,Belt_Harsh,Arpeggio,i,3.97061,/home/evgeniy/Projects/VocalAssistant/datasets/VocalSet/FULL/male5/arpeggios/belt/m5_arpeggios_belt_i.wav,3.9831972789115646,male5,male
m5_arpeggios_belt_o,Male,m5,Belt_Harsh,Arpeggio,o,4.06349,/home/evgeniy/Projects/VocalAssistant/datasets/VocalSet/FULL/male5/arpeggios/belt/m5_arpeggios_belt_o.wav,4.067324263038548,male5,male
m5_arpeggios_belt_u,Male,m5,Belt_Harsh,Arpeggio,u,3.94739,/home/evgeniy/Projects/VocalAssistant/datasets/VocalSet/FULL/male5/arpeggios/belt/m5_arpeggios_belt_u.wav,3.955124716553288,male5,male
m5_arpeggios_breathy_a,Male,m5,VeryBreathy,Arpeggio,a,6.78023,/home/evgeniy/Projects/VocalAssistant/datasets/VocalSet/FULL/male5/arpeggios/breathy/m5_arpeggios_breathy_a.wav,6.790226757369615,male5,male
m5_arpeggios_breathy_e,Male,m5,VeryBreathy,Arpeggio,e,6.78023,/home/evgeniy/Projects/VocalAssistant/datasets/VocalSet/FULL/male5/arpeggios/breathy/m5_arpeggios_breathy_e.wav,6.790226757369615,male5,male
m5_arpeggios_breathy_i,Male,m5,VeryBreathy,Arpeggio,i,6.68735,/home/evgeniy/Projects/VocalAssistant/datasets/VocalSet/FULL/male5/arpeggios/breathy/m5_arpeggios_breathy_i.wav,6.693219954648527,male5,male
m5_arpeggios_breathy_o,Male,m5,VeryBreathy,Arpeggio,o,6.78023,/home/evgeniy/Projects/VocalAssistant/datasets/VocalSet/FULL/male5/arpeggios/breathy/m5_arpeggios_breathy_o.wav,6.790226757369615,male5,male
m5_arpeggios_breathy_u,Male,m5,VeryBreathy,Arpeggio,u,7.40717,/home/evgeniy/Projects/VocalAssistant/datasets/VocalSet/FULL/male5/arpeggios/breathy/m5_arpeggios_breathy_u.wav,7.420748299319728,male5,male
m5_arpeggios_c_fast_forte_a,Male,m5,Fast_Articulated_Forte,Arpeggio,a,3.39011,/home/evgeniy/Projects/VocalAssistant/datasets/VocalSet/FULL/male5/arpeggios/fast_forte/m5_arpeggios_c_fast_forte_a.wav,3.3975283446712017,male5,male
m5_arpeggios_c_fast_forte_e,Male,m5,Fast_Articulated_Forte,Arpeggio,e,3.25079,/home/evgeniy/Projects/VocalAssistant/datasets/VocalSet/FULL/male5/arpeggios/fast_forte/m5_arpeggios_c_fast_forte_e.wav,3.25140589569161,male5,male
m5_arpeggios_c_fast_forte_i,Male,m5,Fast_Articulated_Forte,Arpeggio,i,3.50621,/home/evgeniy/Projects/VocalAssistant/datasets/VocalSet/FULL/male5/arpeggios/fast_forte/m5_arpeggios_c_fast_forte_i.wav,3.507142857142857,male5,male
m5_arpeggios_c_fast_forte_o,Male,m5,Fast_Articulated_Forte,Arpeggio,o,3.50621,/home/evgeniy/Projects/VocalAssistant/datasets/VocalSet/FULL/male5/arpeggios/fast_forte/m5_arpeggios_c_fast_forte_o.wav,3.507120181405896,male5,male
m5_arpeggios_c_fast_forte_u,Male,m5,Fast_Articulated_Forte,Arpeggio,u,3.71519,/home/evgeniy/Projects/VocalAssistant/datasets/VocalSet/FULL/male5/arpeggios/fast_forte/m5_arpeggios_c_fast_forte_u.wav,3.726326530612245,male5,male
m5_arpeggios_c_fast_piano_a,Male,m5,Fast_Articulated_Piano,Arpeggio,a,4.06349,/home/evgeniy/Projects/VocalAssistant/datasets/VocalSet/FULL/male5/arpeggios/fast_piano/m5_arpeggios_c_fast_piano_a.wav,4.067233560090703,male5,male
m5_arpeggios_c_fast_piano_e,Male,m5,Fast_Articulated_Piano,Arpeggio,e,4.06349,/home/evgeniy/Projects/VocalAssistant/datasets/VocalSet/FULL/male5/arpeggios/fast_piano/m5_arpeggios_c_fast_piano_e.wav,4.067233560090703,male5,male
m5_arpeggios_c_fast_piano_i,Male,m5,Fast_Articulated_Piano,Arpeggio,i,4.24925,/home/evgeniy/Projects/VocalAssistant/datasets/VocalSet/FULL/male5/arpeggios/fast_piano/m5_arpeggios_c_fast_piano_i.wav,4.259387755102041,male5,male
m5_arpeggios_c_fast_piano_o,Male,m5,Fast_Articulated_Piano,Arpeggio,o,4.52789,/home/evgeniy/Projects/VocalAssistant/datasets/VocalSet/FULL/male5/arpeggios/fast_piano/m5_arpeggios_c_fast_piano_o.wav,4.547619047619048,male5,male
m5_arpeggios_c_fast_piano_u,Male,m5,Fast_Articulated_Piano,Arpeggio,u,4.89941,/home/evgeniy/Projects/VocalAssistant/datasets/VocalSet/FULL/male5/arpeggios/fast_piano/m5_arpeggios_c_fast_piano_u.wav,4.899886621315193,male5,male
m5_arpeggios_c_slow_forte_u,Male,m5,Slow_Legato_Forte,Arpeggio,u,8.59138,/home/evgeniy/Projects/VocalAssistant/datasets/VocalSet/FULL/male5/arpeggios/slow_forte/m5_arpeggios_c_slow_forte_u.wav,8.597845804988662,male5,male
m5_arpeggios_c_slow_piano_a,Male,m5,Slow_Legato_Piano,Arpeggio,a,6.03719,/home/evgeniy/Projects/VocalAssistant/datasets/VocalSet/FULL/male5/arpeggios/slow_piano/m5_arpeggios_c_slow_piano_a.wav,6.038526077097505,male5,male
m5_arpeggios_c_slow_piano_e,Male,m5,Slow_Legato_Piano,Arpeggio,e,6.10685,/home/evgeniy/Projects/VocalAssistant/datasets/VocalSet/FULL/male5/arpeggios/slow_piano/m5_arpeggios_c_slow_piano_e.wav,6.126689342403628,male5,male
m5_arpeggios_c_slow_piano_i,Male,m5,Slow_Legato_Piano,Arpeggio,i,7.47683,/home/evgeniy/Projects/VocalAssistant/datasets/VocalSet/FULL/male5/arpeggios/slow_piano/m5_arpeggios_c_slow_piano_i.wav,7.493061224489796,male5,male
m5_arpeggios_c_slow_piano_o,Male,m5,Slow_Legato_Piano,Arpeggio,o,6.87311,/home/evgeniy/Projects/VocalAssistant/datasets/VocalSet/FULL/male5/arpeggios/slow_piano/m5_arpeggios_c_slow_piano_o.wav,6.875986394557823,male5,male
m5_arpeggios_c_slow_piano_u,Male,m5,Slow_Legato_Piano,Arpeggio,u,7.56971,/home/evgeniy/Projects/VocalAssistant/datasets/VocalSet/FULL/male5/arpeggios/slow_piano/m5_arpeggios_c_slow_piano_u.wav,7.581224489795918,male5,male
m5_arpeggios_f_fast_forte_e,Male,m5,Fast_Articulated_Forte,Arpeggio,e,4.43501,/home/evgeniy/Projects/VocalAssistant/datasets/VocalSet/FULL/male5/arpeggios/fast_forte/m5_arpeggios_f_fast_forte_e.wav,4.441360544217687,male5,male
m5_arpeggios_f_fast_forte_i,Male,m5,Fast_Articulated_Forte,Arpeggio,i,4.15637,/home/evgeniy/Projects/VocalAssistant/datasets/VocalSet/FULL/male5/arpeggios/fast_forte/m5_arpeggios_f_fast_forte_i.wav,4.159387755102041,male5,male
m5_arpeggios_f_fast_forte_o,Male,m5,Fast_Articulated_Forte,Arpeggio,o,4.38857,/home/evgeniy/Projects/VocalAssistant/datasets/VocalSet/FULL/male5/arpeggios/fast_forte/m5_arpeggios_f_fast_forte_o.wav,4.40609977324263,male5,male
m5_arpeggios_f_fast_forte_u,Male,m5,Fast_Articulated_Forte,Arpeggio,u,4.64399,/home/evgeniy/Projects/VocalAssistant/datasets/VocalSet/FULL/male5/arpeggios/fast_forte/m5_arpeggios_f_fast_forte_u.wav,4.652857142857143,male5,male
m5_arpeggios_f_fast_piano_a,Male,m5,Fast_Articulated_Piano,Arpeggio,a,3.99383,/home/evgeniy/Projects/VocalAssistant/datasets/VocalSet/FULL/male5/arpeggios/fast_piano/m5_arpeggios_f_fast_piano_a.wav,4.000612244897959,male5,male
m5_arpeggios_f_fast_piano_e,Male,m5,Fast_Articulated_Piano,Arpeggio,e,4.50467,/home/evgeniy/Projects/VocalAssistant/datasets/VocalSet/FULL/male5/arpeggios/fast_piano/m5_arpeggios_f_fast_piano_e.wav,4.510498866213152,male5,male
m5_arpeggios_f_fast_piano_i,Male,m5,Fast_Articulated_Piano,Arpeggio,i,4.29569,/home/evgeniy/Projects/VocalAssistant/datasets/VocalSet/FULL/male5/arpeggios/fast_piano/m5_arpeggios_f_fast_piano_i.wav,4.31437641723356,male5,male
m5_arpeggios_f_fast_piano_o,Male,m5,Fast_Articulated_Piano,Arpeggio,o,4.41179,/home/evgeniy/Projects/VocalAssistant/datasets/VocalSet/FULL/male5/arpeggios/fast_piano/m5_arpeggios_f_fast_piano_o.wav,4.432040816326531,male5,male
m5_arpeggios_f_fast_piano_u,Male,m5,Fast_Articulated_Piano,Arpeggio,u,4.57433,/home/evgeniy/Projects/VocalAssistant/datasets/VocalSet/FULL/male5/arpeggios/fast_piano/m5_arpeggios_f_fast_piano_u.wav,4.588934240362812,male5,male
m5_arpeggios_f_slow_forte_a,Male,m5,Slow_Legato_Forte,Arpeggio,a,8.17342,/home/evgeniy/Projects/VocalAssistant/datasets/VocalSet/FULL/male5/arpeggios/slow_forte/m5_arpeggios_f_slow_forte_a.wav,8.174081632653062,male5,male
m5_arpeggios_f_slow_forte_e,Male,m5,Slow_Legato_Forte,Arpeggio,e,8.10376,/home/evgeniy/Projects/VocalAssistant/datasets/VocalSet/FULL/male5/arpeggios/slow_forte/m5_arpeggios_f_slow_forte_e.wav,8.113537414965986,male5,male
m5_arpeggios_f_slow_forte_u,Male,m5,Slow_Legato_Forte,Arpeggio,u,8.70748,/home/evgeniy/Projects/VocalAssistant/datasets/VocalSet/FULL/male5/arpeggios/slow_forte/m5_arpeggios_f_slow_forte_u.wav,8.719002267573696,male5,male
m5_arpeggios_f_slow_piano_a,Male,m5,Slow_Legato_Piano,Arpeggio,a,6.03719,/home/evgeniy/Projects/VocalAssistant/datasets/VocalSet/FULL/male5/arpeggios/slow_piano/m5_arpeggios_f_slow_piano_a.wav,6.044081632653061,male5,male
m5_arpeggios_f_slow_piano_e,Male,m5,Slow_Legato_Piano,Arpeggio,e,7.66259,/home/evgeniy/Projects/VocalAssistant/datasets/VocalSet/FULL/male5/arpeggios/slow_piano/m5_arpeggios_f_slow_piano_e.wav,7.68312925170068,male5,male
m5_arpeggios_f_slow_piano_i,Male,m5,Slow_Legato_Piano,Arpeggio,i,8.28952,/home/evgeniy/Projects/VocalAssistant/datasets/VocalSet/FULL/male5/arpeggios/slow_piano/m5_arpeggios_f_slow_piano_i.wav,8.29780045351474,male5,male
m5_arpeggios_f_slow_piano_o,Male,m5,Slow_Legato_Piano,Arpeggio,o,7.87156,/home/evgeniy/Projects/VocalAssistant/datasets/VocalSet/FULL/male5/arpeggios/slow_piano/m5_arpeggios_f_slow_piano_o.wav,7.888027210884354,male5,male
m5_arpeggios_f_slow_piano_u,Male,m5,Slow_Legato_Piano,Arpeggio,u,8.0341,/home/evgeniy/Projects/VocalAssistant/datasets/VocalSet/FULL/male5/arpeggios/slow_piano/m5_arpeggios_f_slow_piano_u.wav,8.041678004535147,male5,male
m5_arpeggios_lip_trill_a,Male,m5,Lip_Trill,Arpeggio,a,6.33905,/home/evgeniy/Projects/VocalAssistant/datasets/VocalSet/FULL/male5/arpeggios/lip_trill/m5_arpeggios_lip_trill_a.wav,6.340068027210885,male5,male
m5_arpeggios_lip_trill_e,Male,m5,Lip_Trill,Arpeggio,e,5.36381,/home/evgeniy/Projects/VocalAssistant/datasets/VocalSet/FULL/male5/arpeggios/lip_trill/m5_arpeggios_lip_trill_e.wav,5.367414965986394,male5,male
m5_arpeggios_lip_trill_i,Male,m5,Lip_Trill,Arpeggio,i,5.24771,/home/evgeniy/Projects/VocalAssistant/datasets/VocalSet/FULL/male5/arpeggios/lip_trill/m5_arpeggios_lip_trill_i.wav,5.259387755102041,male5,male
m5_arpeggios_lip_trill_o,Male,m5,Lip_Trill,Arpeggio,o,5.57279,/home/evgeniy/Projects/VocalAssistant/datasets/VocalSet/FULL/male5/arpeggios/lip_trill/m5_arpeggios_lip_trill_o.wav,5.583560090702948,male5,male
m5_arpeggios_lip_trill_u,Male,m5,Lip_Trill,Arpeggio,u,5.52635,/home/evgeniy/Projects/VocalAssistant/datasets/VocalSet/FULL/male5/arpeggios/lip_trill/m5_arpeggios_lip_trill_u.wav,5.547551020408164,male5,male
m5_arpeggios_straight_a,Male,m5,Slow_StraightTone,Arpeggio,a,4.99229,/home/evgeniy/Projects/VocalAssistant/datasets/VocalSet/FULL/male5/arpeggios/straight/m5_arpeggios_straight_a.wav,5.014875283446712,male5,male
m5_arpeggios_straight_e,Male,m5,Slow_StraightTone,Arpeggio,e,5.36381,/home/evgeniy/Projects/VocalAssistant/datasets/VocalSet/FULL/male5/arpeggios/straight/m5_arpeggios_straight_e.wav,5.3782539682539685,male5,male
m5_arpeggios_straight_i,Male,m5,Slow_StraightTone,Arpeggio,i,5.50313,/home/evgeniy/Projects/VocalAssistant/datasets/VocalSet/FULL/male5/arpeggios/straight/m5_arpeggios_straight_i.wav,5.523628117913832,male5,male
m5_arpeggios_straight_o,Male,m5,Slow_StraightTone,Arpeggio,o,5.43347,/home/evgeniy/Projects/VocalAssistant/datasets/VocalSet/FULL/male5/arpeggios/straight/m5_arpeggios_straight_o.wav,5.450952380952381,male5,male
m5_arpeggios_straight_u,Male,m5,Slow_StraightTone,Arpeggio,u,5.66567,/home/evgeniy/Projects/VocalAssistant/datasets/VocalSet/FULL/male5/arpeggios/straight/m5_arpeggios_straight_u.wav,5.669002267573696,male5,male
m5_arpeggios_vibrato_a,Male,m5,Slow_MoltoVibrato,Arpeggio,a,8.21986,/home/evgeniy/Projects/VocalAssistant/datasets/VocalSet/FULL/male5/arpeggios/vibrato/m5_arpeggios_vibrato_a.wav,8.241791383219955,male5,male
m5_arpeggios_vibrato_e,Male,m5,Slow_MoltoVibrato,Arpeggio,e,8.17342,/home/evgeniy/Projects/VocalAssistant/datasets/VocalSet/FULL/male5/arpeggios/vibrato/m5_arpeggios_vibrato_e.wav,8.191836734693878,male5,male
m5_arpeggios_vibrato_i,Male,m5,Slow_MoltoVibrato,Arpeggio,i,8.52172,/home/evgeniy/Projects/VocalAssistant/datasets/VocalSet/FULL/male5/arpeggios/vibrato/m5_arpeggios_vibrato_i.wav,8.541496598639457,male5,male
m5_arpeggios_vibrato_o,Male,m5,Slow_MoltoVibrato,Arpeggio,o,8.3824,/home/evgeniy/Projects/VocalAssistant/datasets/VocalSet/FULL/male5/arpeggios/vibrato/m5_arpeggios_vibrato_o.wav,8.391632653061224,male5,male
m5_arpeggios_vibrato_u,Male,m5,Slow_MoltoVibrato,Arpeggio,u,8.68426,/home/evgeniy/Projects/VocalAssistant/datasets/VocalSet/FULL/male5/arpeggios/vibrato/m5_arpeggios_vibrato_u.wav,8.691337868480726,male5,male
m5_caro_straight,Male,m5,StraightTone,MusicalExcerp_Caro,,42.44608,/home/evgeniy/Projects/VocalAssistant/datasets/VocalSet/FULL/male5/excerpts/straight/m5_caro_straight.wav,42.446780045351474,male5,male
m5_caro_vibrato,Male,m5,MoltoVibrato,MusicalExcerp_Caro,o,41.72626,/home/evgeniy/Projects/VocalAssistant/datasets/VocalSet/FULL/male5/excerpts/vibrato/m5_caro_vibrato.wav,41.73249433106576,male5,male
m5_dona_straight,Male,m5,StraightTone,MusicalExcerp_Dona,,17.97225,/home/evgeniy/Projects/VocalAssistant/datasets/VocalSet/FULL/male5/excerpts/straight/m5_dona_straight.wav,17.99419501133787,male5,male
m5_dona_vibrato,Male,m5,MoltoVibrato,MusicalExcerp_Dona,o,18.7385,/home/evgeniy/Projects/VocalAssistant/datasets/VocalSet/FULL/male5/excerpts/vibrato/m5_dona_vibrato.wav,18.7418820861678,male5,male
m5_long_forte_a,Male,m5,FullVoice,Long_tones,a,9.47374,/home/evgeniy/Projects/VocalAssistant/datasets/VocalSet/FULL/male5/long_tones/forte/m5_long_forte_a.wav,9.490158730158733,male5,male
m5_long_forte_e,Male,m5,FullVoice,Long_tones,e,9.10222,/home/evgeniy/Projects/VocalAssistant/datasets/VocalSet/FULL/male5/long_tones/forte/m5_long_forte_e.wav,9.106167800453514,male5,male
m5_long_forte_i,Male,m5,FullVoice,Long_tones,i,9.14866,/home/evgeniy/Projects/VocalAssistant/datasets/VocalSet/FULL/male5/long_tones/forte/m5_long_forte_i.wav,9.161020408163266,male5,male
m5_long_forte_o,Male,m5,FullVoice,Long_tones,o,9.10222,/home/evgeniy/Projects/VocalAssistant/datasets/VocalSet/FULL/male5/long_tones/forte/m5_long_forte_o.wav,9.106167800453514,male5,male
m5_long_forte_u,Male,m5,FullVoice,Long_tones,u,9.75238,/home/evgeniy/Projects/VocalAssistant/datasets/VocalSet/FULL/male5/long_tones/forte/m5_long_forte_u.wav,9.764444444444443,male5,male
m5_long_messa_a,Male,m5,MessaDiVoce,Long_tones,a,19.87628,/home/evgeniy/Projects/VocalAssistant/datasets/VocalSet/FULL/male5/long_tones/messa/m5_long_messa_a.wav,19.885691609977325,male5,male
m5_long_messa_e,Male,m5,MessaDiVoce,Long_tones,e,19.87628,/home/evgeniy/Projects/VocalAssistant/datasets/VocalSet/FULL/male5/long_tones/messa/m5_long_messa_e.wav,19.885691609977325,male5,male
m5_long_messa_i,Male,m5,MessaDiVoce,Long_tones,i,18.76172,/home/evgeniy/Projects/VocalAssistant/datasets/VocalSet/FULL/male5/long_tones/messa/m5_long_messa_i.wav,18.78095238095238,male5,male
m5_long_messa_o,Male,m5,MessaDiVoce,Long_tones,o,18.87782,/home/evgeniy/Projects/VocalAssistant/datasets/VocalSet/FULL/male5/long_tones/messa/m5_long_messa_o.wav,18.88136054421769,male5,male
m5_long_messa_u,Male,m5,MessaDiVoce,Long_tones,u,19.57442,/home/evgeniy/Projects/VocalAssistant/datasets/VocalSet/FULL/male5/long_tones/messa/m5_long_messa_u.wav,19.58437641723356,male5,male
m5_long_straight_a,Male,m5,StraightTone,Long_tones,a,9.58984,/home/evgeniy/Projects/VocalAssistant/datasets/VocalSet/FULL/male5/long_tones/straight/m5_long_straight_a.wav,9.591791383219954,male5,male
m5_long_straight_e,Male,m5,StraightTone,Long_tones,e,9.26476,/home/evgeniy/Projects/VocalAssistant/datasets/VocalSet/FULL/male5/long_tones/straight/m5_long_straight_e.wav,9.28485260770975,male5,male
m5_long_straight_i,Male,m5,StraightTone,Long_tones,i,8.0341,/home/evgeniy/Projects/VocalAssistant/datasets/VocalSet/FULL/male5/long_tones/straight/m5_long_straight_i.wav,8.057097505668935,male5,male
m5_long_straight_o,Male,m5,StraightTone,Long_tones,o,8.9629,/home/evgeniy/Projects/VocalAssistant/datasets/VocalSet/FULL/male5/long_tones/straight/m5_long_straight_o.wav,8.977913832199546,male5,male
m5_long_straight_u,Male,m5,StraightTone,Long_tones,u,10.79728,/home/evgeniy/Projects/VocalAssistant/datasets/VocalSet/FULL/male5/long_tones/straight/m5_long_straight_u.wav,10.819546485260773,male5,male
m5_long_trill_a,Male,m5,Trill,Long_tones,a,20.96762,/home/evgeniy/Projects/VocalAssistant/datasets/VocalSet/FULL/male5/long_tones/trill/m5_long_trill_a.wav,20.98621315192744,male5,male
m5_long_trill_e,Male,m5,Trill,Long_tones,e,19.94594,/home/evgeniy/Projects/VocalAssistant/datasets/VocalSet/FULL/male5/long_tones/trill/m5_long_trill_e.wav,19.95408163265306,male5,male
m5_long_trill_i,Male,m5,Trill,Long_tones,i,20.85152,/home/evgeniy/Projects/VocalAssistant/datasets/VocalSet/FULL/male5/long_tones/trill/m5_long_trill_i.wav,20.87154195011338,male5,male
m5_long_trill_o,Male,m5,Trill,Long_tones,o,20.61932,/home/evgeniy/Projects/VocalAssistant/datasets/VocalSet/FULL/male5/long_tones/trill/m5_long_trill_o.wav,20.642154195011337,male5,male
m5_long_trill_u,Male,m5,Trill,Long_tones,u,21.54812,/home/evgeniy/Projects/VocalAssistant/datasets/VocalSet/FULL/male5/long_tones/trill/m5_long_trill_u.wav,21.55961451247165,male5,male
m5_long_trillo_e,Male,m5,Trillo,Long_tones,e,7.31429,/home/evgeniy/Projects/VocalAssistant/datasets/VocalSet/FULL/male5/long_tones/trillo/m5_long_trillo_e.wav,7.324399092970522,male5,male
m5_long_trillo_i,Male,m5,Trillo,Long_tones,i,6.80345,/home/evgeniy/Projects/VocalAssistant/datasets/VocalSet/FULL/male5/long_tones/trillo/m5_long_trillo_i.wav,6.814489795918368,male5,male
m5_long_trillo_o,Male,m5,Trillo,Long_tones,o,6.84989,/home/evgeniy/Projects/VocalAssistant/datasets/VocalSet/FULL/male5/long_tones/trillo/m5_long_trillo_o.wav,6.860839002267574,male5,male
m5_long_trillo_u,Male,m5,Trillo,Long_tones,u,6.01397,/home/evgeniy/Projects/VocalAssistant/datasets/VocalSet/FULL/male5/long_tones/trillo/m5_long_trillo_u.wav,6.026417233560091,male5,male
m5_row_straight,Male,m5,StraightTone,MusicalExcerp_RowRow,,11.8654,/home/evgeniy/Projects/VocalAssistant/datasets/VocalSet/FULL/male5/excerpts/straight/m5_row_straight.wav,11.88108843537415,male5,male
m5_row_vibrato,Male,m5,MoltoVibrato,MusicalExcerp_RowRow,o,12.74776,/home/evgeniy/Projects/VocalAssistant/datasets/VocalSet/FULL/male5/excerpts/vibrato/m5_row_vibrato.wav,12.75421768707483,male5,male
m5_scales_belt_a,Male,m5,Belt_Harsh,Scale,a,5.57279,/home/evgeniy/Projects/VocalAssistant/datasets/VocalSet/FULL/male5/scales/belt/m5_scales_belt_a.wav,5.592086167800454,male5,male
m5_scales_belt_e,Male,m5,Belt_Harsh,Scale,e,5.38703,/home/evgeniy/Projects/VocalAssistant/datasets/VocalSet/FULL/male5/scales/belt/m5_scales_belt_e.wav,5.388730158730159,male5,male
m5_scales_belt_i,Male,m5,Belt_Harsh,Scale,i,5.43347,/home/evgeniy/Projects/VocalAssistant/datasets/VocalSet/FULL/male5/scales/belt/m5_scales_belt_i.wav,5.456507936507936,male5,male
m5_scales_belt_o,Male,m5,Belt_Harsh,Scale,o,5.24771,/home/evgeniy/Projects/VocalAssistant/datasets/VocalSet/FULL/male5/scales/belt/m5_scales_belt_o.wav,5.253174603174603,male5,male
m5_scales_belt_u,Male,m5,Belt_Harsh,Scale,u,5.50313,/home/evgeniy/Projects/VocalAssistant/datasets/VocalSet/FULL/male5/scales/belt/m5_scales_belt_u.wav,5.524308390022676,male5,male
m5_scales_breathy_a,Male,m5,Breathy,Scale,a,7.01243,/home/evgeniy/Projects/VocalAssistant/datasets/VocalSet/FULL/male5/scales/breathy/m5_scales_breathy_a.wav,7.018616780045352,male5,male
m5_scales_breathy_e,Male,m5,Breathy,Scale,e,6.61769,/home/evgeniy/Projects/VocalAssistant/datasets/VocalSet/FULL/male5/scales/breathy/m5_scales_breathy_e.wav,6.640362811791383,male5,male
m5_scales_breathy_i,Male,m5,Breathy,Scale,i,7.47683,/home/evgeniy/Projects/VocalAssistant/datasets/VocalSet/FULL/male5/scales/breathy/m5_scales_breathy_i.wav,7.480907029478458,male5,male
m5_scales_breathy_o,Male,m5,Breathy,Scale,o,7.05887,/home/evgeniy/Projects/VocalAssistant/datasets/VocalSet/FULL/male5/scales/breathy/m5_scales_breathy_o.wav,7.060634920634921,male5,male
m5_scales_breathy_u,Male,m5,Breathy,Scale,u,7.17497,/home/evgeniy/Projects/VocalAssistant/datasets/VocalSet/FULL/male5/scales/breathy/m5_scales_breathy_u.wav,7.1867120181405895,male5,male
m5_scales_c_fast_forte_a,Male,m5,Fast_Articulated_Forte,Scale,a,5.82821,/home/evgeniy/Projects/VocalAssistant/datasets/VocalSet/FULL/male5/scales/fast_forte/m5_scales_c_fast_forte_a.wav,5.846439909297052,male5,male
m5_scales_c_fast_forte_e,Male,m5,Fast_Articulated_Forte,Scale,e,6.54803,/home/evgeniy/Projects/VocalAssistant/datasets/VocalSet/FULL/male5/scales/fast_forte/m5_scales_c_fast_forte_e.wav,6.5567573696145125,male5,male
m5_scales_c_fast_forte_i,Male,m5,Fast_Articulated_Forte,Scale,i,6.38549,/home/evgeniy/Projects/VocalAssistant/datasets/VocalSet/FULL/male5/scales/fast_forte/m5_scales_c_fast_forte_i.wav,6.39281179138322,male5,male
m5_scales_c_fast_forte_o,Male,m5,Fast_Articulated_Forte,Scale,o,6.31583,/home/evgeniy/Projects/VocalAssistant/datasets/VocalSet/FULL/male5/scales/fast_forte/m5_scales_c_fast_forte_o.wav,6.338185941043084,male5,male
m5_scales_c_fast_forte_u,Male,m5,Fast_Articulated_Forte,Scale,u,7.15175,/home/evgeniy/Projects/VocalAssistant/datasets/VocalSet/FULL/male5/scales/fast_forte/m5_scales_c_fast_forte_u.wav,7.15780045351474,male5,male
m5_scales_c_fast_piano_a,Male,m5,Fast_Articulated_Piano,Scale,a,6.17651,/home/evgeniy/Projects/VocalAssistant/datasets/VocalSet/FULL/male5/scales/fast_piano/m5_scales_c_fast_piano_a.wav,6.178571428571429,male5,male
m5_scales_c_fast_piano_e,Male,m5,Fast_Articulated_Piano,Scale,e,6.13007,/home/evgeniy/Projects/VocalAssistant/datasets/VocalSet/FULL/male5/scales/fast_piano/m5_scales_c_fast_piano_e.wav,6.137913832199547,male5,male
m5_scales_c_fast_piano_i,Male,m5,Fast_Articulated_Piano,Scale,i,5.75855,/home/evgeniy/Projects/VocalAssistant/datasets/VocalSet/FULL/male5/scales/fast_piano/m5_scales_c_fast_piano_i.wav,5.772086167800453,male5,male
m5_scales_c_fast_piano_o,Male,m5,Fast_Articulated_Piano,Scale,o,6.08363,/home/evgeniy/Projects/VocalAssistant/datasets/VocalSet/FULL/male5/scales/fast_piano/m5_scales_c_fast_piano_o.wav,6.097256235827665,male5,male
m5_scales_c_fast_piano_u,Male,m5,Fast_Articulated_Piano,Scale,u,5.87465,/home/evgeniy/Projects/VocalAssistant/datasets/VocalSet/FULL/male5/scales/fast_piano/m5_scales_c_fast_piano_u.wav,5.894013605442177,male5,male
m5_scales_c_slow_piano_a,Male,m5,Slow_Legato_Piano,Scale,a,7.31429,/home/evgeniy/Projects/VocalAssistant/datasets/VocalSet/FULL/male5/scales/slow_piano/m5_scales_c_slow_piano_a.wav,7.335578231292517,male5,male
m5_scales_c_slow_piano_e,Male,m5,Slow_Legato_Piano,Scale,e,8.28952,/home/evgeniy/Projects/VocalAssistant/datasets/VocalSet/FULL/male5/scales/slow_piano/m5_scales_c_slow_piano_e.wav,8.292403628117913,male5,male
m5_scales_c_slow_piano_i,Male,m5,Slow_Legato_Piano,Scale,i,9.40408,/home/evgeniy/Projects/VocalAssistant/datasets/VocalSet/FULL/male5/scales/slow_piano/m5_scales_c_slow_piano_i.wav,9.408684807256236,male5,male
m5_scales_c_slow_piano_o,Male,m5,Slow_Legato_Piano,Scale,o,9.079,/home/evgeniy/Projects/VocalAssistant/datasets/VocalSet/FULL/male5/scales/slow_piano/m5_scales_c_slow_piano_o.wav,9.089727891156462,male5,male
m5_scales_c_slow_piano_u,Male,m5,Slow_Legato_Piano,Scale,u,9.86848,/home/evgeniy/Projects/VocalAssistant/datasets/VocalSet/FULL/male5/scales/slow_piano/m5_scales_c_slow_piano_u.wav,9.887074829931972,male5,male
m5_scales_f_fast_forte_a,Male,m5,Fast_Articulated_Forte,Scale,a,5.45669,/home/evgeniy/Projects/VocalAssistant/datasets/VocalSet/FULL/male5/scales/fast_forte/m5_scales_f_fast_forte_a.wav,5.463242630385488,male5,male
m5_scales_f_fast_forte_e,Male,m5,Fast_Articulated_Forte,Scale,e,5.96753,/home/evgeniy/Projects/VocalAssistant/datasets/VocalSet/FULL/male5/scales/fast_forte/m5_scales_f_fast_forte_e.wav,5.989342403628118,male5,male
m5_scales_f_fast_forte_i,Male,m5,Fast_Articulated_Forte,Scale,i,6.50159,/home/evgeniy/Projects/VocalAssistant/datasets/VocalSet/FULL/male5/scales/fast_forte/m5_scales_f_fast_forte_i.wav,6.5154195011337865,male5,male
m5_scales_f_fast_forte_o,Male,m5,Fast_Articulated_Forte,Scale,o,6.43193,/home/evgeniy/Projects/VocalAssistant/datasets/VocalSet/FULL/male5/scales/fast_forte/m5_scales_f_fast_forte_o.wav,6.434489795918368,male5,male
m5_scales_f_fast_forte_u,Male,m5,Fast_Articulated_Forte,Scale,u,6.22295,/home/evgeniy/Projects/VocalAssistant/datasets/VocalSet/FULL/male5/scales/fast_forte/m5_scales_f_fast_forte_u.wav,6.232154195011338,male5,male
m5_scales_f_fast_piano_a,Male,m5,Fast_Articulated_Piano,Scale,a,7.33751,/home/evgeniy/Projects/VocalAssistant/datasets/VocalSet/FULL/male5/scales/fast_piano/m5_scales_f_fast_piano_a.wav,7.349954648526077,male5,male
m5_scales_f_fast_piano_e,Male,m5,Fast_Articulated_Piano,Scale,e,8.01088,/home/evgeniy/Projects/VocalAssistant/datasets/VocalSet/FULL/male5/scales/fast_piano/m5_scales_f_fast_piano_e.wav,8.01814058956916,male5,male
m5_scales_f_fast_piano_i,Male,m5,Fast_Articulated_Piano,Scale,i,6.73379,/home/evgeniy/Projects/VocalAssistant/datasets/VocalSet/FULL/male5/scales/fast_piano/m5_scales_f_fast_piano_i.wav,6.74859410430839,male5,male
m5_scales_f_fast_piano_o,Male,m5,Fast_Articulated_Piano,Scale,o,7.19819,/home/evgeniy/Projects/VocalAssistant/datasets/VocalSet/FULL/male5/scales/fast_piano/m5_scales_f_fast_piano_o.wav,7.216326530612245,male5,male
m5_scales_f_fast_piano_u,Male,m5,Fast_Articulated_Piano,Scale,u,7.54649,/home/evgeniy/Projects/VocalAssistant/datasets/VocalSet/FULL/male5/scales/fast_piano/m5_scales_f_fast_piano_u.wav,7.550408163265306,male5,male
m5_scales_f_slow_forte_i,Male,m5,Slow_Legato_Forte,Scale,i,12.14404,/home/evgeniy/Projects/VocalAssistant/datasets/VocalSet/FULL/male5/scales/slow_forte/m5_scales_f_slow_forte_i.wav,12.146054421768708,male5,male
m5_scales_f_slow_forte_o,Male,m5,Slow_Legato_Forte,Scale,o,13.00318,/home/evgeniy/Projects/VocalAssistant/datasets/VocalSet/FULL/male5/scales/slow_forte/m5_scales_f_slow_forte_o.wav,13.006802721088436,male5,male
m5_scales_f_slow_piano_a,Male,m5,Slow_Legato_Piano,Scale,a,11.07592,/home/evgeniy/Projects/VocalAssistant/datasets/VocalSet/FULL/male5/scales/slow_piano/m5_scales_f_slow_piano_a.wav,11.08172335600907,male5,male
m5_scales_f_slow_piano_e,Male,m5,Slow_Legato_Piano,Scale,e,11.19202,/home/evgeniy/Projects/VocalAssistant/datasets/VocalSet/FULL/male5/scales/slow_piano/m5_scales_f_slow_piano_e.wav,11.207687074829932,male5,male
m5_scales_f_slow_piano_i,Male,m5,Slow_Legato_Piano,Scale,i,13.14249,/home/evgeniy/Projects/VocalAssistant/datasets/VocalSet/FULL/male5/scales/slow_piano/m5_scales_f_slow_piano_i.wav,13.159569160997732,male5,male
m5_scales_f_slow_piano_o,Male,m5,Slow_Legato_Piano,Scale,o,11.88862,/home/evgeniy/Projects/VocalAssistant/datasets/VocalSet/FULL/male5/scales/slow_piano/m5_scales_f_slow_piano_o.wav,11.900272108843538,male5,male
m5_scales_f_slow_piano_u,Male,m5,Slow_Legato_Piano,Scale,u,12.26014,/home/evgeniy/Projects/VocalAssistant/datasets/VocalSet/FULL/male5/scales/slow_piano/m5_scales_f_slow_piano_u.wav,12.278072562358275,male5,male
m5_scales_lip_trill_a,Male,m5,Lip_Trill,Scale,a,7.54649,/home/evgeniy/Projects/VocalAssistant/datasets/VocalSet/FULL/male5/scales/lip_trill/m5_scales_lip_trill_a.wav,7.567823129251701,male5,male
m5_scales_lip_trill_e,Male,m5,Lip_Trill,Scale,e,7.50005,/home/evgeniy/Projects/VocalAssistant/datasets/VocalSet/FULL/male5/scales/lip_trill/m5_scales_lip_trill_e.wav,7.522244897959184,male5,male
m5_scales_lip_trill_i,Male,m5,Lip_Trill,Scale,i,7.45361,/home/evgeniy/Projects/VocalAssistant/datasets/VocalSet/FULL/male5/scales/lip_trill/m5_scales_lip_trill_i.wav,7.476666666666667,male5,male
m5_scales_lip_trill_o,Male,m5,Lip_Trill,Scale,o,7.73224,/home/evgeniy/Projects/VocalAssistant/datasets/VocalSet/FULL/male5/scales/lip_trill/m5_scales_lip_trill_o.wav,7.750181405895692,male5,male
m5_scales_lip_trill_u,Male,m5,Lip_Trill,Scale,u,7.50005,/home/evgeniy/Projects/VocalAssistant/datasets/VocalSet/FULL/male5/scales/lip_trill/m5_scales_lip_trill_u.wav,7.522244897959184,male5,male
m5_scales_straight_a,Male,m5,StraightTone,Scale,a,5.89787,/home/evgeniy/Projects/VocalAssistant/datasets/VocalSet/FULL/male5/scales/straight/m5_scales_straight_a.wav,5.916258503401361,male5,male
m5_scales_straight_e,Male,m5,StraightTone,Scale,e,6.38549,/home/evgeniy/Projects/VocalAssistant/datasets/VocalSet/FULL/male5/scales/straight/m5_scales_straight_e.wav,6.389546485260771,male5,male
m5_scales_straight_i,Male,m5,StraightTone,Scale,i,6.29261,/home/evgeniy/Projects/VocalAssistant/datasets/VocalSet/FULL/male5/scales/straight/m5_scales_straight_i.wav,6.310680272108844,male5,male
m5_scales_straight_o,Male,m5,StraightTone,Scale,o,6.26939,/home/evgeniy/Projects/VocalAssistant/datasets/VocalSet/FULL/male5/scales/straight/m5_scales_straight_o.wav,6.271224489795919,male5,male
m5_scales_straight_u,Male,m5,StraightTone,Scale,u,6.84989,/home/evgeniy/Projects/VocalAssistant/datasets/VocalSet/FULL/male5/scales/straight/m5_scales_straight_u.wav,6.862857142857143,male5,male
m5_scales_vibrato_a,Male,m5,MoltoVibrato,Scale,a,9.47374,/home/evgeniy/Projects/VocalAssistant/datasets/VocalSet/FULL/male5/scales/vibrato/m5_scales_vibrato_a.wav,9.490725623582769,male5,male
m5_scales_vibrato_e,Male,m5,MoltoVibrato,Scale,e,9.8917,/home/evgeniy/Projects/VocalAssistant/datasets/VocalSet/FULL/male5/scales/vibrato/m5_scales_vibrato_e.wav,9.907913832199547,male5,male
m5_scales_vibrato_i,Male,m5,MoltoVibrato,Scale,i,9.72916,/home/evgeniy/Projects/VocalAssistant/datasets/VocalSet/FULL/male5/scales/vibrato/m5_scales_vibrato_i.wav,9.751473922902496,male5,male
m5_scales_vibrato_o,Male,m5,MoltoVibrato,Scale,o,9.38086,/home/evgeniy/Projects/VocalAssistant/datasets/VocalSet/FULL/male5/scales/vibrato/m5_scales_vibrato_o.wav,9.386439909297051,male5,male
m5_scales_vibrato_u,Male,m5,MoltoVibrato,Scale,u,9.52018,/home/evgeniy/Projects/VocalAssistant/datasets/VocalSet/FULL/male5/scales/vibrato/m5_scales_vibrato_u.wav,9.542879818594104,male5,male
m6_arpeggios_belt_a,Male,m6,Belt_Harsh,Arpeggio,a,8.7307,/home/evgeniy/Projects/VocalAssistant/datasets/VocalSet/FULL/male6/arpeggios/belt/m6_arpeggios_belt_a.wav,8.7337641723356,male6,male
m6_arpeggios_belt_e,Male,m6,Belt_Harsh,Arpeggio,e,9.14866,/home/evgeniy/Projects/VocalAssistant/datasets/VocalSet/FULL/male6/arpeggios/belt/m6_arpeggios_belt_e.wav,9.158662131519277,male6,male
m6_arpeggios_belt_i,Male,m6,Belt_Harsh,Arpeggio,i,8.82358,/home/evgeniy/Projects/VocalAssistant/datasets/VocalSet/FULL/male6/arpeggios/belt/m6_arpeggios_belt_i.wav,8.828185941043085,male6,male
m6_arpeggios_belt_o,Male,m6,Belt_Harsh,Arpeggio,o,8.28952,/home/evgeniy/Projects/VocalAssistant/datasets/VocalSet/FULL/male6/arpeggios/belt/m6_arpeggios_belt_o.wav,8.308866213151928,male6,male
m6_arpeggios_belt_u,Male,m6,Belt_Harsh,Arpeggio,u,9.24154,/home/evgeniy/Projects/VocalAssistant/datasets/VocalSet/FULL/male6/arpeggios/belt/m6_arpeggios_belt_u.wav,9.253083900226756,male6,male
m6_arpeggios_breathy_a,Male,m6,VeryBreathy,Arpeggio,a,7.59293,/home/evgeniy/Projects/VocalAssistant/datasets/VocalSet/FULL/male6/arpeggios/breathy/m6_arpeggios_breathy_a.wav,7.61031746031746,male6,male
m6_arpeggios_breathy_e,Male,m6,VeryBreathy,Arpeggio,e,8.42884,/home/evgeniy/Projects/VocalAssistant/datasets/VocalSet/FULL/male6/arpeggios/breathy/m6_arpeggios_breathy_e.wav,8.43437641723356,male6,male
m6_arpeggios_breathy_i,Male,m6,VeryBreathy,Arpeggio,i,9.05578,/home/evgeniy/Projects/VocalAssistant/datasets/VocalSet/FULL/male6/arpeggios/breathy/m6_arpeggios_breathy_i.wav,9.064512471655329,male6,male
m6_arpeggios_breathy_o,Male,m6,VeryBreathy,Arpeggio,o,10.03102,/home/evgeniy/Projects/VocalAssistant/datasets/VocalSet/FULL/male6/arpeggios/breathy/m6_arpeggios_breathy_o.wav,10.033990929705215,male6,male
m6_arpeggios_breathy_u,Male,m6,VeryBreathy,Arpeggio,u,10.44898,/home/evgeniy/Projects/VocalAssistant/datasets/VocalSet/FULL/male6/arpeggios/breathy/m6_arpeggios_breathy_u.wav,10.470272108843538,male6,male
m6_arpeggios_c_fast_forte_e,Male,m6,Fast_Articulated_Forte,Arpeggio,e,2.60063,/home/evgeniy/Projects/VocalAssistant/datasets/VocalSet/FULL/male6/arpeggios/fast_forte/m6_arpeggios_c_fast_forte_e.wav,2.609546485260771,male6,male
m6_arpeggios_c_fast_forte_i,Male,m6,Fast_Articulated_Forte,Arpeggio,i,2.64707,/home/evgeniy/Projects/VocalAssistant/datasets/VocalSet/FULL/male6/arpeggios/fast_forte/m6_arpeggios_c_fast_forte_i.wav,2.6675283446712017,male6,male
m6_arpeggios_c_fast_forte_o,Male,m6,Fast_Articulated_Forte,Arpeggio,o,2.71673,/home/evgeniy/Projects/VocalAssistant/datasets/VocalSet/FULL/male6/arpeggios/fast_forte/m6_arpeggios_c_fast_forte_o.wav,2.7255328798185943,male6,male
m6_arpeggios_c_fast_forte_u,Male,m6,Fast_Articulated_Forte,Arpeggio,u,2.99537,/home/evgeniy/Projects/VocalAssistant/datasets/VocalSet/FULL/male6/arpeggios/fast_forte/m6_arpeggios_c_fast_forte_u.wav,3.01546485260771,male6,male
m6_arpeggios_c_fast_piano_e,Male,m6,Fast_Articulated_Piano,Arpeggio,e,2.67029,/home/evgeniy/Projects/VocalAssistant/datasets/VocalSet/FULL/male6/arpeggios/fast_piano/m6_arpeggios_c_fast_piano_e.wav,2.67578231292517,male6,male
m6_arpeggios_c_fast_piano_i,Male,m6,Fast_Articulated_Piano,Arpeggio,i,2.13624,/home/evgeniy/Projects/VocalAssistant/datasets/VocalSet/FULL/male6/arpeggios/fast_piano/m6_arpeggios_c_fast_piano_i.wav,2.157891156462585,male6,male
m6_arpeggios_c_fast_piano_o,Male,m6,Fast_Articulated_Piano,Arpeggio,o,2.29878,/home/evgeniy/Projects/VocalAssistant/datasets/VocalSet/FULL/male6/arpeggios/fast_piano/m6_arpeggios_c_fast_piano_o.wav,2.301746031746032,male6,male
m6_arpeggios_c_fast_piano_u,Male,m6,Fast_Articulated_Piano,Arpeggio,u,2.46132,/home/evgeniy/Projects/VocalAssistant/datasets/VocalSet/FULL/male6/arpeggios/fast_piano/m6_arpeggios_c_fast_piano_u.wav,2.47437641723356,male6,male
m6_arpeggios_c_slow_piano_a,Male,m6,Slow_Legato_Piano,Arpeggio,a,6.22295,/home/evgeniy/Projects/VocalAssistant/datasets/VocalSet/FULL/male6/arpeggios/slow_piano/m6_arpeggios_c_slow_piano_a.wav,6.240272108843538,male6,male
m6_arpeggios_c_slow_piano_e,Male,m6,Slow_Legato_Piano,Arpeggio,e,6.29261,/home/evgeniy/Projects/VocalAssistant/datasets/VocalSet/FULL/male6/arpeggios/slow_piano/m6_arpeggios_c_slow_piano_e.wav,6.312857142857143,male6,male
m6_arpeggios_c_slow_piano_i,Male,m6,Slow_Legato_Piano,Arpeggio,i,7.82512,/home/evgeniy/Projects/VocalAssistant/datasets/VocalSet/FULL/male6/arpeggios/slow_piano/m6_arpeggios_c_slow_piano_i.wav,7.836643990929705,male6,male
m6_arpeggios_c_slow_piano_o,Male,m6,Slow_Legato_Piano,Arpeggio,o,7.61615,/home/evgeniy/Projects/VocalAssistant/datasets/VocalSet/FULL/male6/arpeggios/slow_piano/m6_arpeggios_c_slow_piano_o.wav,7.618956916099774,male6,male
m6_arpeggios_c_slow_piano_u,Male,m6,Slow_Legato_Piano,Arpeggio,u,7.31429,/home/evgeniy/Projects/VocalAssistant/datasets/VocalSet/FULL/male6/arpeggios/slow_piano/m6_arpeggios_c_slow_piano_u.wav,7.328707482993197,male6,male
m6_arpeggios_f_fast_forte_e,Male,m6,Fast_Articulated_Forte,Arpeggio,e,2.41488,/home/evgeniy/Projects/VocalAssistant/datasets/VocalSet/FULL/male6/arpeggios/fast_forte/m6_arpeggios_f_fast_forte_e.wav,2.435578231292517,male6,male
m6_arpeggios_f_fast_forte_i,Male,m6,Fast_Articulated_Forte,Arpeggio,i,2.94893,/home/evgeniy/Projects/VocalAssistant/datasets/VocalSet/FULL/male6/arpeggios/fast_forte/m6_arpeggios_f_fast_forte_i.wav,2.957482993197279,male6,male
m6_arpeggios_f_fast_forte_o,Male,m6,Fast_Articulated_Forte,Arpeggio,o,2.99537,/home/evgeniy/Projects/VocalAssistant/datasets/VocalSet/FULL/male6/arpeggios/fast_forte/m6_arpeggios_f_fast_forte_o.wav,3.01546485260771,male6,male
m6_arpeggios_f_fast_forte_u,Male,m6,Fast_Articulated_Forte,Arpeggio,u,2.87927,/home/evgeniy/Projects/VocalAssistant/datasets/VocalSet/FULL/male6/arpeggios/fast_forte/m6_arpeggios_f_fast_forte_u.wav,2.899501133786848,male6,male
m6_arpeggios_f_fast_piano_e,Male,m6,Fast_Articulated_Piano,Arpeggio,e,2.4381,/home/evgeniy/Projects/VocalAssistant/datasets/VocalSet/FULL/male6/arpeggios/fast_piano/m6_arpeggios_f_fast_piano_e.wav,2.44562358276644,male6,male
m6_arpeggios_f_fast_piano_i,Male,m6,Fast_Articulated_Piano,Arpeggio,i,2.46132,/home/evgeniy/Projects/VocalAssistant/datasets/VocalSet/FULL/male6/arpeggios/fast_piano/m6_arpeggios_f_fast_piano_i.wav,2.47437641723356,male6,male
m6_arpeggios_f_fast_piano_o,Male,m6,Fast_Articulated_Piano,Arpeggio,o,2.53098,/home/evgeniy/Projects/VocalAssistant/datasets/VocalSet/FULL/male6/arpeggios/fast_piano/m6_arpeggios_f_fast_piano_o.wav,2.531927437641724,male6,male
m6_arpeggios_f_fast_piano_u,Male,m6,Fast_Articulated_Piano,Arpeggio,u,2.62385,/home/evgeniy/Projects/VocalAssistant/datasets/VocalSet/FULL/male6/arpeggios/fast_piano/m6_arpeggios_f_fast_piano_u.wav,2.6470068027210885,male6,male
m6_arpeggios_f_slow_forte_a,Male,m6,Slow_Legato_Forte,Arpeggio,a,4.92263,/home/evgeniy/Projects/VocalAssistant/datasets/VocalSet/FULL/male6/arpeggios/slow_forte/m6_arpeggios_f_slow_forte_a.wav,4.929115646258503,male6,male
m6_arpeggios_f_slow_forte_e,Male,m6,Slow_Legato_Forte,Arpeggio,e,5.27093,/home/evgeniy/Projects/VocalAssistant/datasets/VocalSet/FULL/male6/arpeggios/slow_forte/m6_arpeggios_f_slow_forte_e.wav,5.277052154195012,male6,male
m6_arpeggios_f_slow_forte_u,Male,m6,Slow_Legato_Forte,Arpeggio,u,5.85143,/home/evgeniy/Projects/VocalAssistant/datasets/VocalSet/FULL/male6/arpeggios/slow_forte/m6_arpeggios_f_slow_forte_u.wav,5.856938775510204,male6,male
m6_arpeggios_f_slow_piano_a,Male,m6,Slow_Legato_Piano,Arpeggio,a,6.36227,/home/evgeniy/Projects/VocalAssistant/datasets/VocalSet/FULL/male6/arpeggios/slow_piano/m6_arpeggios_f_slow_piano_a.wav,6.385419501133787,male6,male
m6_arpeggios_f_slow_piano_e,Male,m6,Slow_Legato_Piano,Arpeggio,e,7.82512,/home/evgeniy/Projects/VocalAssistant/datasets/VocalSet/FULL/male6/arpeggios/slow_piano/m6_arpeggios_f_slow_piano_e.wav,7.836621315192744,male6,male
m6_arpeggios_f_slow_piano_i,Male,m6,Slow_Legato_Piano,Arpeggio,i,7.6858,/home/evgeniy/Projects/VocalAssistant/datasets/VocalSet/FULL/male6/arpeggios/slow_piano/m6_arpeggios_f_slow_piano_i.wav,7.691519274376417,male6,male
m6_arpeggios_f_slow_piano_o,Male,m6,Slow_Legato_Piano,Arpeggio,o,7.24463,/home/evgeniy/Projects/VocalAssistant/datasets/VocalSet/FULL/male6/arpeggios/slow_piano/m6_arpeggios_f_slow_piano_o.wav,7.256145124716554,male6,male
m6_arpeggios_f_slow_piano_u,Male,m6,Slow_Legato_Piano,Arpeggio,u,7.82512,/home/evgeniy/Projects/VocalAssistant/datasets/VocalSet/FULL/male6/arpeggios/slow_piano/m6_arpeggios_f_slow_piano_u.wav,7.836643990929705,male6,male
m6_arpeggios_lip_trill_a,Male,m6,Lip_Trill,Arpeggio,a,6.29261,/home/evgeniy/Projects/VocalAssistant/datasets/VocalSet/FULL/male6/arpeggios/lip_trill/m6_arpeggios_lip_trill_a.wav,6.314126984126984,male6,male
m6_arpeggios_lip_trill_e,Male,m6,Lip_Trill,Arpeggio,e,7.43039,/home/evgeniy/Projects/VocalAssistant/datasets/VocalSet/FULL/male6/arpeggios/lip_trill/m6_arpeggios_lip_trill_e.wav,7.449750566893424,male6,male
m6_arpeggios_lip_trill_i,Male,m6,Lip_Trill,Arpeggio,i,6.61769,/home/evgeniy/Projects/VocalAssistant/datasets/VocalSet/FULL/male6/arpeggios/lip_trill/m6_arpeggios_lip_trill_i.wav,6.632086167800454,male6,male
m6_arpeggios_lip_trill_o,Male,m6,Lip_Trill,Arpeggio,o,6.94277,/home/evgeniy/Projects/VocalAssistant/datasets/VocalSet/FULL/male6/arpeggios/lip_trill/m6_arpeggios_lip_trill_o.wav,6.950068027210884,male6,male
m6_arpeggios_lip_trill_u,Male,m6,Lip_Trill,Arpeggio,u,6.29261,/home/evgeniy/Projects/VocalAssistant/datasets/VocalSet/FULL/male6/arpeggios/lip_trill/m6_arpeggios_lip_trill_u.wav,6.314104308390022,male6,male
m6_arpeggios_straight_a,Male,m6,Slow_StraightTone,Arpeggio,a,7.47683,/home/evgeniy/Projects/VocalAssistant/datasets/VocalSet/FULL/male6/arpeggios/straight/m6_arpeggios_straight_a.wav,7.489591836734694,male6,male
m6_arpeggios_straight_e,Male,m6,Slow_StraightTone,Arpeggio,e,7.6858,/home/evgeniy/Projects/VocalAssistant/datasets/VocalSet/FULL/male6/arpeggios/straight/m6_arpeggios_straight_e.wav,7.706689342403628,male6,male
m6_arpeggios_straight_i,Male,m6,Slow_StraightTone,Arpeggio,i,9.6595,/home/evgeniy/Projects/VocalAssistant/datasets/VocalSet/FULL/male6/arpeggios/straight/m6_arpeggios_straight_i.wav,9.66047619047619,male6,male
m6_arpeggios_straight_o,Male,m6,Slow_StraightTone,Arpeggio,o,7.59293,/home/evgeniy/Projects/VocalAssistant/datasets/VocalSet/FULL/male6/arpeggios/straight/m6_arpeggios_straight_o.wav,7.598140589569161,male6,male
m6_arpeggios_straight_u,Male,m6,Slow_StraightTone,Arpeggio,u,7.84834,/home/evgeniy/Projects/VocalAssistant/datasets/VocalSet/FULL/male6/arpeggios/straight/m6_arpeggios_straight_u.wav,7.869501133786848,male6,male
m6_arpeggios_vibrato_a,Male,m6,Slow_MoltoVibrato,Arpeggio,a,9.84526,/home/evgeniy/Projects/VocalAssistant/datasets/VocalSet/FULL/male6/arpeggios/vibrato/m6_arpeggios_vibrato_a.wav,9.852675736961451,male6,male
m6_arpeggios_vibrato_e,Male,m6,Slow_MoltoVibrato,Arpeggio,e,10.3561,/home/evgeniy/Projects/VocalAssistant/datasets/VocalSet/FULL/male6/arpeggios/vibrato/m6_arpeggios_vibrato_e.wav,10.37122448979592,male6,male
m6_arpeggios_vibrato_i,Male,m6,Slow_MoltoVibrato,Arpeggio,i,11.0527,/home/evgeniy/Projects/VocalAssistant/datasets/VocalSet/FULL/male6/arpeggios/vibrato/m6_arpeggios_vibrato_i.wav,11.06265306122449,male6,male
m6_arpeggios_vibrato_o,Male,m6,Slow_MoltoVibrato,Arpeggio,o,11.56354,/home/evgeniy/Projects/VocalAssistant/datasets/VocalSet/FULL/male6/arpeggios/vibrato/m6_arpeggios_vibrato_o.wav,11.581224489795918,male6,male
m6_arpeggios_vibrato_u,Male,m6,Slow_MoltoVibrato,Arpeggio,u,11.44744,/home/evgeniy/Projects/VocalAssistant/datasets/VocalSet/FULL/male6/arpeggios/vibrato/m6_arpeggios_vibrato_u.wav,11.465986394557824,male6,male
m6_caro_straight,Male,m6,StraightTone,MusicalExcerp_Caro,,39.31138,/home/evgeniy/Projects/VocalAssistant/datasets/VocalSet/FULL/male6/excerpts/straight/m6_caro_straight.wav,39.31514739229025,male6,male
m6_caro_vibrato,Male,m6,MoltoVibrato,MusicalExcerp_Caro,o,41.49406,/home/evgeniy/Projects/VocalAssistant/datasets/VocalSet/FULL/male6/excerpts/vibrato/m6_caro_vibrato.wav,41.50353741496598,male6,male
m6_dona_straight,Male,m6,StraightTone,MusicalExcerp_Dona,,16.90413,/home/evgeniy/Projects/VocalAssistant/datasets/VocalSet/FULL/male6/excerpts/straight/m6_dona_straight.wav,16.91551020408163,male6,male
m6_dona_vibrato,Male,m6,MoltoVibrato,MusicalExcerp_Dona,o,18.57596,/home/evgeniy/Projects/VocalAssistant/datasets/VocalSet/FULL/male6/excerpts/vibrato/m6_dona_vibrato.wav,18.589274376417237,male6,male
m6_long_forte_a,Male,m6,FullVoice,Long_tones,a,11.2849,/home/evgeniy/Projects/VocalAssistant/datasets/VocalSet/FULL/male6/long_tones/forte/m6_long_forte_a.wav,11.292018140589567,male6,male
m6_long_forte_e,Male,m6,FullVoice,Long_tones,e,11.70286,/home/evgeniy/Projects/VocalAssistant/datasets/VocalSet/FULL/male6/long_tones/forte/m6_long_forte_e.wav,11.719274376417234,male6,male
m6_long_forte_i,Male,m6,FullVoice,Long_tones,i,11.70286,/home/evgeniy/Projects/VocalAssistant/datasets/VocalSet/FULL/male6/long_tones/forte/m6_long_forte_i.wav,11.719274376417234,male6,male
m6_long_forte_o,Male,m6,FullVoice,Long_tones,o,10.42576,/home/evgeniy/Projects/VocalAssistant/datasets/VocalSet/FULL/male6/long_tones/forte/m6_long_forte_o.wav,10.437482993197278,male6,male
m6_long_forte_u,Male,m6,FullVoice,Long_tones,u,13.46757,/home/evgeniy/Projects/VocalAssistant/datasets/VocalSet/FULL/male6/long_tones/forte/m6_long_forte_u.wav,13.48936507936508,male6,male
m6_long_messa_a,Male,m6,MessaDiVoce,Long_tones,a,12.3298,/home/evgeniy/Projects/VocalAssistant/datasets/VocalSet/FULL/male6/long_tones/messa/m6_long_messa_a.wav,12.337074829931971,male6,male
m6_long_messa_e,Male,m6,MessaDiVoce,Long_tones,e,11.7493,/home/evgeniy/Projects/VocalAssistant/datasets/VocalSet/FULL/male6/long_tones/messa/m6_long_messa_e.wav,11.749614512471656,male6,male
m6_long_messa_i,Male,m6,MessaDiVoce,Long_tones,i,12.26014,/home/evgeniy/Projects/VocalAssistant/datasets/VocalSet/FULL/male6/long_tones/messa/m6_long_messa_i.wav,12.271814058956917,male6,male
m6_long_messa_o,Male,m6,MessaDiVoce,Long_tones,o,13.76943,/home/evgeniy/Projects/VocalAssistant/datasets/VocalSet/FULL/male6/long_tones/messa/m6_long_messa_o.wav,13.773151927437642,male6,male
m6_long_messa_u,Male,m6,MessaDiVoce,Long_tones,u,14.48925,/home/evgeniy/Projects/VocalAssistant/datasets/VocalSet/FULL/male6/long_tones/messa/m6_long_messa_u.wav,14.491179138321996,male6,male
m6_long_straight_a,Male,m6,StraightTone,Long_tones,a,13.90875,/home/evgeniy/Projects/VocalAssistant/datasets/VocalSet/FULL/male6/long_tones/straight/m6_long_straight_a.wav,13.91952380952381,male6,male
m6_long_straight_e,Male,m6,StraightTone,Long_tones,e,13.18893,/home/evgeniy/Projects/VocalAssistant/datasets/VocalSet/FULL/male6/long_tones/straight/m6_long_straight_e.wav,13.200680272108844,male6,male
m6_long_straight_i,Male,m6,StraightTone,Long_tones,i,13.11927,/home/evgeniy/Projects/VocalAssistant/datasets/VocalSet/FULL/male6/long_tones/straight/m6_long_straight_i.wav,13.135328798185942,male6,male
m6_long_straight_o,Male,m6,StraightTone,Long_tones,o,12.2137,/home/evgeniy/Projects/VocalAssistant/datasets/VocalSet/FULL/male6/long_tones/straight/m6_long_straight_o.wav,12.220430839002267,male6,male
m6_long_straight_u,Male,m6,StraightTone,Long_tones,u,12.46912,/home/evgeniy/Projects/VocalAssistant/datasets/VocalSet/FULL/male6/long_tones/straight/m6_long_straight_u.wav,12.481836734693877,male6,male
m6_long_trill_a,Male,m6,Trill,Long_tones,a,15.67347,/home/evgeniy/Projects/VocalAssistant/datasets/VocalSet/FULL/male6/long_tones/trill/m6_long_trill_a.wav,15.682879818594104,male6,male
m6_long_trill_e,Male,m6,Trill,Long_tones,e,16.27719,/home/evgeniy/Projects/VocalAssistant/datasets/VocalSet/FULL/male6/long_tones/trill/m6_long_trill_e.wav,16.294897959183672,male6,male
m6_long_trill_i,Male,m6,Trill,Long_tones,i,16.04499,/home/evgeniy/Projects/VocalAssistant/datasets/VocalSet/FULL/male6/long_tones/trill/m6_long_trill_i.wav,16.065374149659863,male6,male
m6_long_trill_o,Male,m6,Trill,Long_tones,o,16.90413,/home/evgeniy/Projects/VocalAssistant/datasets/VocalSet/FULL/male6/long_tones/trill/m6_long_trill_o.wav,16.90689342403628,male6,male
m6_long_trill_u,Male,m6,Trill,Long_tones,u,14.51247,/home/evgeniy/Projects/VocalAssistant/datasets/VocalSet/FULL/male6/long_tones/trill/m6_long_trill_u.wav,14.53532879818594,male6,male
m6_long_trillo_a,Male,m6,Trillo,Long_tones,a,10.21678,/home/evgeniy/Projects/VocalAssistant/datasets/VocalSet/FULL/male6/long_tones/trillo/m6_long_trillo_a.wav,10.22997732426304,male6,male
m6_long_trillo_e,Male,m6,Trillo,Long_tones,e,10.86694,/home/evgeniy/Projects/VocalAssistant/datasets/VocalSet/FULL/male6/long_tones/trillo/m6_long_trillo_e.wav,10.88421768707483,male6,male
m6_long_trillo_i,Male,m6,Trillo,Long_tones,i,11.77252,/home/evgeniy/Projects/VocalAssistant/datasets/VocalSet/FULL/male6/long_tones/trillo/m6_long_trillo_i.wav,11.776371882086169,male6,male
m6_long_trillo_o,Male,m6,Trillo,Long_tones,o,12.00472,/home/evgeniy/Projects/VocalAssistant/datasets/VocalSet/FULL/male6/long_tones/trillo/m6_long_trillo_o.wav,12.014263038548751,male6,male
m6_long_trillo_u,Male,m6,Trillo,Long_tones,u,12.53878,/home/evgeniy/Projects/VocalAssistant/datasets/VocalSet/FULL/male6/long_tones/trillo/m6_long_trillo_u.wav,12.549569160997732,male6,male
m6_row_straight,Male,m6,StraightTone,MusicalExcerp_RowRow,,16.62549,/home/evgeniy/Projects/VocalAssistant/datasets/VocalSet/FULL/male6/excerpts/straight/m6_row_straight.wav,16.636780045351475,male6,male
m6_row_vibrato,Male,m6,MoltoVibrato,MusicalExcerp_RowRow,o,18.15801,/home/evgeniy/Projects/VocalAssistant/datasets/VocalSet/FULL/male6/excerpts/vibrato/m6_row_vibrato.wav,18.171746031746032,male6,male
m6_scales_belt_a,Male,m6,Belt_Harsh,Scale,a,11.77252,/home/evgeniy/Projects/VocalAssistant/datasets/VocalSet/FULL/male6/scales/belt/m6_scales_belt_a.wav,11.794648526077095,male6,male
m6_scales_belt_e,Male,m6,Belt_Harsh,Scale,e,12.70132,/home/evgeniy/Projects/VocalAssistant/datasets/VocalSet/FULL/male6/scales/belt/m6_scales_belt_e.wav,12.711360544217689,male6,male
m6_scales_belt_i,Male,m6,Belt_Harsh,Scale,i,13.18893,/home/evgeniy/Projects/VocalAssistant/datasets/VocalSet/FULL/male6/scales/belt/m6_scales_belt_i.wav,13.200249433106576,male6,male
m6_scales_belt_o,Male,m6,Belt_Harsh,Scale,o,13.37469,/home/evgeniy/Projects/VocalAssistant/datasets/VocalSet/FULL/male6/scales/belt/m6_scales_belt_o.wav,13.38358276643991,male6,male
m6_scales_belt_u,Male,m6,Belt_Harsh,Scale,u,13.74621,/home/evgeniy/Projects/VocalAssistant/datasets/VocalSet/FULL/male6/scales/belt/m6_scales_belt_u.wav,13.750249433106577,male6,male
m6_scales_breathy_a,Male,m6,Breathy,Scale,a,12.02794,/home/evgeniy/Projects/VocalAssistant/datasets/VocalSet/FULL/male6/scales/breathy/m6_scales_breathy_a.wav,12.03263038548753,male6,male
m6_scales_breathy_e,Male,m6,Breathy,Scale,e,11.70286,/home/evgeniy/Projects/VocalAssistant/datasets/VocalSet/FULL/male6/scales/breathy/m6_scales_breathy_e.wav,11.705215419501132,male6,male
m6_scales_breathy_i,Male,m6,Breathy,Scale,i,10.4722,/home/evgeniy/Projects/VocalAssistant/datasets/VocalSet/FULL/male6/scales/breathy/m6_scales_breathy_i.wav,10.477414965986394,male6,male
m6_scales_breathy_o,Male,m6,Breathy,Scale,o,9.72916,/home/evgeniy/Projects/VocalAssistant/datasets/VocalSet/FULL/male6/scales/breathy/m6_scales_breathy_o.wav,9.740702947845804,male6,male
m6_scales_breathy_u,Male,m6,Breathy,Scale,u,9.47374,/home/evgeniy/Projects/VocalAssistant/datasets/VocalSet/FULL/male6/scales/breathy/m6_scales_breathy_u.wav,9.49514739229025,male6,male
m6_scales_c_fast_forte_a,Male,m6,Fast_Articulated_Forte,Scale,a,3.99383,/home/evgeniy/Projects/VocalAssistant/datasets/VocalSet/FULL/male6/scales/fast_forte/m6_scales_c_fast_forte_a.wav,4.009319727891157,male6,male
m6_scales_c_fast_forte_e,Male,m6,Fast_Articulated_Forte,Scale,e,3.90095,/home/evgeniy/Projects/VocalAssistant/datasets/VocalSet/FULL/male6/scales/fast_forte/m6_scales_c_fast_forte_e.wav,3.913854875283447,male6,male
m6_scales_c_fast_forte_i,Male,m6,Fast_Articulated_Forte,Scale,i,4.22603,/home/evgeniy/Projects/VocalAssistant/datasets/VocalSet/FULL/male6/scales/fast_forte/m6_scales_c_fast_forte_i.wav,4.247959183673469,male6,male
m6_scales_c_fast_forte_o,Male,m6,Fast_Articulated_Forte,Scale,o,3.22757,/home/evgeniy/Projects/VocalAssistant/datasets/VocalSet/FULL/male6/scales/fast_forte/m6_scales_c_fast_forte_o.wav,3.245646258503401,male6,male
m6_scales_c_fast_forte_u,Male,m6,Fast_Articulated_Forte,Scale,u,3.85451,/home/evgeniy/Projects/VocalAssistant/datasets/VocalSet/FULL/male6/scales/fast_forte/m6_scales_c_fast_forte_u.wav,3.866122448979592,male6,male
m6_scales_c_fast_piano_e,Male,m6,Fast_Articulated_Piano,Scale,e,3.90095,/home/evgeniy/Projects/VocalAssistant/datasets/VocalSet/FULL/male6/scales/fast_piano/m6_scales_c_fast_piano_e.wav,3.923968253968254,male6,male
m6_scales_c_fast_piano_i,Male,m6,Fast_Articulated_Piano,Scale,i,3.57587,/home/evgeniy/Projects/VocalAssistant/datasets/VocalSet/FULL/male6/scales/fast_piano/m6_scales_c_fast_piano_i.wav,3.579002267573696,male6,male
m6_scales_c_fast_piano_o,Male,m6,Fast_Articulated_Piano,Scale,o,3.64553,/home/evgeniy/Projects/VocalAssistant/datasets/VocalSet/FULL/male6/scales/fast_piano/m6_scales_c_fast_piano_o.wav,3.665238095238095,male6,male
m6_scales_c_fast_piano_u,Male,m6,Fast_Articulated_Piano,Scale,u,3.27401,/home/evgeniy/Projects/VocalAssistant/datasets/VocalSet/FULL/male6/scales/fast_piano/m6_scales_c_fast_piano_u.wav,3.277142857142857,male6,male
m6_scales_c_slow_forte_a,Male,m6,Slow_Legato_Forte,Scale,a,19.15646,/home/evgeniy/Projects/VocalAssistant/datasets/VocalSet/FULL/male6/scales/slow_forte/m6_scales_c_slow_forte_a.wav,19.16857142857143,male6,male
m6_scales_c_slow_forte_e,Male,m6,Slow_Legato_Forte,Scale,e,18.01869,/home/evgeniy/Projects/VocalAssistant/datasets/VocalSet/FULL/male6/scales/slow_forte/m6_scales_c_slow_forte_e.wav,18.03145124716553,male6,male
m6_scales_c_slow_forte_u,Male,m6,Slow_Legato_Forte,Scale,u,18.34376,/home/evgeniy/Projects/VocalAssistant/datasets/VocalSet/FULL/male6/scales/slow_forte/m6_scales_c_slow_forte_u.wav,18.356326530612243,male6,male
m6_scales_c_slow_piano_a,Male,m6,Slow_Legato_Piano,Scale,a,16.57905,/home/evgeniy/Projects/VocalAssistant/datasets/VocalSet/FULL/male6/scales/slow_piano/m6_scales_c_slow_piano_a.wav,16.58639455782313,male6,male
m6_scales_c_slow_piano_e,Male,m6,Slow_Legato_Piano,Scale,e,18.5063,/home/evgeniy/Projects/VocalAssistant/datasets/VocalSet/FULL/male6/scales/slow_piano/m6_scales_c_slow_piano_e.wav,18.518775510204083,male6,male
m6_scales_c_slow_piano_i,Male,m6,Slow_Legato_Piano,Scale,i,19.15646,/home/evgeniy/Projects/VocalAssistant/datasets/VocalSet/FULL/male6/scales/slow_piano/m6_scales_c_slow_piano_i.wav,19.16292517006803,male6,male
m6_scales_c_slow_piano_o,Male,m6,Slow_Legato_Piano,Scale,o,18.18122,/home/evgeniy/Projects/VocalAssistant/datasets/VocalSet/FULL/male6/scales/slow_piano/m6_scales_c_slow_piano_o.wav,18.19671201814059,male6,male
m6_scales_c_slow_piano_u,Male,m6,Slow_Legato_Piano,Scale,u,18.5063,/home/evgeniy/Projects/VocalAssistant/datasets/VocalSet/FULL/male6/scales/slow_piano/m6_scales_c_slow_piano_u.wav,18.518775510204083,male6,male
m6_scales_f_fast_forte_a,Male,m6,Fast_Articulated_Forte,Scale,a,4.04027,/home/evgeniy/Projects/VocalAssistant/datasets/VocalSet/FULL/male6/scales/fast_forte/m6_scales_f_fast_forte_a.wav,4.05702947845805,male6,male
m6_scales_f_fast_forte_e,Male,m6,Fast_Articulated_Forte,Scale,e,4.29569,/home/evgeniy/Projects/VocalAssistant/datasets/VocalSet/FULL/male6/scales/fast_forte/m6_scales_f_fast_forte_e.wav,4.295691609977324,male6,male
m6_scales_f_fast_forte_i,Male,m6,Fast_Articulated_Forte,Scale,i,4.52789,/home/evgeniy/Projects/VocalAssistant/datasets/VocalSet/FULL/male6/scales/fast_forte/m6_scales_f_fast_forte_i.wav,4.534353741496599,male6,male
m6_scales_f_fast_forte_o,Male,m6,Fast_Articulated_Forte,Scale,o,4.76009,/home/evgeniy/Projects/VocalAssistant/datasets/VocalSet/FULL/male6/scales/fast_forte/m6_scales_f_fast_forte_o.wav,4.773015873015873,male6,male
m6_scales_f_fast_forte_u,Male,m6,Fast_Articulated_Forte,Scale,u,4.22603,/home/evgeniy/Projects/VocalAssistant/datasets/VocalSet/FULL/male6/scales/fast_forte/m6_scales_f_fast_forte_u.wav,4.247959183673469,male6,male
m6_scales_f_fast_piano_a,Male,m6,Fast_Articulated_Piano,Scale,a,3.87773,/home/evgeniy/Projects/VocalAssistant/datasets/VocalSet/FULL/male6/scales/fast_piano/m6_scales_f_fast_piano_a.wav,3.880861678004535,male6,male
m6_scales_f_fast_piano_e,Male,m6,Fast_Articulated_Piano,Scale,e,4.24925,/home/evgeniy/Projects/VocalAssistant/datasets/VocalSet/FULL/male6/scales/fast_piano/m6_scales_f_fast_piano_e.wav,4.268934240362812,male6,male
m6_scales_f_fast_piano_i,Male,m6,Fast_Articulated_Piano,Scale,i,4.43501,/home/evgeniy/Projects/VocalAssistant/datasets/VocalSet/FULL/male6/scales/fast_piano/m6_scales_f_fast_piano_i.wav,4.44140589569161,male6,male
m6_scales_f_fast_piano_o,Male,m6,Fast_Articulated_Piano,Scale,o,4.20281,/home/evgeniy/Projects/VocalAssistant/datasets/VocalSet/FULL/male6/scales/fast_piano/m6_scales_f_fast_piano_o.wav,4.225804988662132,male6,male
m6_scales_f_fast_piano_u,Male,m6,Fast_Articulated_Piano,Scale,u,3.43655,/home/evgeniy/Projects/VocalAssistant/datasets/VocalSet/FULL/male6/scales/fast_piano/m6_scales_f_fast_piano_u.wav,3.4496371882086168,male6,male
m6_scales_f_slow_piano_a,Male,m6,Slow_Legato_Piano,Scale,a,17.22921,/home/evgeniy/Projects/VocalAssistant/datasets/VocalSet/FULL/male6/scales/slow_piano/m6_scales_f_slow_piano_a.wav,17.230521541950115,male6,male
m6_scales_f_slow_piano_e,Male,m6,Slow_Legato_Piano,Scale,e,17.53107,/home/evgeniy/Projects/VocalAssistant/datasets/VocalSet/FULL/male6/scales/slow_piano/m6_scales_f_slow_piano_e.wav,17.552607709750568,male6,male
m6_scales_f_slow_piano_i,Male,m6,Slow_Legato_Piano,Scale,i,18.01869,/home/evgeniy/Projects/VocalAssistant/datasets/VocalSet/FULL/male6/scales/slow_piano/m6_scales_f_slow_piano_i.wav,18.035691609977324,male6,male
m6_scales_f_slow_piano_o,Male,m6,Slow_Legato_Piano,Scale,o,17.69361,/home/evgeniy/Projects/VocalAssistant/datasets/VocalSet/FULL/male6/scales/slow_piano/m6_scales_f_slow_piano_o.wav,17.71362811791383,male6,male
m6_scales_f_slow_piano_u,Male,m6,Slow_Legato_Piano,Scale,u,17.69361,/home/evgeniy/Projects/VocalAssistant/datasets/VocalSet/FULL/male6/scales/slow_piano/m6_scales_f_slow_piano_u.wav,17.71362811791383,male6,male
m6_scales_lip_trill_a,Male,m6,Lip_Trill,Scale,a,8.80036,/home/evgeniy/Projects/VocalAssistant/datasets/VocalSet/FULL/male6/scales/lip_trill/m6_scales_lip_trill_a.wav,8.817709750566893,male6,male
m6_scales_lip_trill_e,Male,m6,Lip_Trill,Scale,e,8.93968,/home/evgeniy/Projects/VocalAssistant/datasets/VocalSet/FULL/male6/scales/lip_trill/m6_scales_lip_trill_e.wav,8.95063492063492,male6,male
m6_scales_lip_trill_i,Male,m6,Lip_Trill,Scale,i,9.03256,/home/evgeniy/Projects/VocalAssistant/datasets/VocalSet/FULL/male6/scales/lip_trill/m6_scales_lip_trill_i.wav,9.039251700680271,male6,male
m6_scales_lip_trill_o,Male,m6,Lip_Trill,Scale,o,8.10376,/home/evgeniy/Projects/VocalAssistant/datasets/VocalSet/FULL/male6/scales/lip_trill/m6_scales_lip_trill_o.wav,8.10875283446712,male6,male
m6_scales_lip_trill_u,Male,m6,Lip_Trill,Scale,u,8.35918,/home/evgeniy/Projects/VocalAssistant/datasets/VocalSet/FULL/male6/scales/lip_trill/m6_scales_lip_trill_u.wav,8.374603174603175,male6,male
m6_scales_straight_a,Male,m6,StraightTone,Scale,a,8.28952,/home/evgeniy/Projects/VocalAssistant/datasets/VocalSet/FULL/male6/scales/straight/m6_scales_straight_a.wav,8.300702947845805,male6,male
m6_scales_straight_e,Male,m6,StraightTone,Scale,e,7.96444,/home/evgeniy/Projects/VocalAssistant/datasets/VocalSet/FULL/male6/scales/straight/m6_scales_straight_e.wav,7.968662131519275,male6,male
m6_scales_straight_i,Male,m6,StraightTone,Scale,i,8.66104,/home/evgeniy/Projects/VocalAssistant/datasets/VocalSet/FULL/male6/scales/straight/m6_scales_straight_i.wav,8.68015873015873,male6,male
m6_scales_straight_o,Male,m6,StraightTone,Scale,o,8.8468,/home/evgeniy/Projects/VocalAssistant/datasets/VocalSet/FULL/male6/scales/straight/m6_scales_straight_o.wav,8.869886621315192,male6,male
m6_scales_straight_u,Male,m6,StraightTone,Scale,u,8.1502,/home/evgeniy/Projects/VocalAssistant/datasets/VocalSet/FULL/male6/scales/straight/m6_scales_straight_u.wav,8.158390022675738,male6,male
m6_scales_vibrato_a,Male,m6,MoltoVibrato,Scale,a,14.93043,/home/evgeniy/Projects/VocalAssistant/datasets/VocalSet/FULL/male6/scales/vibrato/m6_scales_vibrato_a.wav,14.93843537414966,male6,male
m6_scales_vibrato_e,Male,m6,MoltoVibrato,Scale,e,16.64871,/home/evgeniy/Projects/VocalAssistant/datasets/VocalSet/FULL/male6/scales/vibrato/m6_scales_vibrato_e.wav,16.659115646258503,male6,male
m6_scales_vibrato_i,Male,m6,MoltoVibrato,Scale,i,17.50785,/home/evgeniy/Projects/VocalAssistant/datasets/VocalSet/FULL/male6/scales/vibrato/m6_scales_vibrato_i.wav,17.519433106575963,male6,male
m6_scales_vibrato_o,Male,m6,MoltoVibrato,Scale,o,18.13479,/home/evgeniy/Projects/VocalAssistant/datasets/VocalSet/FULL/male6/scales/vibrato/m6_scales_vibrato_o.wav,18.145124716553287,male6,male
m6_scales_vibrato_u,Male,m6,MoltoVibrato,Scale,u,18.59918,/home/evgeniy/Projects/VocalAssistant/datasets/VocalSet/FULL/male6/scales/vibrato/m6_scales_vibrato_u.wav,18.614399092970523,male6,male
m7_arpeggios_belt_a,Male,m7,Belt_Harsh,Arpeggio,a,7.31429,/home/evgeniy/Projects/VocalAssistant/datasets/VocalSet/FULL/male7/arpeggios/belt/m7_arpeggios_belt_a.wav,7.330045351473923,male7,male
m7_arpeggios_belt_e,Male,m7,Belt_Harsh,Arpeggio,e,7.05887,/home/evgeniy/Projects/VocalAssistant/datasets/VocalSet/FULL/male7/arpeggios/belt/m7_arpeggios_belt_e.wav,7.075827664399093,male7,male
m7_arpeggios_belt_i,Male,m7,Belt_Harsh,Arpeggio,i,7.56971,/home/evgeniy/Projects/VocalAssistant/datasets/VocalSet/FULL/male7/arpeggios/belt/m7_arpeggios_belt_i.wav,7.584263038548753,male7,male
m7_arpeggios_belt_o,Male,m7,Belt_Harsh,Arpeggio,o,8.17342,/home/evgeniy/Projects/VocalAssistant/datasets/VocalSet/FULL/male7/arpeggios/belt/m7_arpeggios_belt_o.wav,8.177437641723357,male7,male
m7_arpeggios_belt_u,Male,m7,Belt_Harsh,Arpeggio,u,8.4985,/home/evgeniy/Projects/VocalAssistant/datasets/VocalSet/FULL/male7/arpeggios/belt/m7_arpeggios_belt_u.wav,8.516417233560091,male7,male
m7_arpeggios_c_fast_forte_a,Male,m7,Fast_Articulated_Forte,Arpeggio,a,2.02014,/home/evgeniy/Projects/VocalAssistant/datasets/VocalSet/FULL/male7/arpeggios/fast_forte/m7_arpeggios_c_fast_forte_a.wav,2.0370068027210886,male7,male
m7_arpeggios_c_fast_forte_e,Male,m7,Fast_Articulated_Forte,Arpeggio,e,1.88082,/home/evgeniy/Projects/VocalAssistant/datasets/VocalSet/FULL/male7/arpeggios/fast_forte/m7_arpeggios_c_fast_forte_e.wav,1.8985487528344671,male7,male
m7_arpeggios_c_fast_forte_i,Male,m7,Fast_Articulated_Forte,Arpeggio,i,1.88082,/home/evgeniy/Projects/VocalAssistant/datasets/VocalSet/FULL/male7/arpeggios/fast_forte/m7_arpeggios_c_fast_forte_i.wav,1.8985487528344671,male7,male
m7_arpeggios_c_fast_forte_o,Male,m7,Fast_Articulated_Forte,Arpeggio,o,1.81116,/home/evgeniy/Projects/VocalAssistant/datasets/VocalSet/FULL/male7/arpeggios/fast_forte/m7_arpeggios_c_fast_forte_o.wav,1.8194557823129247,male7,male
m7_arpeggios_c_fast_forte_u,Male,m7,Fast_Articulated_Forte,Arpeggio,u,1.71828,/home/evgeniy/Projects/VocalAssistant/datasets/VocalSet/FULL/male7/arpeggios/fast_forte/m7_arpeggios_c_fast_forte_u.wav,1.7403401360544215,male7,male
m7_arpeggios_c_fast_piano_a,Male,m7,Fast_Articulated_Piano,Arpeggio,a,1.81116,/home/evgeniy/Projects/VocalAssistant/datasets/VocalSet/FULL/male7/arpeggios/fast_piano/m7_arpeggios_c_fast_piano_a.wav,1.8130839002267571,male7,male
m7_arpeggios_c_fast_piano_e,Male,m7,Fast_Articulated_Piano,Arpeggio,e,1.64862,/home/evgeniy/Projects/VocalAssistant/datasets/VocalSet/FULL/male7/arpeggios/fast_piano/m7_arpeggios_c_fast_piano_e.wav,1.6603854875283446,male7,male
m7_arpeggios_c_fast_piano_i,Male,m7,Fast_Articulated_Piano,Arpeggio,i,1.6254,/home/evgeniy/Projects/VocalAssistant/datasets/VocalSet/FULL/male7/arpeggios/fast_piano/m7_arpeggios_c_fast_piano_i.wav,1.641315192743764,male7,male
m7_arpeggios_c_fast_piano_o,Male,m7,Fast_Articulated_Piano,Arpeggio,o,1.76472,/home/evgeniy/Projects/VocalAssistant/datasets/VocalSet/FULL/male7/arpeggios/fast_piano/m7_arpeggios_c_fast_piano_o.wav,1.7748979591836735,male7,male
m7_arpeggios_c_fast_piano_u,Male,m7,Fast_Articulated_Piano,Arpeggio,u,1.67184,/home/evgeniy/Projects/VocalAssistant/datasets/VocalSet/FULL/male7/arpeggios/fast_piano/m7_arpeggios_c_fast_piano_u.wav,1.6794784580498867,male7,male
m7_arpeggios_c_slow_forte_i,Male,m7,Slow_Legato_Forte,Arpeggio,i,6.13007,/home/evgeniy/Projects/VocalAssistant/datasets/VocalSet/FULL/male7/arpeggios/slow_forte/m7_arpeggios_c_slow_forte_i.wav,6.135374149659864,male7,male
m7_arpeggios_c_slow_piano_a,Male,m7,Slow_Legato_Piano,Arpeggio,a,6.84989,/home/evgeniy/Projects/VocalAssistant/datasets/VocalSet/FULL/male7/arpeggios/slow_piano/m7_arpeggios_c_slow_piano_a.wav,6.872471655328798,male7,male
m7_arpeggios_c_slow_piano_e,Male,m7,Slow_Legato_Piano,Arpeggio,e,6.78023,/home/evgeniy/Projects/VocalAssistant/datasets/VocalSet/FULL/male7/arpeggios/slow_piano/m7_arpeggios_c_slow_piano_e.wav,6.790657596371882,male7,male
m7_arpeggios_c_slow_piano_i,Male,m7,Slow_Legato_Piano,Arpeggio,i,7.22141,/home/evgeniy/Projects/VocalAssistant/datasets/VocalSet/FULL/male7/arpeggios/slow_piano/m7_arpeggios_c_slow_piano_i.wav,7.24063492063492,male7,male
m7_arpeggios_c_slow_piano_o,Male,m7,Slow_Legato_Piano,Arpeggio,o,6.73379,/home/evgeniy/Projects/VocalAssistant/datasets/VocalSet/FULL/male7/arpeggios/slow_piano/m7_arpeggios_c_slow_piano_o.wav,6.749750566893424,male7,male
m7_arpeggios_c_slow_piano_u,Male,m7,Slow_Legato_Piano,Arpeggio,u,6.66413,/home/evgeniy/Projects/VocalAssistant/datasets/VocalSet/FULL/male7/arpeggios/slow_piano/m7_arpeggios_c_slow_piano_u.wav,6.667959183673469,male7,male
m7_arpeggios_f_fast_forte_a,Male,m7,Fast_Articulated_Forte,Arpeggio,a,2.22912,/home/evgeniy/Projects/VocalAssistant/datasets/VocalSet/FULL/male7/arpeggios/fast_forte/m7_arpeggios_f_fast_forte_a.wav,2.234716553287982,male7,male
m7_arpeggios_f_fast_forte_e,Male,m7,Fast_Articulated_Forte,Arpeggio,e,2.06658,/home/evgeniy/Projects/VocalAssistant/datasets/VocalSet/FULL/male7/arpeggios/fast_forte/m7_arpeggios_f_fast_forte_e.wav,2.0707029478458048,male7,male
m7_arpeggios_f_fast_forte_i,Male,m7,Fast_Articulated_Forte,Arpeggio,i,1.90404,/home/evgeniy/Projects/VocalAssistant/datasets/VocalSet/FULL/male7/arpeggios/fast_forte/m7_arpeggios_f_fast_forte_i.wav,1.92718820861678,male7,male
m7_arpeggios_f_fast_forte_o,Male,m7,Fast_Articulated_Forte,Arpeggio,o,1.90404,/home/evgeniy/Projects/VocalAssistant/datasets/VocalSet/FULL/male7/arpeggios/fast_forte/m7_arpeggios_f_fast_forte_o.wav,1.906689342403628,male7,male
m7_arpeggios_f_fast_forte_u,Male,m7,Fast_Articulated_Forte,Arpeggio,u,2.04336,/home/evgeniy/Projects/VocalAssistant/datasets/VocalSet/FULL/male7/arpeggios/fast_forte/m7_arpeggios_f_fast_forte_u.wav,2.050204081632653,male7,male
m7_arpeggios_f_fast_piano_a,Male,m7,Fast_Articulated_Piano,Arpeggio,a,1.88082,/home/evgeniy/Projects/VocalAssistant/datasets/VocalSet/FULL/male7/arpeggios/fast_piano/m7_arpeggios_f_fast_piano_a.wav,1.8926530612244896,male7,male
m7_arpeggios_f_fast_piano_e,Male,m7,Fast_Articulated_Piano,Arpeggio,e,1.95048,/home/evgeniy/Projects/VocalAssistant/datasets/VocalSet/FULL/male7/arpeggios/fast_piano/m7_arpeggios_f_fast_piano_e.wav,1.9530385487528343,male7,male
m7_arpeggios_f_fast_piano_i,Male,m7,Fast_Articulated_Piano,Arpeggio,i,2.0898,/home/evgeniy/Projects/VocalAssistant/datasets/VocalSet/FULL/male7/arpeggios/fast_piano/m7_arpeggios_f_fast_piano_i.wav,2.0939909297052157,male7,male
m7_arpeggios_f_fast_piano_o,Male,m7,Fast_Articulated_Piano,Arpeggio,o,1.99692,/home/evgeniy/Projects/VocalAssistant/datasets/VocalSet/FULL/male7/arpeggios/fast_piano/m7_arpeggios_f_fast_piano_o.wav,2.0134467120181405,male7,male
m7_arpeggios_f_fast_piano_u,Male,m7,Fast_Articulated_Piano,Arpeggio,u,1.92726,/home/evgeniy/Projects/VocalAssistant/datasets/VocalSet/FULL/male7/arpeggios/fast_piano/m7_arpeggios_f_fast_piano_u.wav,1.9329024943310655,male7,male
m7_arpeggios_f_slow_forte_i,Male,m7,Slow_Legato_Forte,Arpeggio,i,6.73379,/home/evgeniy/Projects/VocalAssistant/datasets/VocalSet/FULL/male7/arpeggios/slow_forte/m7_arpeggios_f_slow_forte_i.wav,6.737687074829932,male7,male
m7_arpeggios_f_slow_forte_o,Male,m7,Slow_Legato_Forte,Arpeggio,o,6.84989,/home/evgeniy/Projects/VocalAssistant/datasets/VocalSet/FULL/male7/arpeggios/slow_forte/m7_arpeggios_f_slow_forte_o.wav,6.858004535147392,male7,male
m7_arpeggios_f_slow_piano_a,Male,m7,Slow_Legato_Piano,Arpeggio,a,8.52172,/home/evgeniy/Projects/VocalAssistant/datasets/VocalSet/FULL/male7/arpeggios/slow_piano/m7_arpeggios_f_slow_piano_a.wav,8.524013605442176,male7,male
m7_arpeggios_f_slow_piano_e,Male,m7,Slow_Legato_Piano,Arpeggio,e,8.6146,/home/evgeniy/Projects/VocalAssistant/datasets/VocalSet/FULL/male7/arpeggios/slow_piano/m7_arpeggios_f_slow_piano_e.wav,8.619251700680271,male7,male
m7_arpeggios_f_slow_piano_i,Male,m7,Slow_Legato_Piano,Arpeggio,i,8.2663,/home/evgeniy/Projects/VocalAssistant/datasets/VocalSet/FULL/male7/arpeggios/slow_piano/m7_arpeggios_f_slow_piano_i.wav,8.285895691609978,male7,male
m7_arpeggios_f_slow_piano_o,Male,m7,Slow_Legato_Piano,Arpeggio,o,8.98612,/home/evgeniy/Projects/VocalAssistant/datasets/VocalSet/FULL/male7/arpeggios/slow_piano/m7_arpeggios_f_slow_piano_o.wav,9.000204081632653,male7,male
m7_arpeggios_f_slow_piano_u,Male,m7,Slow_Legato_Piano,Arpeggio,u,8.80036,/home/evgeniy/Projects/VocalAssistant/datasets/VocalSet/FULL/male7/arpeggios/slow_piano/m7_arpeggios_f_slow_piano_u.wav,8.809750566893424,male7,male
m7_arpeggios_lip_trill_a,Male,m7,Lip_Trill,Arpeggio,a,5.20127,/home/evgeniy/Projects/VocalAssistant/datasets/VocalSet/FULL/male7/arpeggios/lip_trill/m7_arpeggios_lip_trill_a.wav,5.209229024943311,male7,male
m7_arpeggios_lip_trill_e,Male,m7,Lip_Trill,Arpeggio,e,5.13161,/home/evgeniy/Projects/VocalAssistant/datasets/VocalSet/FULL/male7/arpeggios/lip_trill/m7_arpeggios_lip_trill_e.wav,5.133174603174603,male7,male
m7_arpeggios_lip_trill_i,Male,m7,Lip_Trill,Arpeggio,i,5.61923,/home/evgeniy/Projects/VocalAssistant/datasets/VocalSet/FULL/male7/arpeggios/lip_trill/m7_arpeggios_lip_trill_i.wav,5.627482993197279,male7,male
m7_arpeggios_lip_trill_o,Male,m7,Lip_Trill,Arpeggio,o,4.85297,/home/evgeniy/Projects/VocalAssistant/datasets/VocalSet/FULL/male7/arpeggios/lip_trill/m7_arpeggios_lip_trill_o.wav,4.867006802721089,male7,male
m7_arpeggios_lip_trill_u,Male,m7,Lip_Trill,Arpeggio,u,5.20127,/home/evgeniy/Projects/VocalAssistant/datasets/VocalSet/FULL/male7/arpeggios/lip_trill/m7_arpeggios_lip_trill_u.wav,5.209206349206349,male7,male
m7_arpeggios_straight_a,Male,m7,Slow_StraightTone,Arpeggio,a,9.12544,/home/evgeniy/Projects/VocalAssistant/datasets/VocalSet/FULL/male7/arpeggios/straight/m7_arpeggios_straight_a.wav,9.140113378684807,male7,male
m7_arpeggios_straight_e,Male,m7,Slow_StraightTone,Arpeggio,e,8.7307,/home/evgeniy/Projects/VocalAssistant/datasets/VocalSet/FULL/male7/arpeggios/straight/m7_arpeggios_straight_e.wav,8.751201814058957,male7,male
m7_arpeggios_straight_i,Male,m7,Slow_StraightTone,Arpeggio,i,9.079,/home/evgeniy/Projects/VocalAssistant/datasets/VocalSet/FULL/male7/arpeggios/straight/m7_arpeggios_straight_i.wav,9.091519274376417,male7,male
m7_arpeggios_straight_o,Male,m7,Slow_StraightTone,Arpeggio,o,9.17188,/home/evgeniy/Projects/VocalAssistant/datasets/VocalSet/FULL/male7/arpeggios/straight/m7_arpeggios_straight_o.wav,9.18875283446712,male7,male
m7_arpeggios_straight_u,Male,m7,Slow_StraightTone,Arpeggio,u,9.079,/home/evgeniy/Projects/VocalAssistant/datasets/VocalSet/FULL/male7/arpeggios/straight/m7_arpeggios_straight_u.wav,9.091496598639456,male7,male
m7_arpeggios_vibrato_a,Male,m7,Slow_MoltoVibrato,Arpeggio,a,9.079,/home/evgeniy/Projects/VocalAssistant/datasets/VocalSet/FULL/male7/arpeggios/vibrato/m7_arpeggios_vibrato_a.wav,9.091337868480723,male7,male
m7_arpeggios_vibrato_e,Male,m7,Slow_MoltoVibrato,Arpeggio,e,9.56662,/home/evgeniy/Projects/VocalAssistant/datasets/VocalSet/FULL/male7/arpeggios/vibrato/m7_arpeggios_vibrato_e.wav,9.58278911564626,male7,male
m7_arpeggios_vibrato_i,Male,m7,Slow_MoltoVibrato,Arpeggio,i,9.56662,/home/evgeniy/Projects/VocalAssistant/datasets/VocalSet/FULL/male7/arpeggios/vibrato/m7_arpeggios_vibrato_i.wav,9.58278911564626,male7,male
m7_arpeggios_vibrato_o,Male,m7,Slow_MoltoVibrato,Arpeggio,o,9.91492,/home/evgeniy/Projects/VocalAssistant/datasets/VocalSet/FULL/male7/arpeggios/vibrato/m7_arpeggios_vibrato_o.wav,9.926780045351476,male7,male
m7_arpeggios_vibrato_u,Male,m7,Slow_MoltoVibrato,Arpeggio,u,9.52018,/home/evgeniy/Projects/VocalAssistant/datasets/VocalSet/FULL/male7/arpeggios/vibrato/m7_arpeggios_vibrato_u.wav,9.533650793650793,male7,male
m7_caro_straight,Male,m7,StraightTone,MusicalExcerp_Caro,,40.56526,/home/evgeniy/Projects/VocalAssistant/datasets/VocalSet/FULL/male7/excerpts/straight/m7_caro_straight.wav,40.57274376417234,male7,male
m7_caro_vibrato,Male,m7,MoltoVibrato,MusicalExcerp_Caro,o,40.54204,/home/evgeniy/Projects/VocalAssistant/datasets/VocalSet/FULL/male7/excerpts/vibrato/m7_caro_vibrato.wav,40.564739229024944,male7,male
m7_dona_straight,Male,m7,StraightTone,MusicalExcerp_Dona,,22.6859,/home/evgeniy/Projects/VocalAssistant/datasets/VocalSet/FULL/male7/excerpts/straight/m7_dona_straight.wav,22.689750566893423,male7,male
m7_dona_vibrato,Male,m7,MoltoVibrato,MusicalExcerp_Dona,o,23.73079,/home/evgeniy/Projects/VocalAssistant/datasets/VocalSet/FULL/male7/excerpts/vibrato/m7_dona_vibrato.wav,23.73333333333333,male7,male
m7_long_forte_a,Male,m7,FullVoice,Long_tones,a,10.79728,/home/evgeniy/Projects/VocalAssistant/datasets/VocalSet/FULL/male7/long_tones/forte/m7_long_forte_a.wav,10.80233560090703,male7,male
m7_long_forte_e,Male,m7,FullVoice,Long_tones,e,9.5434,/home/evgeniy/Projects/VocalAssistant/datasets/VocalSet/FULL/male7/long_tones/forte/m7_long_forte_e.wav,9.549024943310656,male7,male
m7_long_forte_i,Male,m7,FullVoice,Long_tones,i,9.5434,/home/evgeniy/Projects/VocalAssistant/datasets/VocalSet/FULL/male7/long_tones/forte/m7_long_forte_i.wav,9.549002267573696,male7,male
m7_long_forte_o,Male,m7,FullVoice,Long_tones,o,9.6595,/home/evgeniy/Projects/VocalAssistant/datasets/VocalSet/FULL/male7/long_tones/forte/m7_long_forte_o.wav,9.668390022675736,male7,male
m7_long_forte_u,Male,m7,FullVoice,Long_tones,u,10.26322,/home/evgeniy/Projects/VocalAssistant/datasets/VocalSet/FULL/male7/long_tones/forte/m7_long_forte_u.wav,10.265192743764173,male7,male
m7_long_messa_a,Male,m7,MessaDiVoce,Long_tones,a,25.47229,/home/evgeniy/Projects/VocalAssistant/datasets/VocalSet/FULL/male7/long_tones/messa/m7_long_messa_a.wav,25.47641723356009,male7,male
m7_long_messa_e,Male,m7,MessaDiVoce,Long_tones,e,25.07755,/home/evgeniy/Projects/VocalAssistant/datasets/VocalSet/FULL/male7/long_tones/messa/m7_long_messa_e.wav,25.090408163265305,male7,male
m7_long_messa_i,Male,m7,MessaDiVoce,Long_tones,i,27.91039,/home/evgeniy/Projects/VocalAssistant/datasets/VocalSet/FULL/male7/long_tones/messa/m7_long_messa_i.wav,27.921133786848078,male7,male
m7_long_messa_o,Male,m7,MessaDiVoce,Long_tones,o,25.58839,/home/evgeniy/Projects/VocalAssistant/datasets/VocalSet/FULL/male7/long_tones/messa/m7_long_messa_o.wav,25.605102040816327,male7,male
m7_long_messa_u,Male,m7,MessaDiVoce,Long_tones,u,26.63329,/home/evgeniy/Projects/VocalAssistant/datasets/VocalSet/FULL/male7/long_tones/messa/m7_long_messa_u.wav,26.634421768707483,male7,male
m7_long_straight_e,Male,m7,StraightTone,Long_tones,e,10.07746,/home/evgeniy/Projects/VocalAssistant/datasets/VocalSet/FULL/male7/long_tones/straight/m7_long_straight_e.wav,10.097981859410432,male7,male
m7_long_straight_i,Male,m7,StraightTone,Long_tones,i,10.65796,/home/evgeniy/Projects/VocalAssistant/datasets/VocalSet/FULL/male7/long_tones/straight/m7_long_straight_i.wav,10.678321995464852,male7,male
m7_long_straight_o,Male,m7,StraightTone,Long_tones,o,10.37932,/home/evgeniy/Projects/VocalAssistant/datasets/VocalSet/FULL/male7/long_tones/straight/m7_long_straight_o.wav,10.38814058956916,male7,male
m7_long_straight_u,Male,m7,StraightTone,Long_tones,u,9.96136,/home/evgeniy/Projects/VocalAssistant/datasets/VocalSet/FULL/male7/long_tones/straight/m7_long_straight_u.wav,9.981904761904762,male7,male
m7_long_trill_a,Male,m7,Trill,Long_tones,a,10.79728,/home/evgeniy/Projects/VocalAssistant/datasets/VocalSet/FULL/male7/long_tones/trill/m7_long_trill_a.wav,10.81625850340136,male7,male
m7_long_trill_e,Male,m7,Trill,Long_tones,e,12.00472,/home/evgeniy/Projects/VocalAssistant/datasets/VocalSet/FULL/male7/long_tones/trill/m7_long_trill_e.wav,12.011111111111113,male7,male
m7_long_trill_i,Male,m7,Trill,Long_tones,i,12.12082,/home/evgeniy/Projects/VocalAssistant/datasets/VocalSet/FULL/male7/long_tones/trill/m7_long_trill_i.wav,12.13687074829932,male7,male
m7_long_trill_o,Male,m7,Trill,Long_tones,o,11.7493,/home/evgeniy/Projects/VocalAssistant/datasets/VocalSet/FULL/male7/long_tones/trill/m7_long_trill_o.wav,11.759569160997732,male7,male
m7_long_trill_u,Male,m7,Trill,Long_tones,u,12.70132,/home/evgeniy/Projects/VocalAssistant/datasets/VocalSet/FULL/male7/long_tones/trill/m7_long_trill_u.wav,12.702834467120182,male7,male
m7_long_trillo_a,Male,m7,Trillo,Long_tones,a,9.40408,/home/evgeniy/Projects/VocalAssistant/datasets/VocalSet/FULL/male7/long_tones/trillo/m7_long_trillo_a.wav,9.407891156462584,male7,male
m7_long_trillo_e,Male,m7,Trillo,Long_tones,e,9.33442,/home/evgeniy/Projects/VocalAssistant/datasets/VocalSet/FULL/male7/long_tones/trillo/m7_long_trillo_e.wav,9.356780045351474,male7,male
m7_long_trillo_i,Male,m7,Trillo,Long_tones,i,8.42884,/home/evgeniy/Projects/VocalAssistant/datasets/VocalSet/FULL/male7/long_tones/trillo/m7_long_trillo_i.wav,8.436439909297052,male7,male
m7_long_trillo_o,Male,m7,Trillo,Long_tones,o,8.05732,/home/evgeniy/Projects/VocalAssistant/datasets/VocalSet/FULL/male7/long_tones/trillo/m7_long_trillo_o.wav,8.078526077097505,male7,male
m7_long_trillo_u,Male,m7,Trillo,Long_tones,u,7.96444,/home/evgeniy/Projects/VocalAssistant/datasets/VocalSet/FULL/male7/long_tones/trillo/m7_long_trillo_u.wav,7.97625850340136,male7,male
m7_row_straight,Male,m7,StraightTone,MusicalExcerp_RowRow,,13.69977,/home/evgeniy/Projects/VocalAssistant/datasets/VocalSet/FULL/male7/excerpts/straight/m7_row_straight.wav,13.715555555555556,male7,male
m7_row_vibrato,Male,m7,MoltoVibrato,MusicalExcerp_RowRow,o,15.04653,/home/evgeniy/Projects/VocalAssistant/datasets/VocalSet/FULL/male7/excerpts/vibrato/m7_row_vibrato.wav,15.066009070294784,male7,male
m7_scales_belt_a,Male,m7,Belt_Harsh,Scale,a,7.15175,/home/evgeniy/Projects/VocalAssistant/datasets/VocalSet/FULL/male7/scales/belt/m7_scales_belt_a.wav,7.158027210884354,male7,male
m7_scales_belt_e,Male,m7,Belt_Harsh,Scale,e,8.21986,/home/evgeniy/Projects/VocalAssistant/datasets/VocalSet/FULL/male7/scales/belt/m7_scales_belt_e.wav,8.227074829931972,male7,male
m7_scales_belt_i,Male,m7,Belt_Harsh,Scale,i,9.05578,/home/evgeniy/Projects/VocalAssistant/datasets/VocalSet/FULL/male7/scales/belt/m7_scales_belt_i.wav,9.06371882086168,male7,male
m7_scales_belt_o,Male,m7,Belt_Harsh,Scale,o,9.6595,/home/evgeniy/Projects/VocalAssistant/datasets/VocalSet/FULL/male7/scales/belt/m7_scales_belt_o.wav,9.667959183673467,male7,male
m7_scales_belt_u,Male,m7,Belt_Harsh,Scale,u,9.98458,/home/evgeniy/Projects/VocalAssistant/datasets/VocalSet/FULL/male7/scales/belt/m7_scales_belt_u.wav,9.993333333333334,male7,male
m7_scales_c_fast_forte_a,Male,m7,Fast_Articulated_Forte,Scale,a,3.48299,/home/evgeniy/Projects/VocalAssistant/datasets/VocalSet/FULL/male7/scales/fast_forte/m7_scales_c_fast_forte_a.wav,3.483560090702948,male7,male
m7_scales_c_fast_forte_e,Male,m7,Fast_Articulated_Forte,Scale,e,3.22757,/home/evgeniy/Projects/VocalAssistant/datasets/VocalSet/FULL/male7/scales/fast_forte/m7_scales_c_fast_forte_e.wav,3.246031746031746,male7,male
m7_scales_c_fast_forte_i,Male,m7,Fast_Articulated_Forte,Scale,i,3.32045,/home/evgeniy/Projects/VocalAssistant/datasets/VocalSet/FULL/male7/scales/fast_forte/m7_scales_c_fast_forte_i.wav,3.325215419501134,male7,male
m7_scales_c_fast_forte_o,Male,m7,Fast_Articulated_Forte,Scale,o,3.06503,/home/evgeniy/Projects/VocalAssistant/datasets/VocalSet/FULL/male7/scales/fast_forte/m7_scales_c_fast_forte_o.wav,3.0877097505668933,male7,male
m7_scales_c_fast_forte_u,Male,m7,Fast_Articulated_Forte,Scale,u,3.48299,/home/evgeniy/Projects/VocalAssistant/datasets/VocalSet/FULL/male7/scales/fast_forte/m7_scales_c_fast_forte_u.wav,3.483560090702948,male7,male
m7_scales_c_fast_piano_a,Male,m7,Fast_Articulated_Piano,Scale,a,2.92571,/home/evgeniy/Projects/VocalAssistant/datasets/VocalSet/FULL/male7/scales/fast_piano/m7_scales_c_fast_piano_a.wav,2.9300226757369616,male7,male
m7_scales_c_fast_piano_e,Male,m7,Fast_Articulated_Piano,Scale,e,3.06503,/home/evgeniy/Projects/VocalAssistant/datasets/VocalSet/FULL/male7/scales/fast_piano/m7_scales_c_fast_piano_e.wav,3.077777777777778,male7,male
m7_scales_c_fast_piano_i,Male,m7,Fast_Articulated_Piano,Scale,i,3.01859,/home/evgeniy/Projects/VocalAssistant/datasets/VocalSet/FULL/male7/scales/fast_piano/m7_scales_c_fast_piano_i.wav,3.028526077097505,male7,male
m7_scales_c_fast_piano_o,Male,m7,Fast_Articulated_Piano,Scale,o,3.04181,/home/evgeniy/Projects/VocalAssistant/datasets/VocalSet/FULL/male7/scales/fast_piano/m7_scales_c_fast_piano_o.wav,3.053151927437641,male7,male
m7_scales_c_fast_piano_u,Male,m7,Fast_Articulated_Piano,Scale,u,3.01859,/home/evgeniy/Projects/VocalAssistant/datasets/VocalSet/FULL/male7/scales/fast_piano/m7_scales_c_fast_piano_u.wav,3.028526077097505,male7,male
m7_scales_c_slow_forte_i,Male,m7,Slow_Legato_Forte,Scale,i,9.40408,/home/evgeniy/Projects/VocalAssistant/datasets/VocalSet/FULL/male7/scales/slow_forte/m7_scales_c_slow_forte_i.wav,9.408548752834466,male7,male
m7_scales_c_slow_forte_o,Male,m7,Slow_Legato_Forte,Scale,o,9.79882,/home/evgeniy/Projects/VocalAssistant/datasets/VocalSet/FULL/male7/scales/slow_forte/m7_scales_c_slow_forte_o.wav,9.81986394557823,male7,male
m7_scales_c_slow_piano_a,Male,m7,Slow_Legato_Piano,Scale,a,10.95982,/home/evgeniy/Projects/VocalAssistant/datasets/VocalSet/FULL/male7/scales/slow_piano/m7_scales_c_slow_piano_a.wav,10.977097505668937,male7,male
m7_scales_c_slow_piano_e,Male,m7,Slow_Legato_Piano,Scale,e,11.14558,/home/evgeniy/Projects/VocalAssistant/datasets/VocalSet/FULL/male7/scales/slow_piano/m7_scales_c_slow_piano_e.wav,11.149501133786847,male7,male
m7_scales_c_slow_piano_i,Male,m7,Slow_Legato_Piano,Scale,i,11.30812,/home/evgeniy/Projects/VocalAssistant/datasets/VocalSet/FULL/male7/scales/slow_piano/m7_scales_c_slow_piano_i.wav,11.32190476190476,male7,male
m7_scales_c_slow_piano_o,Male,m7,Slow_Legato_Piano,Scale,o,11.42422,/home/evgeniy/Projects/VocalAssistant/datasets/VocalSet/FULL/male7/scales/slow_piano/m7_scales_c_slow_piano_o.wav,11.43687074829932,male7,male
m7_scales_c_slow_piano_u,Male,m7,Slow_Legato_Piano,Scale,u,10.91338,/home/evgeniy/Projects/VocalAssistant/datasets/VocalSet/FULL/male7/scales/slow_piano/m7_scales_c_slow_piano_u.wav,10.919614512471655,male7,male
m7_scales_f_fast_forte_a,Male,m7,Fast_Articulated_Forte,Scale,a,3.50621,/home/evgeniy/Projects/VocalAssistant/datasets/VocalSet/FULL/male7/scales/fast_forte/m7_scales_f_fast_forte_a.wav,3.528185941043084,male7,male
m7_scales_f_fast_forte_e,Male,m7,Fast_Articulated_Forte,Scale,e,3.57587,/home/evgeniy/Projects/VocalAssistant/datasets/VocalSet/FULL/male7/scales/fast_forte/m7_scales_f_fast_forte_e.wav,3.589546485260771,male7,male
m7_scales_f_fast_forte_i,Male,m7,Fast_Articulated_Forte,Scale,i,3.55265,/home/evgeniy/Projects/VocalAssistant/datasets/VocalSet/FULL/male7/scales/fast_forte/m7_scales_f_fast_forte_i.wav,3.5588662131519277,male7,male
m7_scales_f_fast_forte_o,Male,m7,Fast_Articulated_Forte,Scale,o,3.69197,/home/evgeniy/Projects/VocalAssistant/datasets/VocalSet/FULL/male7/scales/fast_forte/m7_scales_f_fast_forte_o.wav,3.712267573696145,male7,male
m7_scales_f_fast_forte_u,Male,m7,Fast_Articulated_Forte,Scale,u,3.55265,/home/evgeniy/Projects/VocalAssistant/datasets/VocalSet/FULL/male7/scales/fast_forte/m7_scales_f_fast_forte_u.wav,3.5588662131519277,male7,male
m7_scales_f_fast_piano_a,Male,m7,Fast_Articulated_Piano,Scale,a,3.32045,/home/evgeniy/Projects/VocalAssistant/datasets/VocalSet/FULL/male7/scales/fast_piano/m7_scales_f_fast_piano_a.wav,3.337573696145125,male7,male
m7_scales_f_fast_piano_e,Male,m7,Fast_Articulated_Piano,Scale,e,3.25079,/home/evgeniy/Projects/VocalAssistant/datasets/VocalSet/FULL/male7/scales/fast_piano/m7_scales_f_fast_piano_e.wav,3.262857142857143,male7,male
m7_scales_f_fast_piano_i,Male,m7,Fast_Articulated_Piano,Scale,i,3.27401,/home/evgeniy/Projects/VocalAssistant/datasets/VocalSet/FULL/male7/scales/fast_piano/m7_scales_f_fast_piano_i.wav,3.2877551020408164,male7,male
m7_scales_f_fast_piano_o,Male,m7,Fast_Articulated_Piano,Scale,o,3.32045,/home/evgeniy/Projects/VocalAssistant/datasets/VocalSet/FULL/male7/scales/fast_piano/m7_scales_f_fast_piano_o.wav,3.337596371882086,male7,male
m7_scales_f_fast_piano_u,Male,m7,Fast_Articulated_Piano,Scale,u,3.48299,/home/evgeniy/Projects/VocalAssistant/datasets/VocalSet/FULL/male7/scales/fast_piano/m7_scales_f_fast_piano_u.wav,3.4870068027210883,male7,male
m7_scales_f_slow_piano_a,Male,m7,Slow_Legato_Piano,Scale,a,11.60998,/home/evgeniy/Projects/VocalAssistant/datasets/VocalSet/FULL/male7/scales/slow_piano/m7_scales_f_slow_piano_a.wav,11.61639455782313,male7,male
m7_scales_f_slow_piano_e,Male,m7,Slow_Legato_Piano,Scale,e,12.05116,/home/evgeniy/Projects/VocalAssistant/datasets/VocalSet/FULL/male7/scales/slow_piano/m7_scales_f_slow_piano_e.wav,12.05358276643991,male7,male
m7_scales_f_slow_piano_i,Male,m7,Slow_Legato_Piano,Scale,i,12.05116,/home/evgeniy/Projects/VocalAssistant/datasets/VocalSet/FULL/male7/scales/slow_piano/m7_scales_f_slow_piano_i.wav,12.05358276643991,male7,male
m7_scales_f_slow_piano_o,Male,m7,Slow_Legato_Piano,Scale,o,12.6781,/home/evgeniy/Projects/VocalAssistant/datasets/VocalSet/FULL/male7/scales/slow_piano/m7_scales_f_slow_piano_o.wav,12.6781179138322,male7,male
m7_scales_f_slow_piano_u,Male,m7,Slow_Legato_Piano,Scale,u,13.23537,/home/evgeniy/Projects/VocalAssistant/datasets/VocalSet/FULL/male7/scales/slow_piano/m7_scales_f_slow_piano_u.wav,13.240204081632651,male7,male
m7_scales_lip_trill_a,Male,m7,Lip_Trill,Scale,a,3.64553,/home/evgeniy/Projects/VocalAssistant/datasets/VocalSet/FULL/male7/scales/lip_trill/m7_scales_lip_trill_a.wav,3.659410430839002,male7,male
m7_scales_lip_trill_i,Male,m7,Lip_Trill,Scale,i,3.50621,/home/evgeniy/Projects/VocalAssistant/datasets/VocalSet/FULL/male7/scales/lip_trill/m7_scales_lip_trill_i.wav,3.508185941043084,male7,male
m7_scales_lip_trill_o,Male,m7,Lip_Trill,Scale,o,3.97061,/home/evgeniy/Projects/VocalAssistant/datasets/VocalSet/FULL/male7/scales/lip_trill/m7_scales_lip_trill_o.wav,3.992063492063492,male7,male
m7_scales_lip_trill_u,Male,m7,Lip_Trill,Scale,u,4.36535,/home/evgeniy/Projects/VocalAssistant/datasets/VocalSet/FULL/male7/scales/lip_trill/m7_scales_lip_trill_u.wav,4.385238095238095,male7,male
m7_scales_straight_a,Male,m7,StraightTone,Scale,a,11.26168,/home/evgeniy/Projects/VocalAssistant/datasets/VocalSet/FULL/male7/scales/straight/m7_scales_straight_a.wav,11.279750566893425,male7,male
m7_scales_straight_e,Male,m7,StraightTone,Scale,e,10.63474,/home/evgeniy/Projects/VocalAssistant/datasets/VocalSet/FULL/male7/scales/straight/m7_scales_straight_e.wav,10.646689342403628,male7,male
m7_scales_straight_i,Male,m7,StraightTone,Scale,i,10.51864,/home/evgeniy/Projects/VocalAssistant/datasets/VocalSet/FULL/male7/scales/straight/m7_scales_straight_i.wav,10.531609977324264,male7,male
m7_scales_straight_o,Male,m7,StraightTone,Scale,o,11.37778,/home/evgeniy/Projects/VocalAssistant/datasets/VocalSet/FULL/male7/scales/straight/m7_scales_straight_o.wav,11.394829931972788,male7,male
m7_scales_straight_u,Male,m7,StraightTone,Scale,u,10.75084,/home/evgeniy/Projects/VocalAssistant/datasets/VocalSet/FULL/male7/scales/straight/m7_scales_straight_u.wav,10.761791383219954,male7,male
m7_scales_vibrato_a,Male,m7,MoltoVibrato,Scale,a,9.70594,/home/evgeniy/Projects/VocalAssistant/datasets/VocalSet/FULL/male7/scales/vibrato/m7_scales_vibrato_a.wav,9.714739229024945,male7,male
m7_scales_vibrato_e,Male,m7,MoltoVibrato,Scale,e,10.89016,/home/evgeniy/Projects/VocalAssistant/datasets/VocalSet/FULL/male7/scales/vibrato/m7_scales_vibrato_e.wav,10.907777777777778,male7,male
m7_scales_vibrato_i,Male,m7,MoltoVibrato,Scale,i,11.70286,/home/evgeniy/Projects/VocalAssistant/datasets/VocalSet/FULL/male7/scales/vibrato/m7_scales_vibrato_i.wav,11.70315192743764,male7,male
m7_scales_vibrato_o,Male,m7,MoltoVibrato,Scale,o,12.72454,/home/evgeniy/Projects/VocalAssistant/datasets/VocalSet/FULL/male7/scales/vibrato/m7_scales_vibrato_o.wav,12.725736961451249,male7,male
m7_scales_vibrato_u,Male,m7,MoltoVibrato,Scale,u,12.53878,/home/evgeniy/Projects/VocalAssistant/datasets/VocalSet/FULL/male7/scales/vibrato/m7_scales_vibrato_u.wav,12.55530612244898,male7,male
m8_arpeggios_belt_a,Male,m8,Belt_Harsh,Arpeggio,a,5.66567,/home/evgeniy/Projects/VocalAssistant/datasets/VocalSet/FULL/male8/arpeggios/belt/m8_arpeggios_belt_a.wav,5.670226757369615,male8,male
m8_arpeggios_belt_e,Male,m8,Belt_Harsh,Arpeggio,e,5.43347,/home/evgeniy/Projects/VocalAssistant/datasets/VocalSet/FULL/male8/arpeggios/belt/m8_arpeggios_belt_e.wav,5.445986394557823,male8,male
m8_arpeggios_belt_i,Male,m8,Belt_Harsh,Arpeggio,i,5.52635,/home/evgeniy/Projects/VocalAssistant/datasets/VocalSet/FULL/male8/arpeggios/belt/m8_arpeggios_belt_i.wav,5.542086167800454,male8,male
m8_arpeggios_belt_o,Male,m8,Belt_Harsh,Arpeggio,o,5.45669,/home/evgeniy/Projects/VocalAssistant/datasets/VocalSet/FULL/male8/arpeggios/belt/m8_arpeggios_belt_o.wav,5.4780045351473925,male8,male
m8_arpeggios_belt_u,Male,m8,Belt_Harsh,Arpeggio,u,5.66567,/home/evgeniy/Projects/VocalAssistant/datasets/VocalSet/FULL/male8/arpeggios/belt/m8_arpeggios_belt_u.wav,5.670226757369615,male8,male
m8_arpeggios_breathy_a,Male,m8,VeryBreathy,Arpeggio,a,6.59447,/home/evgeniy/Projects/VocalAssistant/datasets/VocalSet/FULL/male8/arpeggios/breathy/m8_arpeggios_breathy_a.wav,6.617551020408163,male8,male
m8_arpeggios_breathy_e,Male,m8,VeryBreathy,Arpeggio,e,6.38549,/home/evgeniy/Projects/VocalAssistant/datasets/VocalSet/FULL/male8/arpeggios/breathy/m8_arpeggios_breathy_e.wav,6.392471655328798,male8,male
m8_arpeggios_breathy_i,Male,m8,VeryBreathy,Arpeggio,i,6.19973,/home/evgeniy/Projects/VocalAssistant/datasets/VocalSet/FULL/male8/arpeggios/breathy/m8_arpeggios_breathy_i.wav,6.212380952380952,male8,male
m8_arpeggios_breathy_o,Male,m8,VeryBreathy,Arpeggio,o,6.33905,/home/evgeniy/Projects/VocalAssistant/datasets/VocalSet/FULL/male8/arpeggios/breathy/m8_arpeggios_breathy_o.wav,6.3474376417233564,male8,male
m8_arpeggios_breathy_u,Male,m8,VeryBreathy,Arpeggio,u,6.73379,/home/evgeniy/Projects/VocalAssistant/datasets/VocalSet/FULL/male8/arpeggios/breathy/m8_arpeggios_breathy_u.wav,6.752607709750567,male8,male
m8_arpeggios_c_fast_forte_a,Male,m8,Fast_Articulated_Forte,Arpeggio,a,2.18268,/home/evgeniy/Projects/VocalAssistant/datasets/VocalSet/FULL/male8/arpeggios/fast_forte/m8_arpeggios_c_fast_forte_a.wav,2.201201814058957,male8,male
m8_arpeggios_c_fast_forte_e,Male,m8,Fast_Articulated_Forte,Arpeggio,e,2.2059,/home/evgeniy/Projects/VocalAssistant/datasets/VocalSet/FULL/male8/arpeggios/fast_forte/m8_arpeggios_c_fast_forte_e.wav,2.2241496598639454,male8,male
m8_arpeggios_c_fast_forte_i,Male,m8,Fast_Articulated_Forte,Arpeggio,i,2.11302,/home/evgeniy/Projects/VocalAssistant/datasets/VocalSet/FULL/male8/arpeggios/fast_forte/m8_arpeggios_c_fast_forte_i.wav,2.132426303854875,male8,male
m8_arpeggios_c_fast_forte_o,Male,m8,Fast_Articulated_Forte,Arpeggio,o,2.36844,/home/evgeniy/Projects/VocalAssistant/datasets/VocalSet/FULL/male8/arpeggios/fast_forte/m8_arpeggios_c_fast_forte_o.wav,2.3846485260770973,male8,male
m8_arpeggios_c_fast_forte_u,Male,m8,Fast_Articulated_Forte,Arpeggio,u,2.39166,/home/evgeniy/Projects/VocalAssistant/datasets/VocalSet/FULL/male8/arpeggios/fast_forte/m8_arpeggios_c_fast_forte_u.wav,2.407573696145125,male8,male
m8_arpeggios_c_fast_piano_a,Male,m8,Fast_Articulated_Piano,Arpeggio,a,2.06658,/home/evgeniy/Projects/VocalAssistant/datasets/VocalSet/FULL/male8/arpeggios/fast_piano/m8_arpeggios_c_fast_piano_a.wav,2.0826303854875285,male8,male
m8_arpeggios_c_fast_piano_e,Male,m8,Fast_Articulated_Piano,Arpeggio,e,2.25234,/home/evgeniy/Projects/VocalAssistant/datasets/VocalSet/FULL/male8/arpeggios/fast_piano/m8_arpeggios_c_fast_piano_e.wav,2.266394557823129,male8,male
m8_arpeggios_c_fast_piano_i,Male,m8,Fast_Articulated_Piano,Arpeggio,i,2.2059,/home/evgeniy/Projects/VocalAssistant/datasets/VocalSet/FULL/male8/arpeggios/fast_piano/m8_arpeggios_c_fast_piano_i.wav,2.225555555555556,male8,male
m8_arpeggios_c_fast_piano_o,Male,m8,Fast_Articulated_Piano,Arpeggio,o,2.25234,/home/evgeniy/Projects/VocalAssistant/datasets/VocalSet/FULL/male8/arpeggios/fast_piano/m8_arpeggios_c_fast_piano_o.wav,2.266394557823129,male8,male
m8_arpeggios_c_fast_piano_u,Male,m8,Fast_Articulated_Piano,Arpeggio,u,1.95048,/home/evgeniy/Projects/VocalAssistant/datasets/VocalSet/FULL/male8/arpeggios/fast_piano/m8_arpeggios_c_fast_piano_u.wav,1.9601133786848075,male8,male
m8_arpeggios_c_slow_piano_a,Male,m8,Slow_Legato_Piano,Arpeggio,a,6.19973,/home/evgeniy/Projects/VocalAssistant/datasets/VocalSet/FULL/male8/arpeggios/slow_piano/m8_arpeggios_c_slow_piano_a.wav,6.218843537414966,male8,male
m8_arpeggios_c_slow_piano_e,Male,m8,Slow_Legato_Piano,Arpeggio,e,6.13007,/home/evgeniy/Projects/VocalAssistant/datasets/VocalSet/FULL/male8/arpeggios/slow_piano/m8_arpeggios_c_slow_piano_e.wav,6.142539682539683,male8,male
m8_arpeggios_c_slow_piano_i,Male,m8,Slow_Legato_Piano,Arpeggio,i,5.78177,/home/evgeniy/Projects/VocalAssistant/datasets/VocalSet/FULL/male8/arpeggios/slow_piano/m8_arpeggios_c_slow_piano_i.wav,5.799160997732426,male8,male
m8_arpeggios_c_slow_piano_o,Male,m8,Slow_Legato_Piano,Arpeggio,o,6.36227,/home/evgeniy/Projects/VocalAssistant/datasets/VocalSet/FULL/male8/arpeggios/slow_piano/m8_arpeggios_c_slow_piano_o.wav,6.371451247165533,male8,male
m8_arpeggios_c_slow_piano_u,Male,m8,Slow_Legato_Piano,Arpeggio,u,5.24771,/home/evgeniy/Projects/VocalAssistant/datasets/VocalSet/FULL/male8/arpeggios/slow_piano/m8_arpeggios_c_slow_piano_u.wav,5.265034013605442,male8,male
m8_arpeggios_f_fast_forte_a,Male,m8,Fast_Articulated_Forte,Arpeggio,a,2.73995,/home/evgeniy/Projects/VocalAssistant/datasets/VocalSet/FULL/male8/arpeggios/fast_forte/m8_arpeggios_f_fast_forte_a.wav,2.752517006802721,male8,male
m8_arpeggios_f_fast_forte_e,Male,m8,Fast_Articulated_Forte,Arpeggio,e,2.62385,/home/evgeniy/Projects/VocalAssistant/datasets/VocalSet/FULL/male8/arpeggios/fast_forte/m8_arpeggios_f_fast_forte_e.wav,2.6432879818594106,male8,male
m8_arpeggios_f_fast_forte_o,Male,m8,Fast_Articulated_Forte,Arpeggio,o,2.67029,/home/evgeniy/Projects/VocalAssistant/datasets/VocalSet/FULL/male8/arpeggios/fast_forte/m8_arpeggios_f_fast_forte_o.wav,2.686984126984127,male8,male
m8_arpeggios_f_fast_forte_u,Male,m8,Fast_Articulated_Forte,Arpeggio,u,2.76317,/home/evgeniy/Projects/VocalAssistant/datasets/VocalSet/FULL/male8/arpeggios/fast_forte/m8_arpeggios_f_fast_forte_u.wav,2.77437641723356,male8,male
m8_arpeggios_f_fast_piano_a,Male,m8,Fast_Articulated_Piano,Arpeggio,a,3.18113,/home/evgeniy/Projects/VocalAssistant/datasets/VocalSet/FULL/male8/arpeggios/fast_piano/m8_arpeggios_f_fast_piano_a.wav,3.195102040816326,male8,male
m8_arpeggios_f_fast_piano_e,Male,m8,Fast_Articulated_Piano,Arpeggio,e,3.25079,/home/evgeniy/Projects/VocalAssistant/datasets/VocalSet/FULL/male8/arpeggios/fast_piano/m8_arpeggios_f_fast_piano_e.wav,3.265578231292517,male8,male
m8_arpeggios_f_fast_piano_i,Male,m8,Fast_Articulated_Piano,Arpeggio,i,3.29723,/home/evgeniy/Projects/VocalAssistant/datasets/VocalSet/FULL/male8/arpeggios/fast_piano/m8_arpeggios_f_fast_piano_i.wav,3.3125850340136056,male8,male
m8_arpeggios_f_fast_piano_o,Male,m8,Fast_Articulated_Piano,Arpeggio,o,3.25079,/home/evgeniy/Projects/VocalAssistant/datasets/VocalSet/FULL/male8/arpeggios/fast_piano/m8_arpeggios_f_fast_piano_o.wav,3.2656009070294783,male8,male
m8_arpeggios_f_fast_piano_u,Male,m8,Fast_Articulated_Piano,Arpeggio,u,3.32045,/home/evgeniy/Projects/VocalAssistant/datasets/VocalSet/FULL/male8/arpeggios/fast_piano/m8_arpeggios_f_fast_piano_u.wav,3.336054421768708,male8,male
m8_arpeggios_f_slow_forte_a,Male,m8,Slow_Legato_Forte,Arpeggio,a,5.50313,/home/evgeniy/Projects/VocalAssistant/datasets/VocalSet/FULL/male8/arpeggios/slow_forte/m8_arpeggios_f_slow_forte_a.wav,5.52015873015873,male8,male
m8_arpeggios_f_slow_forte_e,Male,m8,Slow_Legato_Forte,Arpeggio,e,6.13007,/home/evgeniy/Projects/VocalAssistant/datasets/VocalSet/FULL/male8/arpeggios/slow_forte/m8_arpeggios_f_slow_forte_e.wav,6.149047619047619,male8,male
m8_arpeggios_f_slow_forte_u,Male,m8,Slow_Legato_Forte,Arpeggio,u,5.92109,/home/evgeniy/Projects/VocalAssistant/datasets/VocalSet/FULL/male8/arpeggios/slow_forte/m8_arpeggios_f_slow_forte_u.wav,5.939410430839002,male8,male
m8_arpeggios_f_slow_piano_a,Male,m8,Slow_Legato_Piano,Arpeggio,a,6.43193,/home/evgeniy/Projects/VocalAssistant/datasets/VocalSet/FULL/male8/arpeggios/slow_piano/m8_arpeggios_f_slow_piano_a.wav,6.445011337868481,male8,male
m8_arpeggios_f_slow_piano_e,Male,m8,Slow_Legato_Piano,Arpeggio,e,6.10685,/home/evgeniy/Projects/VocalAssistant/datasets/VocalSet/FULL/male8/arpeggios/slow_piano/m8_arpeggios_f_slow_piano_e.wav,6.124557823129252,male8,male
m8_arpeggios_f_slow_piano_i,Male,m8,Slow_Legato_Piano,Arpeggio,i,6.03719,/home/evgeniy/Projects/VocalAssistant/datasets/VocalSet/FULL/male8/arpeggios/slow_piano/m8_arpeggios_f_slow_piano_i.wav,6.053333333333334,male8,male
m8_arpeggios_f_slow_piano_o,Male,m8,Slow_Legato_Piano,Arpeggio,o,5.89787,/home/evgeniy/Projects/VocalAssistant/datasets/VocalSet/FULL/male8/arpeggios/slow_piano/m8_arpeggios_f_slow_piano_o.wav,5.910884353741497,male8,male
m8_arpeggios_f_slow_piano_u,Male,m8,Slow_Legato_Piano,Arpeggio,u,6.17651,/home/evgeniy/Projects/VocalAssistant/datasets/VocalSet/FULL/male8/arpeggios/slow_piano/m8_arpeggios_f_slow_piano_u.wav,6.195759637188209,male8,male
m8_arpeggios_lip_trill_a,Male,m8,Lip_Trill,Arpeggio,a,6.45515,/home/evgeniy/Projects/VocalAssistant/datasets/VocalSet/FULL/male8/arpeggios/lip_trill/m8_arpeggios_lip_trill_a.wav,6.468684807256236,male8,male
m8_arpeggios_lip_trill_e,Male,m8,Lip_Trill,Arpeggio,e,6.68735,/home/evgeniy/Projects/VocalAssistant/datasets/VocalSet/FULL/male8/arpeggios/lip_trill/m8_arpeggios_lip_trill_e.wav,6.699727891156463,male8,male
m8_arpeggios_lip_trill_i,Male,m8,Lip_Trill,Arpeggio,i,6.45515,/home/evgeniy/Projects/VocalAssistant/datasets/VocalSet/FULL/male8/arpeggios/lip_trill/m8_arpeggios_lip_trill_i.wav,6.468684807256236,male8,male
m8_arpeggios_lip_trill_o,Male,m8,Lip_Trill,Arpeggio,o,6.50159,/home/evgeniy/Projects/VocalAssistant/datasets/VocalSet/FULL/male8/arpeggios/lip_trill/m8_arpeggios_lip_trill_o.wav,6.50718820861678,male8,male
m8_arpeggios_lip_trill_u,Male,m8,Lip_Trill,Arpeggio,u,6.50159,/home/evgeniy/Projects/VocalAssistant/datasets/VocalSet/FULL/male8/arpeggios/lip_trill/m8_arpeggios_lip_trill_u.wav,6.507210884353741,male8,male
m8_arpeggios_straight_a,Male,m8,Slow_StraightTone,Arpeggio,a,7.29107,/home/evgeniy/Projects/VocalAssistant/datasets/VocalSet/FULL/male8/arpeggios/straight/m8_arpeggios_straight_a.wav,7.296916099773242,male8,male
m8_arpeggios_straight_e,Male,m8,Slow_StraightTone,Arpeggio,e,7.19819,/home/evgeniy/Projects/VocalAssistant/datasets/VocalSet/FULL/male8/arpeggios/straight/m8_arpeggios_straight_e.wav,7.218866213151927,male8,male
m8_arpeggios_straight_i,Male,m8,Slow_StraightTone,Arpeggio,i,6.96599,/home/evgeniy/Projects/VocalAssistant/datasets/VocalSet/FULL/male8/arpeggios/straight/m8_arpeggios_straight_i.wav,6.984761904761905,male8,male
m8_arpeggios_straight_o,Male,m8,Slow_StraightTone,Arpeggio,o,6.71057,/home/evgeniy/Projects/VocalAssistant/datasets/VocalSet/FULL/male8/arpeggios/straight/m8_arpeggios_straight_o.wav,6.7115873015873015,male8,male
m8_arpeggios_straight_u,Male,m8,Slow_StraightTone,Arpeggio,u,7.08209,/home/evgeniy/Projects/VocalAssistant/datasets/VocalSet/FULL/male8/arpeggios/straight/m8_arpeggios_straight_u.wav,7.101814058956916,male8,male
m8_arpeggios_vibrato_a,Male,m8,Slow_MoltoVibrato,Arpeggio,a,6.84989,/home/evgeniy/Projects/VocalAssistant/datasets/VocalSet/FULL/male8/arpeggios/vibrato/m8_arpeggios_vibrato_a.wav,6.852131519274376,male8,male
m8_arpeggios_vibrato_e,Male,m8,Slow_MoltoVibrato,Arpeggio,e,6.87311,/home/evgeniy/Projects/VocalAssistant/datasets/VocalSet/FULL/male8/arpeggios/vibrato/m8_arpeggios_vibrato_e.wav,6.890204081632653,male8,male
m8_arpeggios_vibrato_i,Male,m8,Slow_MoltoVibrato,Arpeggio,i,6.96599,/home/evgeniy/Projects/VocalAssistant/datasets/VocalSet/FULL/male8/arpeggios/vibrato/m8_arpeggios_vibrato_i.wav,6.966349206349206,male8,male
m8_arpeggios_vibrato_o,Male,m8,Slow_MoltoVibrato,Arpeggio,o,6.96599,/home/evgeniy/Projects/VocalAssistant/datasets/VocalSet/FULL/male8/arpeggios/vibrato/m8_arpeggios_vibrato_o.wav,6.966326530612245,male8,male
m8_arpeggios_vibrato_u,Male,m8,Slow_MoltoVibrato,Arpeggio,u,6.98921,/home/evgeniy/Projects/VocalAssistant/datasets/VocalSet/FULL/male8/arpeggios/vibrato/m8_arpeggios_vibrato_u.wav,7.004399092970521,male8,male
m8_caro_straight,Male,m8,StraightTone,MusicalExcerp_Caro,,43.58386,/home/evgeniy/Projects/VocalAssistant/datasets/VocalSet/FULL/male8/excerpts/straight/m8_caro_straight.wav,43.60331065759637,male8,male
m8_dona_straight,Male,m8,StraightTone,MusicalExcerp_Dona,,22.54658,/home/evgeniy/Projects/VocalAssistant/datasets/VocalSet/FULL/male8/excerpts/straight/m8_dona_straight.wav,22.54702947845805,male8,male
m8_dona_vibrato,Male,m8,MoltoVibrato,MusicalExcerp_Dona,o,22.98776,/home/evgeniy/Projects/VocalAssistant/datasets/VocalSet/FULL/male8/excerpts/vibrato/m8_dona_vibrato.wav,23.006349206349206,male8,male
m8_long_forte_a,Male,m8,FullVoice,Long_tones,a,9.52018,/home/evgeniy/Projects/VocalAssistant/datasets/VocalSet/FULL/male8/long_tones/forte/m8_long_forte_a.wav,9.522925170068028,male8,male
m8_long_forte_e,Male,m8,FullVoice,Long_tones,e,9.47374,/home/evgeniy/Projects/VocalAssistant/datasets/VocalSet/FULL/male8/long_tones/forte/m8_long_forte_e.wav,9.473832199546486,male8,male
m8_long_forte_i,Male,m8,FullVoice,Long_tones,i,9.52018,/home/evgeniy/Projects/VocalAssistant/datasets/VocalSet/FULL/male8/long_tones/forte/m8_long_forte_i.wav,9.522902494331063,male8,male
m8_long_forte_o,Male,m8,FullVoice,Long_tones,o,9.00934,/home/evgeniy/Projects/VocalAssistant/datasets/VocalSet/FULL/male8/long_tones/forte/m8_long_forte_o.wav,9.03204081632653,male8,male
m8_long_forte_u,Male,m8,FullVoice,Long_tones,u,8.3824,/home/evgeniy/Projects/VocalAssistant/datasets/VocalSet/FULL/male8/long_tones/forte/m8_long_forte_u.wav,8.393900226757369,male8,male
m8_long_messa_a,Male,m8,MessaDiVoce,Long_tones,a,11.0527,/home/evgeniy/Projects/VocalAssistant/datasets/VocalSet/FULL/male8/long_tones/messa/m8_long_messa_a.wav,11.058321995464851,male8,male
m8_long_messa_e,Male,m8,MessaDiVoce,Long_tones,e,10.03102,/home/evgeniy/Projects/VocalAssistant/datasets/VocalSet/FULL/male8/long_tones/messa/m8_long_messa_e.wav,10.048185941043084,male8,male
m8_long_messa_i,Male,m8,MessaDiVoce,Long_tones,i,10.56508,/home/evgeniy/Projects/VocalAssistant/datasets/VocalSet/FULL/male8/long_tones/messa/m8_long_messa_i.wav,10.579818594104308,male8,male
m8_long_messa_o,Male,m8,MessaDiVoce,Long_tones,o,9.93814,/home/evgeniy/Projects/VocalAssistant/datasets/VocalSet/FULL/male8/long_tones/messa/m8_long_messa_o.wav,9.94185941043084,male8,male
m8_long_messa_u,Male,m8,MessaDiVoce,Long_tones,u,9.93814,/home/evgeniy/Projects/VocalAssistant/datasets/VocalSet/FULL/male8/long_tones/messa/m8_long_messa_u.wav,9.94185941043084,male8,male
m8_long_straight_a,Male,m8,StraightTone,Long_tones,a,10.40254,/home/evgeniy/Projects/VocalAssistant/datasets/VocalSet/FULL/male8/long_tones/straight/m8_long_straight_a.wav,10.418072562358276,male8,male
m8_long_straight_e,Male,m8,StraightTone,Long_tones,e,10.0078,/home/evgeniy/Projects/VocalAssistant/datasets/VocalSet/FULL/male8/long_tones/straight/m8_long_straight_e.wav,10.019297052154196,male8,male
m8_long_straight_i,Male,m8,StraightTone,Long_tones,i,9.10222,/home/evgeniy/Projects/VocalAssistant/datasets/VocalSet/FULL/male8/long_tones/straight/m8_long_straight_i.wav,9.12204081632653,male8,male
m8_long_straight_o,Male,m8,StraightTone,Long_tones,o,9.26476,/home/evgeniy/Projects/VocalAssistant/datasets/VocalSet/FULL/male8/long_tones/straight/m8_long_straight_o.wav,9.2715873015873,male8,male
m8_long_straight_u,Male,m8,StraightTone,Long_tones,u,9.00934,/home/evgeniy/Projects/VocalAssistant/datasets/VocalSet/FULL/male8/long_tones/straight/m8_long_straight_u.wav,9.022358276643992,male8,male
m8_long_trill_a,Male,m8,Trill,Long_tones,a,9.56662,/home/evgeniy/Projects/VocalAssistant/datasets/VocalSet/FULL/male8/long_tones/trill/m8_long_trill_a.wav,9.577687074829932,male8,male
m8_long_trill_e,Male,m8,Trill,Long_tones,e,9.12544,/home/evgeniy/Projects/VocalAssistant/datasets/VocalSet/FULL/male8/long_tones/trill/m8_long_trill_e.wav,9.147936507936508,male8,male
m8_long_trill_i,Male,m8,Trill,Long_tones,i,8.59138,/home/evgeniy/Projects/VocalAssistant/datasets/VocalSet/FULL/male8/long_tones/trill/m8_long_trill_i.wav,8.595374149659865,male8,male
m8_long_trill_o,Male,m8,Trill,Long_tones,o,8.70748,/home/evgeniy/Projects/VocalAssistant/datasets/VocalSet/FULL/male8/long_tones/trill/m8_long_trill_o.wav,8.718163265306123,male8,male
m8_long_trill_u,Male,m8,Trill,Long_tones,u,9.3112,/home/evgeniy/Projects/VocalAssistant/datasets/VocalSet/FULL/male8/long_tones/trill/m8_long_trill_u.wav,9.332108843537416,male8,male
m8_long_trillo_a,Male,m8,Trillo,Long_tones,a,8.87002,/home/evgeniy/Projects/VocalAssistant/datasets/VocalSet/FULL/male8/long_tones/trillo/m8_long_trillo_a.wav,8.888480725623582,male8,male
m8_long_trillo_e,Male,m8,Trillo,Long_tones,e,9.10222,/home/evgeniy/Projects/VocalAssistant/datasets/VocalSet/FULL/male8/long_tones/trillo/m8_long_trillo_e.wav,9.119954648526075,male8,male
m8_long_trillo_i,Male,m8,Trillo,Long_tones,i,8.68426,/home/evgeniy/Projects/VocalAssistant/datasets/VocalSet/FULL/male8/long_tones/trillo/m8_long_trillo_i.wav,8.703287981859411,male8,male
m8_long_trillo_o,Male,m8,Trillo,Long_tones,o,8.77714,/home/evgeniy/Projects/VocalAssistant/datasets/VocalSet/FULL/male8/long_tones/trillo/m8_long_trillo_o.wav,8.795873015873015,male8,male
m8_long_trillo_u,Male,m8,Trillo,Long_tones,u,6.75701,/home/evgeniy/Projects/VocalAssistant/datasets/VocalSet/FULL/male8/long_tones/trillo/m8_long_trillo_u.wav,6.758934240362811,male8,male
m8_row_vibrato,Male,m8,MoltoVibrato,MusicalExcerp_RowRow,o,14.18739,/home/evgeniy/Projects/VocalAssistant/datasets/VocalSet/FULL/male8/excerpts/vibrato/m8_row_vibrato.wav,14.198004535147392,male8,male
m8_scales_belt_a,Male,m8,Belt_Harsh,Scale,a,8.05732,/home/evgeniy/Projects/VocalAssistant/datasets/VocalSet/FULL/male8/scales/belt/m8_scales_belt_a.wav,8.069319727891157,male8,male
m8_scales_belt_e,Male,m8,Belt_Harsh,Scale,e,7.19819,/home/evgeniy/Projects/VocalAssistant/datasets/VocalSet/FULL/male8/scales/belt/m8_scales_belt_e.wav,7.204761904761905,male8,male
m8_scales_belt_i,Male,m8,Belt_Harsh,Scale,i,7.26785,/home/evgeniy/Projects/VocalAssistant/datasets/VocalSet/FULL/male8/scales/belt/m8_scales_belt_i.wav,7.287074829931972,male8,male
m8_scales_belt_o,Male,m8,Belt_Harsh,Scale,o,7.56971,/home/evgeniy/Projects/VocalAssistant/datasets/VocalSet/FULL/male8/scales/belt/m8_scales_belt_o.wav,7.575283446712018,male8,male
m8_scales_belt_u,Male,m8,Belt_Harsh,Scale,u,7.84834,/home/evgeniy/Projects/VocalAssistant/datasets/VocalSet/FULL/male8/scales/belt/m8_scales_belt_u.wav,7.863469387755102,male8,male
m8_scales_breathy_a,Male,m8,Breathy,Scale,a,9.10222,/home/evgeniy/Projects/VocalAssistant/datasets/VocalSet/FULL/male8/scales/breathy/m8_scales_breathy_a.wav,9.12015873015873,male8,male
m8_scales_breathy_e,Male,m8,Breathy,Scale,e,9.24154,/home/evgeniy/Projects/VocalAssistant/datasets/VocalSet/FULL/male8/scales/breathy/m8_scales_breathy_e.wav,9.261927437641724,male8,male
m8_scales_breathy_i,Male,m8,Breathy,Scale,i,9.05578,/home/evgeniy/Projects/VocalAssistant/datasets/VocalSet/FULL/male8/scales/breathy/m8_scales_breathy_i.wav,9.072902494331066,male8,male
m8_scales_breathy_o,Male,m8,Breathy,Scale,o,9.10222,/home/evgeniy/Projects/VocalAssistant/datasets/VocalSet/FULL/male8/scales/breathy/m8_scales_breathy_o.wav,9.120181405895693,male8,male
m8_scales_breathy_u,Male,m8,Breathy,Scale,u,9.28798,/home/evgeniy/Projects/VocalAssistant/datasets/VocalSet/FULL/male8/scales/breathy/m8_scales_breathy_u.wav,9.309206349206349,male8,male
m8_scales_c_fast_forte_a,Male,m8,Fast_Articulated_Forte,Scale,a,3.87773,/home/evgeniy/Projects/VocalAssistant/datasets/VocalSet/FULL/male8/scales/fast_forte/m8_scales_c_fast_forte_a.wav,3.894603174603175,male8,male
m8_scales_c_fast_forte_e,Male,m8,Fast_Articulated_Forte,Scale,e,4.10993,/home/evgeniy/Projects/VocalAssistant/datasets/VocalSet/FULL/male8/scales/fast_forte/m8_scales_c_fast_forte_e.wav,4.117142857142857,male8,male
m8_scales_c_fast_forte_o,Male,m8,Fast_Articulated_Forte,Scale,o,4.13315,/home/evgeniy/Projects/VocalAssistant/datasets/VocalSet/FULL/male8/scales/fast_forte/m8_scales_c_fast_forte_o.wav,4.144965986394558,male8,male
m8_scales_c_fast_forte_u,Male,m8,Fast_Articulated_Forte,Scale,u,4.41179,/home/evgeniy/Projects/VocalAssistant/datasets/VocalSet/FULL/male8/scales/fast_forte/m8_scales_c_fast_forte_u.wav,4.42312925170068,male8,male
m8_scales_c_fast_piano_a,Male,m8,Fast_Articulated_Piano,Scale,a,3.71519,/home/evgeniy/Projects/VocalAssistant/datasets/VocalSet/FULL/male8/scales/fast_piano/m8_scales_c_fast_piano_a.wav,3.732335600907029,male8,male
m8_scales_c_fast_piano_i,Male,m8,Fast_Articulated_Piano,Scale,i,3.97061,/home/evgeniy/Projects/VocalAssistant/datasets/VocalSet/FULL/male8/scales/fast_piano/m8_scales_c_fast_piano_i.wav,3.983015873015873,male8,male
m8_scales_c_fast_piano_o,Male,m8,Fast_Articulated_Piano,Scale,o,3.92417,/home/evgeniy/Projects/VocalAssistant/datasets/VocalSet/FULL/male8/scales/fast_piano/m8_scales_c_fast_piano_o.wav,3.9273015873015873,male8,male
m8_scales_c_fast_piano_u,Male,m8,Fast_Articulated_Piano,Scale,u,3.83129,/home/evgeniy/Projects/VocalAssistant/datasets/VocalSet/FULL/male8/scales/fast_piano/m8_scales_c_fast_piano_u.wav,3.84374149659864,male8,male
m8_scales_c_slow_piano_a,Male,m8,Slow_Legato_Piano,Scale,a,8.3824,/home/evgeniy/Projects/VocalAssistant/datasets/VocalSet/FULL/male8/scales/slow_piano/m8_scales_c_slow_piano_a.wav,8.393764172335601,male8,male
m8_scales_c_slow_piano_e,Male,m8,Slow_Legato_Piano,Scale,e,8.19664,/home/evgeniy/Projects/VocalAssistant/datasets/VocalSet/FULL/male8/scales/slow_piano/m8_scales_c_slow_piano_e.wav,8.217052154195011,male8,male
m8_scales_c_slow_piano_i,Male,m8,Slow_Legato_Piano,Scale,i,8.12698,/home/evgeniy/Projects/VocalAssistant/datasets/VocalSet/FULL/male8/scales/slow_piano/m8_scales_c_slow_piano_i.wav,8.128684807256235,male8,male
m8_scales_c_slow_piano_o,Male,m8,Slow_Legato_Piano,Scale,o,8.33596,/home/evgeniy/Projects/VocalAssistant/datasets/VocalSet/FULL/male8/scales/slow_piano/m8_scales_c_slow_piano_o.wav,8.349569160997733,male8,male
m8_scales_c_slow_piano_u,Male,m8,Slow_Legato_Piano,Scale,u,8.33596,/home/evgeniy/Projects/VocalAssistant/datasets/VocalSet/FULL/male8/scales/slow_piano/m8_scales_c_slow_piano_u.wav,8.349591836734694,male8,male
m8_scales_f_fast_piano_a,Male,m8,Fast_Articulated_Piano,Scale,a,4.57433,/home/evgeniy/Projects/VocalAssistant/datasets/VocalSet/FULL/male8/scales/fast_piano/m8_scales_f_fast_piano_a.wav,4.588730158730159,male8,male
m8_scales_f_fast_piano_e,Male,m8,Fast_Articulated_Piano,Scale,e,4.57433,/home/evgeniy/Projects/VocalAssistant/datasets/VocalSet/FULL/male8/scales/fast_piano/m8_scales_f_fast_piano_e.wav,4.588730158730159,male8,male
m8_scales_f_fast_piano_i,Male,m8,Fast_Articulated_Piano,Scale,i,4.55111,/home/evgeniy/Projects/VocalAssistant/datasets/VocalSet/FULL/male8/scales/fast_piano/m8_scales_f_fast_piano_i.wav,4.559705215419501,male8,male
m8_scales_f_fast_piano_o,Male,m8,Fast_Articulated_Piano,Scale,o,4.59755,/home/evgeniy/Projects/VocalAssistant/datasets/VocalSet/FULL/male8/scales/fast_piano/m8_scales_f_fast_piano_o.wav,4.6177777777777775,male8,male
m8_scales_f_fast_piano_u,Male,m8,Fast_Articulated_Piano,Scale,u,4.57433,/home/evgeniy/Projects/VocalAssistant/datasets/VocalSet/FULL/male8/scales/fast_piano/m8_scales_f_fast_piano_u.wav,4.58875283446712,male8,male
m8_scales_f_slow_piano_a,Male,m8,Slow_Legato_Piano,Scale,a,8.93968,/home/evgeniy/Projects/VocalAssistant/datasets/VocalSet/FULL/male8/scales/slow_piano/m8_scales_f_slow_piano_a.wav,8.95734693877551,male8,male
m8_scales_f_slow_piano_e,Male,m8,Slow_Legato_Piano,Scale,e,8.7307,/home/evgeniy/Projects/VocalAssistant/datasets/VocalSet/FULL/male8/scales/slow_piano/m8_scales_f_slow_piano_e.wav,8.731156462585034,male8,male
m8_scales_f_slow_piano_i,Male,m8,Slow_Legato_Piano,Scale,i,8.45206,/home/evgeniy/Projects/VocalAssistant/datasets/VocalSet/FULL/male8/scales/slow_piano/m8_scales_f_slow_piano_i.wav,8.459727891156463,male8,male
m8_scales_f_slow_piano_o,Male,m8,Slow_Legato_Piano,Scale,o,8.54494,/home/evgeniy/Projects/VocalAssistant/datasets/VocalSet/FULL/male8/scales/slow_piano/m8_scales_f_slow_piano_o.wav,8.550204081632653,male8,male
m8_scales_f_slow_piano_u,Male,m8,Slow_Legato_Piano,Scale,u,8.45206,/home/evgeniy/Projects/VocalAssistant/datasets/VocalSet/FULL/male8/scales/slow_piano/m8_scales_f_slow_piano_u.wav,8.4597052154195,male8,male
m8_scales_lip_trill_a,Male,m8,Lip_Trill,Scale,a,7.94122,/home/evgeniy/Projects/VocalAssistant/datasets/VocalSet/FULL/male8/scales/lip_trill/m8_scales_lip_trill_a.wav,7.955147392290249,male8,male
m8_scales_lip_trill_e,Male,m8,Lip_Trill,Scale,e,8.0341,/home/evgeniy/Projects/VocalAssistant/datasets/VocalSet/FULL/male8/scales/lip_trill/m8_scales_lip_trill_e.wav,8.04501133786848,male8,male
m8_scales_lip_trill_i,Male,m8,Lip_Trill,Scale,i,8.42884,/home/evgeniy/Projects/VocalAssistant/datasets/VocalSet/FULL/male8/scales/lip_trill/m8_scales_lip_trill_i.wav,8.449523809523809,male8,male
m8_scales_lip_trill_u,Male,m8,Lip_Trill,Scale,u,8.70748,/home/evgeniy/Projects/VocalAssistant/datasets/VocalSet/FULL/male8/scales/lip_trill/m8_scales_lip_trill_u.wav,8.719183673469388,male8,male
m8_scales_straight_a,Male,m8,StraightTone,Scale,a,8.45206,/home/evgeniy/Projects/VocalAssistant/datasets/VocalSet/FULL/male8/scales/straight/m8_scales_straight_a.wav,8.469251700680273,male8,male
m8_scales_straight_e,Male,m8,StraightTone,Scale,e,8.40562,/home/evgeniy/Projects/VocalAssistant/datasets/VocalSet/FULL/male8/scales/straight/m8_scales_straight_e.wav,8.424444444444445,male8,male
m8_scales_straight_i,Male,m8,StraightTone,Scale,i,8.54494,/home/evgeniy/Projects/VocalAssistant/datasets/VocalSet/FULL/male8/scales/straight/m8_scales_straight_i.wav,8.558866213151928,male8,male
m8_scales_straight_o,Male,m8,StraightTone,Scale,o,8.45206,/home/evgeniy/Projects/VocalAssistant/datasets/VocalSet/FULL/male8/scales/straight/m8_scales_straight_o.wav,8.469251700680273,male8,male
m8_scales_straight_u,Male,m8,StraightTone,Scale,u,8.77714,/home/evgeniy/Projects/VocalAssistant/datasets/VocalSet/FULL/male8/scales/straight/m8_scales_straight_u.wav,8.782925170068028,male8,male
m8_scales_vibrato_a,Male,m8,MoltoVibrato,Scale,a,9.40408,/home/evgeniy/Projects/VocalAssistant/datasets/VocalSet/FULL/male8/scales/vibrato/m8_scales_vibrato_a.wav,9.410839002267574,male8,male
m8_scales_vibrato_e,Male,m8,MoltoVibrato,Scale,e,8.4985,/home/evgeniy/Projects/VocalAssistant/datasets/VocalSet/FULL/male8/scales/vibrato/m8_scales_vibrato_e.wav,8.516802721088435,male8,male
m8_scales_vibrato_i,Male,m8,MoltoVibrato,Scale,i,8.93968,/home/evgeniy/Projects/VocalAssistant/datasets/VocalSet/FULL/male8/scales/vibrato/m8_scales_vibrato_i.wav,8.940294784580498,male8,male
m8_scales_vibrato_o,Male,m8,MoltoVibrato,Scale,o,9.3112,/home/evgeniy/Projects/VocalAssistant/datasets/VocalSet/FULL/male8/scales/vibrato/m8_scales_vibrato_o.wav,9.316734693877551,male8,male
m8_scales_vibrato_u,Male,m8,MoltoVibrato,Scale,u,9.63628,/home/evgeniy/Projects/VocalAssistant/datasets/VocalSet/FULL/male8/scales/vibrato/m8_scales_vibrato_u.wav,9.64609977324263,male8,male
m9_arpeggios_belt_a,Male,m9,Belt_Harsh,Arpeggio,a,15.34839,/home/evgeniy/Projects/VocalAssistant/datasets/VocalSet/FULL/male9/arpeggios/belt/m9_arpeggios_belt_a.wav,7.677891156462585,male9,male
m9_arpeggios_belt_e,Male,m9,Belt_Harsh,Arpeggio,e,14.46603,/home/evgeniy/Projects/VocalAssistant/datasets/VocalSet/FULL/male9/arpeggios/belt/m9_arpeggios_belt_e.wav,7.233378684807256,male9,male
m9_arpeggios_belt_i,Male,m9,Belt_Harsh,Arpeggio,i,14.46603,/home/evgeniy/Projects/VocalAssistant/datasets/VocalSet/FULL/male9/arpeggios/belt/m9_arpeggios_belt_i.wav,7.233378684807256,male9,male
m9_arpeggios_belt_o,Male,m9,Belt_Harsh,Arpeggio,o,14.86077,/home/evgeniy/Projects/VocalAssistant/datasets/VocalSet/FULL/male9/arpeggios/belt/m9_arpeggios_belt_o.wav,7.435419501133786,male9,male
m9_arpeggios_belt_u,Male,m9,Belt_Harsh,Arpeggio,u,14.69823,/home/evgeniy/Projects/VocalAssistant/datasets/VocalSet/FULL/male9/arpeggios/belt/m9_arpeggios_belt_u.wav,7.354603174603175,male9,male
m9_arpeggios_breathy_a,Male,m9,VeryBreathy,Arpeggio,a,15.41805,/home/evgeniy/Projects/VocalAssistant/datasets/VocalSet/FULL/male9/arpeggios/breathy/m9_arpeggios_breathy_a.wav,7.709092970521542,male9,male
m9_arpeggios_breathy_e,Male,m9,VeryBreathy,Arpeggio,e,15.58059,/home/evgeniy/Projects/VocalAssistant/datasets/VocalSet/FULL/male9/arpeggios/breathy/m9_arpeggios_breathy_e.wav,7.796190476190477,male9,male
m9_arpeggios_breathy_i,Male,m9,VeryBreathy,Arpeggio,i,16.81125,/home/evgeniy/Projects/VocalAssistant/datasets/VocalSet/FULL/male9/arpeggios/breathy/m9_arpeggios_breathy_i.wav,8.405986394557823,male9,male
m9_arpeggios_breathy_o,Male,m9,VeryBreathy,Arpeggio,o,16.81125,/home/evgeniy/Projects/VocalAssistant/datasets/VocalSet/FULL/male9/arpeggios/breathy/m9_arpeggios_breathy_o.wav,8.405986394557823,male9,male
m9_arpeggios_breathy_u,Male,m9,VeryBreathy,Arpeggio,u,17.41497,/home/evgeniy/Projects/VocalAssistant/datasets/VocalSet/FULL/male9/arpeggios/breathy/m9_arpeggios_breathy_u.wav,8.710861678004536,male9,male
m9_arpeggios_c_fast_forte_a,Male,m9,Fast_Articulated_Forte,Arpeggio,a,5.06195,/home/evgeniy/Projects/VocalAssistant/datasets/VocalSet/FULL/male9/arpeggios/fast_forte/m9_arpeggios_c_fast_forte_a.wav,2.5336507936507937,male9,male
m9_arpeggios_c_fast_forte_e,Male,m9,Fast_Articulated_Forte,Arpeggio,e,4.71365,/home/evgeniy/Projects/VocalAssistant/datasets/VocalSet/FULL/male9/arpeggios/fast_forte/m9_arpeggios_c_fast_forte_e.wav,2.367528344671202,male9,male
m9_arpeggios_c_fast_forte_i,Male,m9,Fast_Articulated_Forte,Arpeggio,i,4.43501,/home/evgeniy/Projects/VocalAssistant/datasets/VocalSet/FULL/male9/arpeggios/fast_forte/m9_arpeggios_c_fast_forte_i.wav,2.222154195011338,male9,male
m9_arpeggios_c_fast_forte_u,Male,m9,Fast_Articulated_Forte,Arpeggio,u,4.92263,/home/evgeniy/Projects/VocalAssistant/datasets/VocalSet/FULL/male9/arpeggios/fast_forte/m9_arpeggios_c_fast_forte_u.wav,2.471360544217687,male9,male
m9_arpeggios_c_fast_piano_a,Male,m9,Fast_Articulated_Piano,Arpeggio,a,4.57433,/home/evgeniy/Projects/VocalAssistant/datasets/VocalSet/FULL/male9/arpeggios/fast_piano/m9_arpeggios_c_fast_piano_a.wav,2.2943537414965984,male9,male
m9_arpeggios_c_fast_piano_e,Male,m9,Fast_Articulated_Piano,Arpeggio,e,4.34213,/home/evgeniy/Projects/VocalAssistant/datasets/VocalSet/FULL/male9/arpeggios/fast_piano/m9_arpeggios_c_fast_piano_e.wav,2.182448979591837,male9,male
m9_arpeggios_c_fast_piano_i,Male,m9,Fast_Articulated_Piano,Arpeggio,i,4.64399,/home/evgeniy/Projects/VocalAssistant/datasets/VocalSet/FULL/male9/arpeggios/fast_piano/m9_arpeggios_c_fast_piano_i.wav,2.3316780045351475,male9,male
m9_arpeggios_c_fast_piano_o,Male,m9,Fast_Articulated_Piano,Arpeggio,o,4.45823,/home/evgeniy/Projects/VocalAssistant/datasets/VocalSet/FULL/male9/arpeggios/fast_piano/m9_arpeggios_c_fast_piano_o.wav,2.238412698412698,male9,male
m9_arpeggios_c_fast_piano_u,Male,m9,Fast_Articulated_Piano,Arpeggio,u,4.69043,/home/evgeniy/Projects/VocalAssistant/datasets/VocalSet/FULL/male9/arpeggios/fast_piano/m9_arpeggios_c_fast_piano_u.wav,2.35031746031746,male9,male
m9_arpeggios_c_slow_forte_i,Male,m9,Slow_Legato_Forte,Arpeggio,i,16.64871,/home/evgeniy/Projects/VocalAssistant/datasets/VocalSet/FULL/male9/arpeggios/slow_forte/m9_arpeggios_c_slow_forte_i.wav,8.331383219954649,male9,male
m9_arpeggios_c_slow_piano_a,Male,m9,Slow_Legato_Piano,Arpeggio,a,16.90413,/home/evgeniy/Projects/VocalAssistant/datasets/VocalSet/FULL/male9/arpeggios/slow_piano/m9_arpeggios_c_slow_piano_a.wav,8.453741496598639,male9,male
m9_arpeggios_c_slow_piano_e,Male,m9,Slow_Legato_Piano,Arpeggio,e,17.36853,/home/evgeniy/Projects/VocalAssistant/datasets/VocalSet/FULL/male9/arpeggios/slow_piano/m9_arpeggios_c_slow_piano_e.wav,8.685986394557823,male9,male
m9_arpeggios_c_slow_piano_i,Male,m9,Slow_Legato_Piano,Arpeggio,i,18.20444,/home/evgeniy/Projects/VocalAssistant/datasets/VocalSet/FULL/male9/arpeggios/slow_piano/m9_arpeggios_c_slow_piano_i.wav,9.104036281179138,male9,male
m9_arpeggios_c_slow_piano_o,Male,m9,Slow_Legato_Piano,Arpeggio,o,17.27565,/home/evgeniy/Projects/VocalAssistant/datasets/VocalSet/FULL/male9/arpeggios/slow_piano/m9_arpeggios_c_slow_piano_o.wav,8.639546485260771,male9,male
m9_arpeggios_c_slow_piano_u,Male,m9,Slow_Legato_Piano,Arpeggio,u,17.64717,/home/evgeniy/Projects/VocalAssistant/datasets/VocalSet/FULL/male9/arpeggios/slow_piano/m9_arpeggios_c_slow_piano_u.wav,8.825328798185941,male9,male
m9_arpeggios_f_fast_forte_a,Male,m9,Fast_Articulated_Forte,Arpeggio,a,5.27093,/home/evgeniy/Projects/VocalAssistant/datasets/VocalSet/FULL/male9/arpeggios/fast_forte/m9_arpeggios_f_fast_forte_a.wav,2.644104308390023,male9,male
m9_arpeggios_f_fast_forte_e,Male,m9,Fast_Articulated_Forte,Arpeggio,e,5.41025,/home/evgeniy/Projects/VocalAssistant/datasets/VocalSet/FULL/male9/arpeggios/fast_forte/m9_arpeggios_f_fast_forte_e.wav,2.706077097505669,male9,male
m9_arpeggios_f_fast_forte_i,Male,m9,Fast_Articulated_Forte,Arpeggio,i,5.27093,/home/evgeniy/Projects/VocalAssistant/datasets/VocalSet/FULL/male9/arpeggios/fast_forte/m9_arpeggios_f_fast_forte_i.wav,2.644104308390023,male9,male
m9_arpeggios_f_fast_forte_o,Male,m9,Fast_Articulated_Forte,Arpeggio,o,5.36381,/home/evgeniy/Projects/VocalAssistant/datasets/VocalSet/FULL/male9/arpeggios/fast_forte/m9_arpeggios_f_fast_forte_o.wav,2.685419501133787,male9,male
m9_arpeggios_f_fast_forte_u,Male,m9,Fast_Articulated_Forte,Arpeggio,u,4.99229,/home/evgeniy/Projects/VocalAssistant/datasets/VocalSet/FULL/male9/arpeggios/fast_forte/m9_arpeggios_f_fast_forte_u.wav,2.4995238095238097,male9,male
m9_arpeggios_f_fast_piano_a,Male,m9,Fast_Articulated_Piano,Arpeggio,a,5.10839,/home/evgeniy/Projects/VocalAssistant/datasets/VocalSet/FULL/male9/arpeggios/fast_piano/m9_arpeggios_f_fast_piano_a.wav,2.5632879818594105,male9,male
m9_arpeggios_f_fast_piano_e,Male,m9,Fast_Articulated_Piano,Arpeggio,e,4.92263,/home/evgeniy/Projects/VocalAssistant/datasets/VocalSet/FULL/male9/arpeggios/fast_piano/m9_arpeggios_f_fast_piano_e.wav,2.462358276643991,male9,male
m9_arpeggios_f_fast_piano_i,Male,m9,Fast_Articulated_Piano,Arpeggio,i,5.08517,/home/evgeniy/Projects/VocalAssistant/datasets/VocalSet/FULL/male9/arpeggios/fast_piano/m9_arpeggios_f_fast_piano_i.wav,2.543106575963719,male9,male
m9_arpeggios_f_fast_piano_o,Male,m9,Fast_Articulated_Piano,Arpeggio,o,5.20127,/home/evgeniy/Projects/VocalAssistant/datasets/VocalSet/FULL/male9/arpeggios/fast_piano/m9_arpeggios_f_fast_piano_o.wav,2.603628117913832,male9,male
m9_arpeggios_f_fast_piano_u,Male,m9,Fast_Articulated_Piano,Arpeggio,u,5.54957,/home/evgeniy/Projects/VocalAssistant/datasets/VocalSet/FULL/male9/arpeggios/fast_piano/m9_arpeggios_f_fast_piano_u.wav,2.785283446712018,male9,male
m9_arpeggios_f_slow_forte_i,Male,m9,Slow_Legato_Forte,Arpeggio,i,17.34531,/home/evgeniy/Projects/VocalAssistant/datasets/VocalSet/FULL/male9/arpeggios/slow_forte/m9_arpeggios_f_slow_forte_i.wav,8.676439909297052,male9,male
m9_arpeggios_f_slow_forte_o,Male,m9,Slow_Legato_Forte,Arpeggio,o,17.62395,/home/evgeniy/Projects/VocalAssistant/datasets/VocalSet/FULL/male9/arpeggios/slow_forte/m9_arpeggios_f_slow_forte_o.wav,8.816394557823129,male9,male
m9_arpeggios_f_slow_piano_a,Male,m9,Slow_Legato_Piano,Arpeggio,a,16.90413,/home/evgeniy/Projects/VocalAssistant/datasets/VocalSet/FULL/male9/arpeggios/slow_piano/m9_arpeggios_f_slow_piano_a.wav,8.462131519274376,male9,male
m9_arpeggios_f_slow_piano_e,Male,m9,Slow_Legato_Piano,Arpeggio,e,16.90413,/home/evgeniy/Projects/VocalAssistant/datasets/VocalSet/FULL/male9/arpeggios/slow_piano/m9_arpeggios_f_slow_piano_e.wav,8.462131519274376,male9,male
m9_arpeggios_f_slow_piano_i,Male,m9,Slow_Legato_Piano,Arpeggio,i,16.74159,/home/evgeniy/Projects/VocalAssistant/datasets/VocalSet/FULL/male9/arpeggios/slow_piano/m9_arpeggios_f_slow_piano_i.wav,8.373990929705215,male9,male
m9_arpeggios_f_slow_piano_o,Male,m9,Slow_Legato_Piano,Arpeggio,o,16.83447,/home/evgeniy/Projects/VocalAssistant/datasets/VocalSet/FULL/male9/arpeggios/slow_piano/m9_arpeggios_f_slow_piano_o.wav,8.418049886621315,male9,male
m9_arpeggios_f_slow_piano_u,Male,m9,Slow_Legato_Piano,Arpeggio,u,16.90413,/home/evgeniy/Projects/VocalAssistant/datasets/VocalSet/FULL/male9/arpeggios/slow_piano/m9_arpeggios_f_slow_piano_u.wav,8.462131519274376,male9,male
m9_arpeggios_lip_trill_a,Male,m9,Lip_Trill,Arpeggio,a,10.33288,/home/evgeniy/Projects/VocalAssistant/datasets/VocalSet/FULL/male9/arpeggios/lip_trill/m9_arpeggios_lip_trill_a.wav,5.176099773242631,male9,male
m9_arpeggios_lip_trill_e,Male,m9,Lip_Trill,Arpeggio,e,9.84526,/home/evgeniy/Projects/VocalAssistant/datasets/VocalSet/FULL/male9/arpeggios/lip_trill/m9_arpeggios_lip_trill_e.wav,4.929591836734694,male9,male
m9_arpeggios_lip_trill_i,Male,m9,Lip_Trill,Arpeggio,i,9.5434,/home/evgeniy/Projects/VocalAssistant/datasets/VocalSet/FULL/male9/arpeggios/lip_trill/m9_arpeggios_lip_trill_i.wav,4.775555555555556,male9,male
m9_arpeggios_lip_trill_o,Male,m9,Lip_Trill,Arpeggio,o,10.40254,/home/evgeniy/Projects/VocalAssistant/datasets/VocalSet/FULL/male9/arpeggios/lip_trill/m9_arpeggios_lip_trill_o.wav,5.206893424036281,male9,male
m9_arpeggios_lip_trill_u,Male,m9,Lip_Trill,Arpeggio,u,9.6595,/home/evgeniy/Projects/VocalAssistant/datasets/VocalSet/FULL/male9/arpeggios/lip_trill/m9_arpeggios_lip_trill_u.wav,4.837165532879818,male9,male
m9_arpeggios_straight_a,Male,m9,Slow_StraightTone,Arpeggio,a,17.78649,/home/evgeniy/Projects/VocalAssistant/datasets/VocalSet/FULL/male9/arpeggios/straight/m9_arpeggios_straight_a.wav,8.894875283446712,male9,male
m9_arpeggios_straight_e,Male,m9,Slow_StraightTone,Arpeggio,e,15.81279,/home/evgeniy/Projects/VocalAssistant/datasets/VocalSet/FULL/male9/arpeggios/straight/m9_arpeggios_straight_e.wav,7.90657596371882,male9,male
m9_arpeggios_straight_i,Male,m9,Slow_StraightTone,Arpeggio,i,17.50785,/home/evgeniy/Projects/VocalAssistant/datasets/VocalSet/FULL/male9/arpeggios/straight/m9_arpeggios_straight_i.wav,8.760113378684807,male9,male
m9_arpeggios_straight_o,Male,m9,Slow_StraightTone,Arpeggio,o,16.69515,/home/evgeniy/Projects/VocalAssistant/datasets/VocalSet/FULL/male9/arpeggios/straight/m9_arpeggios_straight_o.wav,8.35580498866213,male9,male
m9_arpeggios_straight_u,Male,m9,Slow_StraightTone,Arpeggio,u,16.88091,/home/evgeniy/Projects/VocalAssistant/datasets/VocalSet/FULL/male9/arpeggios/straight/m9_arpeggios_straight_u.wav,8.445646258503402,male9,male
m9_arpeggios_vibrato_a,Male,m9,Slow_MoltoVibrato,Arpeggio,a,18.57596,/home/evgeniy/Projects/VocalAssistant/datasets/VocalSet/FULL/male9/arpeggios/vibrato/m9_arpeggios_vibrato_a.wav,9.294920634920636,male9,male
m9_arpeggios_vibrato_e,Male,m9,Slow_MoltoVibrato,Arpeggio,e,17.41497,/home/evgeniy/Projects/VocalAssistant/datasets/VocalSet/FULL/male9/arpeggios/vibrato/m9_arpeggios_vibrato_e.wav,8.711179138321995,male9,male
m9_arpeggios_vibrato_i,Male,m9,Slow_MoltoVibrato,Arpeggio,i,17.13633,/home/evgeniy/Projects/VocalAssistant/datasets/VocalSet/FULL/male9/arpeggios/vibrato/m9_arpeggios_vibrato_i.wav,8.576485260770975,male9,male
m9_arpeggios_vibrato_o,Male,m9,Slow_MoltoVibrato,Arpeggio,o,17.04345,/home/evgeniy/Projects/VocalAssistant/datasets/VocalSet/FULL/male9/arpeggios/vibrato/m9_arpeggios_vibrato_o.wav,8.531587301587301,male9,male
m9_arpeggios_vibrato_u,Male,m9,Slow_MoltoVibrato,Arpeggio,u,16.25397,/home/evgeniy/Projects/VocalAssistant/datasets/VocalSet/FULL/male9/arpeggios/vibrato/m9_arpeggios_vibrato_u.wav,8.127460317460317,male9,male
m9_caro_straight,Male,m9,StraightTone,MusicalExcerp_Caro,,85.84417,/home/evgeniy/Projects/VocalAssistant/datasets/VocalSet/FULL/male9/excerpts/straight/m9_caro_straight.wav,42.9221768707483,male9,male
m9_caro_vibrato,Male,m9,MoltoVibrato,MusicalExcerp_Caro,o,94.66776,/home/evgeniy/Projects/VocalAssistant/datasets/VocalSet/FULL/male9/excerpts/vibrato/m9_caro_vibrato.wav,42.76575963718821,male9,male
m9_caro_vibrato,Male,m9,MoltoVibrato,MusicalExcerp_Caro,o,94.66776,/home/evgeniy/Projects/VocalAssistant/datasets/VocalSet/FULL/male8/excerpts/vibrato/m9_caro_vibrato.wav,47.33473922902494,male8,male
m9_dona_straight,Male,m9,StraightTone,MusicalExcerp_Dona,,43.49098,/home/evgeniy/Projects/VocalAssistant/datasets/VocalSet/FULL/male9/excerpts/straight/m9_dona_straight.wav,21.751655328798183,male9,male
m9_dona_vibrato,Male,m9,MoltoVibrato,MusicalExcerp_Dona,o,45.95229,/home/evgeniy/Projects/VocalAssistant/datasets/VocalSet/FULL/male9/excerpts/vibrato/m9_dona_vibrato.wav,22.97873015873016,male9,male
m9_long_forte_a,Male,m9,FullVoice,Long_tones,a,16.64871,/home/evgeniy/Projects/VocalAssistant/datasets/VocalSet/FULL/male9/long_tones/forte/m9_long_forte_a.wav,8.33061224489796,male9,male
m9_long_forte_e,Male,m9,FullVoice,Long_tones,e,14.81433,/home/evgeniy/Projects/VocalAssistant/datasets/VocalSet/FULL/male9/long_tones/forte/m9_long_forte_e.wav,7.409455782312925,male9,male
m9_long_forte_i,Male,m9,FullVoice,Long_tones,i,15.37161,/home/evgeniy/Projects/VocalAssistant/datasets/VocalSet/FULL/male9/long_tones/forte/m9_long_forte_i.wav,7.689795918367347,male9,male
m9_long_forte_o,Male,m9,FullVoice,Long_tones,o,14.97687,/home/evgeniy/Projects/VocalAssistant/datasets/VocalSet/FULL/male9/long_tones/forte/m9_long_forte_o.wav,7.489546485260771,male9,male
m9_long_forte_u,Male,m9,FullVoice,Long_tones,u,15.04653,/home/evgeniy/Projects/VocalAssistant/datasets/VocalSet/FULL/male9/long_tones/forte/m9_long_forte_u.wav,7.529591836734694,male9,male
m9_long_messa_a,Male,m9,MessaDiVoce,Long_tones,a,31.16118,/home/evgeniy/Projects/VocalAssistant/datasets/VocalSet/FULL/male9/long_tones/messa/m9_long_messa_a.wav,15.587074829931971,male9,male
m9_long_messa_e,Male,m9,MessaDiVoce,Long_tones,e,30.23238,/home/evgeniy/Projects/VocalAssistant/datasets/VocalSet/FULL/male9/long_tones/messa/m9_long_messa_e.wav,15.12408163265306,male9,male
m9_long_messa_i,Male,m9,MessaDiVoce,Long_tones,i,33.32064,/home/evgeniy/Projects/VocalAssistant/datasets/VocalSet/FULL/male9/long_tones/messa/m9_long_messa_i.wav,16.66736961451247,male9,male
m9_long_messa_o,Male,m9,MessaDiVoce,Long_tones,o,30.99864,/home/evgeniy/Projects/VocalAssistant/datasets/VocalSet/FULL/male9/long_tones/messa/m9_long_messa_o.wav,15.509931972789117,male9,male
m9_long_messa_u,Male,m9,MessaDiVoce,Long_tones,u,32.71692,/home/evgeniy/Projects/VocalAssistant/datasets/VocalSet/FULL/male9/long_tones/messa/m9_long_messa_u.wav,16.358707482993196,male9,male
m9_long_straight_e,Male,m9,StraightTone,Long_tones,e,15.83601,/home/evgeniy/Projects/VocalAssistant/datasets/VocalSet/FULL/male9/long_tones/straight/m9_long_straight_e.wav,7.926621315192744,male9,male
m9_long_straight_i,Male,m9,StraightTone,Long_tones,i,15.51093,/home/evgeniy/Projects/VocalAssistant/datasets/VocalSet/FULL/male9/long_tones/straight/m9_long_straight_i.wav,7.758866213151927,male9,male
m9_long_straight_o,Male,m9,StraightTone,Long_tones,o,16.60227,/home/evgeniy/Projects/VocalAssistant/datasets/VocalSet/FULL/male9/long_tones/straight/m9_long_straight_o.wav,8.30408163265306,male9,male
m9_long_straight_u,Male,m9,StraightTone,Long_tones,u,16.67193,/home/evgeniy/Projects/VocalAssistant/datasets/VocalSet/FULL/male9/long_tones/straight/m9_long_straight_u.wav,8.346009070294784,male9,male
m9_long_trill_a,Male,m9,Trill,Long_tones,a,15.85923,/home/evgeniy/Projects/VocalAssistant/datasets/VocalSet/FULL/male9/long_tones/trill/m9_long_trill_a.wav,7.935646258503401,male9,male
m9_long_trill_e,Male,m9,Trill,Long_tones,e,14.72145,/home/evgeniy/Projects/VocalAssistant/datasets/VocalSet/FULL/male9/long_tones/trill/m9_long_trill_e.wav,7.368798185941043,male9,male
m9_long_trill_i,Male,m9,Trill,Long_tones,i,14.65179,/home/evgeniy/Projects/VocalAssistant/datasets/VocalSet/FULL/male9/long_tones/trill/m9_long_trill_i.wav,7.328321995464853,male9,male
m9_long_trill_o,Male,m9,Trill,Long_tones,o,15.30195,/home/evgeniy/Projects/VocalAssistant/datasets/VocalSet/FULL/male9/long_tones/trill/m9_long_trill_o.wav,7.652222222222222,male9,male
m9_long_trill_u,Male,m9,Trill,Long_tones,u,14.07129,/home/evgeniy/Projects/VocalAssistant/datasets/VocalSet/FULL/male9/long_tones/trill/m9_long_trill_u.wav,7.044897959183674,male9,male
m9_long_trillo_a,Male,m9,Trillo,Long_tones,a,12.42268,/home/evgeniy/Projects/VocalAssistant/datasets/VocalSet/FULL/male9/long_tones/trillo/m9_long_trillo_a.wav,6.214761904761905,male9,male
m9_long_trillo_e,Male,m9,Trillo,Long_tones,e,10.4722,/home/evgeniy/Projects/VocalAssistant/datasets/VocalSet/FULL/male9/long_tones/trillo/m9_long_trillo_e.wav,5.2405442176870745,male9,male
m9_long_trillo_i,Male,m9,Trillo,Long_tones,i,11.7493,/home/evgeniy/Projects/VocalAssistant/datasets/VocalSet/FULL/male9/long_tones/trillo/m9_long_trillo_i.wav,5.878820861678005,male9,male
m9_long_trillo_o,Male,m9,Trillo,Long_tones,o,12.28336,/home/evgeniy/Projects/VocalAssistant/datasets/VocalSet/FULL/male9/long_tones/trillo/m9_long_trillo_o.wav,6.147573696145125,male9,male
m9_long_trillo_u,Male,m9,Trillo,Long_tones,u,12.88708,/home/evgeniy/Projects/VocalAssistant/datasets/VocalSet/FULL/male9/long_tones/trillo/m9_long_trillo_u.wav,6.449909297052154,male9,male
m9_row_straight,Male,m9,StraightTone,MusicalExcerp_RowRow,,27.30667,/home/evgeniy/Projects/VocalAssistant/datasets/VocalSet/FULL/male9/excerpts/straight/m9_row_straight.wav,13.66326530612245,male9,male
m9_row_vibrato,Male,m9,MoltoVibrato,MusicalExcerp_RowRow,o,26.88871,/home/evgeniy/Projects/VocalAssistant/datasets/VocalSet/FULL/male9/excerpts/vibrato/m9_row_vibrato.wav,13.445759637188209,male9,male
m9_scales_belt_a,Male,m9,Belt_Harsh,Scale,a,21.8732,/home/evgeniy/Projects/VocalAssistant/datasets/VocalSet/FULL/male9/scales/belt/m9_scales_belt_a.wav,10.938253968253967,male9,male
m9_scales_belt_e,Male,m9,Belt_Harsh,Scale,e,21.33914,/home/evgeniy/Projects/VocalAssistant/datasets/VocalSet/FULL/male9/scales/belt/m9_scales_belt_e.wav,10.67904761904762,male9,male
m9_scales_belt_i,Male,m9,Belt_Harsh,Scale,i,21.33914,/home/evgeniy/Projects/VocalAssistant/datasets/VocalSet/FULL/male9/scales/belt/m9_scales_belt_i.wav,10.67904761904762,male9,male
m9_scales_belt_o,Male,m9,Belt_Harsh,Scale,o,22.08218,/home/evgeniy/Projects/VocalAssistant/datasets/VocalSet/FULL/male9/scales/belt/m9_scales_belt_o.wav,11.041927437641723,male9,male
m9_scales_belt_u,Male,m9,Belt_Harsh,Scale,u,21.96608,/home/evgeniy/Projects/VocalAssistant/datasets/VocalSet/FULL/male9/scales/belt/m9_scales_belt_u.wav,10.990090702947846,male9,male
m9_scales_breathy_a,Male,m9,Breathy,Scale,a,22.4537,/home/evgeniy/Projects/VocalAssistant/datasets/VocalSet/FULL/male9/scales/breathy/m9_scales_breathy_a.wav,11.23702947845805,male9,male
m9_scales_breathy_e,Male,m9,Breathy,Scale,e,21.61778,/home/evgeniy/Projects/VocalAssistant/datasets/VocalSet/FULL/male9/scales/breathy/m9_scales_breathy_e.wav,10.810997732426303,male9,male
m9_scales_breathy_i,Male,m9,Breathy,Scale,i,20.96762,/home/evgeniy/Projects/VocalAssistant/datasets/VocalSet/FULL/male9/scales/breathy/m9_scales_breathy_i.wav,10.491451247165532,male9,male
m9_scales_breathy_o,Male,m9,Breathy,Scale,o,21.50168,/home/evgeniy/Projects/VocalAssistant/datasets/VocalSet/FULL/male9/scales/breathy/m9_scales_breathy_o.wav,10.757732426303855,male9,male
m9_scales_breathy_u,Male,m9,Breathy,Scale,u,21.08372,/home/evgeniy/Projects/VocalAssistant/datasets/VocalSet/FULL/male9/scales/breathy/m9_scales_breathy_u.wav,10.544716553287982,male9,male
m9_scales_c_fast_forte_a,Male,m9,Fast_Articulated_Forte,Scale,a,7.31429,/home/evgeniy/Projects/VocalAssistant/datasets/VocalSet/FULL/male9/scales/fast_forte/m9_scales_c_fast_forte_a.wav,3.6577777777777776,male9,male
m9_scales_c_fast_forte_e,Male,m9,Fast_Articulated_Forte,Scale,e,7.66259,/home/evgeniy/Projects/VocalAssistant/datasets/VocalSet/FULL/male9/scales/fast_forte/m9_scales_c_fast_forte_e.wav,3.8343537414965994,male9,male
m9_scales_c_fast_forte_i,Male,m9,Fast_Articulated_Forte,Scale,i,7.24463,/home/evgeniy/Projects/VocalAssistant/datasets/VocalSet/FULL/male9/scales/fast_forte/m9_scales_c_fast_forte_i.wav,3.632562358276644,male9,male
m9_scales_c_fast_forte_o,Male,m9,Fast_Articulated_Forte,Scale,o,8.01088,/home/evgeniy/Projects/VocalAssistant/datasets/VocalSet/FULL/male9/scales/fast_forte/m9_scales_c_fast_forte_o.wav,4.010952380952381,male9,male
m9_scales_c_fast_forte_u,Male,m9,Fast_Articulated_Forte,Scale,u,7.70902,/home/evgeniy/Projects/VocalAssistant/datasets/VocalSet/FULL/male9/scales/fast_forte/m9_scales_c_fast_forte_u.wav,3.859591836734694,male9,male
m9_scales_c_fast_piano_a,Male,m9,Fast_Articulated_Piano,Scale,a,7.40717,/home/evgeniy/Projects/VocalAssistant/datasets/VocalSet/FULL/male9/scales/fast_piano/m9_scales_c_fast_piano_a.wav,3.7134013605442178,male9,male
m9_scales_c_fast_piano_e,Male,m9,Fast_Articulated_Piano,Scale,e,7.66259,/home/evgeniy/Projects/VocalAssistant/datasets/VocalSet/FULL/male9/scales/fast_piano/m9_scales_c_fast_piano_e.wav,3.835555555555556,male9,male
m9_scales_c_fast_piano_i,Male,m9,Fast_Articulated_Piano,Scale,i,7.45361,/home/evgeniy/Projects/VocalAssistant/datasets/VocalSet/FULL/male9/scales/fast_piano/m9_scales_c_fast_piano_i.wav,3.737823129251701,male9,male
m9_scales_c_fast_piano_o,Male,m9,Fast_Articulated_Piano,Scale,o,7.66259,/home/evgeniy/Projects/VocalAssistant/datasets/VocalSet/FULL/male9/scales/fast_piano/m9_scales_c_fast_piano_o.wav,3.835532879818594,male9,male
m9_scales_c_fast_piano_u,Male,m9,Fast_Articulated_Piano,Scale,u,7.94122,/home/evgeniy/Projects/VocalAssistant/datasets/VocalSet/FULL/male9/scales/fast_piano/m9_scales_c_fast_piano_u.wav,3.982131519274376,male9,male
m9_scales_c_slow_forte_a,Male,m9,Slow_Legato_Forte,Scale,a,22.2215,/home/evgeniy/Projects/VocalAssistant/datasets/VocalSet/FULL/male9/scales/slow_forte/m9_scales_c_slow_forte_a.wav,11.117936507936507,male9,male
m9_scales_c_slow_forte_e,Male,m9,Slow_Legato_Forte,Scale,e,21.57134,/home/evgeniy/Projects/VocalAssistant/datasets/VocalSet/FULL/male9/scales/slow_forte/m9_scales_c_slow_forte_e.wav,10.790952380952382,male9,male
m9_scales_c_slow_forte_u,Male,m9,Slow_Legato_Forte,Scale,u,21.68744,/home/evgeniy/Projects/VocalAssistant/datasets/VocalSet/FULL/male9/scales/slow_forte/m9_scales_c_slow_forte_u.wav,10.845442176870748,male9,male
m9_scales_c_slow_piano_a,Male,m9,Slow_Legato_Piano,Scale,a,23.59147,/home/evgeniy/Projects/VocalAssistant/datasets/VocalSet/FULL/male9/scales/slow_piano/m9_scales_c_slow_piano_a.wav,11.8059410430839,male9,male
m9_scales_c_slow_piano_e,Male,m9,Slow_Legato_Piano,Scale,e,23.84689,/home/evgeniy/Projects/VocalAssistant/datasets/VocalSet/FULL/male9/scales/slow_piano/m9_scales_c_slow_piano_e.wav,11.924013605442177,male9,male
m9_scales_c_slow_piano_i,Male,m9,Slow_Legato_Piano,Scale,i,24.54349,/home/evgeniy/Projects/VocalAssistant/datasets/VocalSet/FULL/male9/scales/slow_piano/m9_scales_c_slow_piano_i.wav,12.278163265306125,male9,male
m9_scales_c_slow_piano_o,Male,m9,Slow_Legato_Piano,Scale,o,25.00789,/home/evgeniy/Projects/VocalAssistant/datasets/VocalSet/FULL/male9/scales/slow_piano/m9_scales_c_slow_piano_o.wav,12.514308390022675,male9,male
m9_scales_c_slow_piano_u,Male,m9,Slow_Legato_Piano,Scale,u,24.19519,/home/evgeniy/Projects/VocalAssistant/datasets/VocalSet/FULL/male9/scales/slow_piano/m9_scales_c_slow_piano_u.wav,12.101111111111113,male9,male
m9_scales_f_fast_forte_a,Male,m9,Fast_Articulated_Forte,Scale,a,10.8205,/home/evgeniy/Projects/VocalAssistant/datasets/VocalSet/FULL/male9/scales/fast_forte/m9_scales_f_fast_forte_a.wav,5.416689342403628,male9,male
m9_scales_f_fast_forte_e,Male,m9,Fast_Articulated_Forte,Scale,e,10.19356,/home/evgeniy/Projects/VocalAssistant/datasets/VocalSet/FULL/male9/scales/fast_forte/m9_scales_f_fast_forte_e.wav,5.098049886621316,male9,male
m9_scales_f_fast_forte_i,Male,m9,Fast_Articulated_Forte,Scale,i,10.30966,/home/evgeniy/Projects/VocalAssistant/datasets/VocalSet/FULL/male9/scales/fast_forte/m9_scales_f_fast_forte_i.wav,5.1617913832199545,male9,male
m9_scales_f_fast_forte_o,Male,m9,Fast_Articulated_Forte,Scale,o,11.401,/home/evgeniy/Projects/VocalAssistant/datasets/VocalSet/FULL/male9/scales/fast_forte/m9_scales_f_fast_forte_o.wav,5.703446712018141,male9,male
m9_scales_f_fast_forte_u,Male,m9,Fast_Articulated_Forte,Scale,u,11.07592,/home/evgeniy/Projects/VocalAssistant/datasets/VocalSet/FULL/male9/scales/fast_forte/m9_scales_f_fast_forte_u.wav,5.544126984126984,male9,male
m9_scales_f_fast_piano_a,Male,m9,Fast_Articulated_Piano,Scale,a,10.9366,/home/evgeniy/Projects/VocalAssistant/datasets/VocalSet/FULL/male9/scales/fast_piano/m9_scales_f_fast_piano_a.wav,5.473514739229025,male9,male
m9_scales_f_fast_piano_e,Male,m9,Fast_Articulated_Piano,Scale,e,10.8205,/home/evgeniy/Projects/VocalAssistant/datasets/VocalSet/FULL/male9/scales/fast_piano/m9_scales_f_fast_piano_e.wav,5.411315192743764,male9,male
m9_scales_f_fast_piano_i,Male,m9,Fast_Articulated_Piano,Scale,i,10.9366,/home/evgeniy/Projects/VocalAssistant/datasets/VocalSet/FULL/male9/scales/fast_piano/m9_scales_f_fast_piano_i.wav,5.473492063492063,male9,male
m9_scales_f_fast_piano_o,Male,m9,Fast_Articulated_Piano,Scale,o,10.68118,/home/evgeniy/Projects/VocalAssistant/datasets/VocalSet/FULL/male9/scales/fast_piano/m9_scales_f_fast_piano_o.wav,5.349115646258503,male9,male
m9_scales_f_fast_piano_u,Male,m9,Fast_Articulated_Piano,Scale,u,10.37932,/home/evgeniy/Projects/VocalAssistant/datasets/VocalSet/FULL/male9/scales/fast_piano/m9_scales_f_fast_piano_u.wav,5.193605442176871,male9,male
m9_scales_f_slow_piano_a,Male,m9,Slow_Legato_Piano,Scale,a,24.05587,/home/evgeniy/Projects/VocalAssistant/datasets/VocalSet/FULL/male9/scales/slow_piano/m9_scales_f_slow_piano_a.wav,12.029251700680271,male9,male
m9_scales_f_slow_piano_e,Male,m9,Slow_Legato_Piano,Scale,e,22.26794,/home/evgeniy/Projects/VocalAssistant/datasets/VocalSet/FULL/male9/scales/slow_piano/m9_scales_f_slow_piano_e.wav,11.142312925170067,male9,male
m9_scales_f_slow_piano_i,Male,m9,Slow_Legato_Piano,Scale,i,22.15184,/home/evgeniy/Projects/VocalAssistant/datasets/VocalSet/FULL/male9/scales/slow_piano/m9_scales_f_slow_piano_i.wav,11.08687074829932,male9,male
m9_scales_f_slow_piano_o,Male,m9,Slow_Legato_Piano,Scale,o,22.82522,/home/evgeniy/Projects/VocalAssistant/datasets/VocalSet/FULL/male9/scales/slow_piano/m9_scales_f_slow_piano_o.wav,11.419455782312925,male9,male
m9_scales_f_slow_piano_u,Male,m9,Slow_Legato_Piano,Scale,u,22.50014,/home/evgeniy/Projects/VocalAssistant/datasets/VocalSet/FULL/male9/scales/slow_piano/m9_scales_f_slow_piano_u.wav,11.253174603174603,male9,male
m9_scales_lip_trill_a,Male,m9,Lip_Trill,Scale,a,13.07283,/home/evgeniy/Projects/VocalAssistant/datasets/VocalSet/FULL/male9/scales/lip_trill/m9_scales_lip_trill_a.wav,6.541428571428572,male9,male
m9_scales_lip_trill_e,Male,m9,Lip_Trill,Scale,e,12.93352,/home/evgeniy/Projects/VocalAssistant/datasets/VocalSet/FULL/male9/scales/lip_trill/m9_scales_lip_trill_e.wav,6.469931972789116,male9,male
m9_scales_lip_trill_i,Male,m9,Lip_Trill,Scale,i,13.07283,/home/evgeniy/Projects/VocalAssistant/datasets/VocalSet/FULL/male9/scales/lip_trill/m9_scales_lip_trill_i.wav,6.541428571428572,male9,male
m9_scales_lip_trill_o,Male,m9,Lip_Trill,Scale,o,13.21215,/home/evgeniy/Projects/VocalAssistant/datasets/VocalSet/FULL/male9/scales/lip_trill/m9_scales_lip_trill_o.wav,6.612925170068027,male9,male
m9_scales_lip_trill_u,Male,m9,Lip_Trill,Scale,u,12.49234,/home/evgeniy/Projects/VocalAssistant/datasets/VocalSet/FULL/male9/scales/lip_trill/m9_scales_lip_trill_u.wav,6.255442176870749,male9,male
m9_scales_straight_a,Male,m9,StraightTone,Scale,a,25.72771,/home/evgeniy/Projects/VocalAssistant/datasets/VocalSet/FULL/male9/scales/straight/m9_scales_straight_a.wav,12.868004535147392,male9,male
m9_scales_straight_e,Male,m9,StraightTone,Scale,e,22.05896,/home/evgeniy/Projects/VocalAssistant/datasets/VocalSet/FULL/male9/scales/straight/m9_scales_straight_e.wav,11.038163265306125,male9,male
m9_scales_straight_i,Male,m9,StraightTone,Scale,i,23.24318,/home/evgeniy/Projects/VocalAssistant/datasets/VocalSet/FULL/male9/scales/straight/m9_scales_straight_i.wav,11.6284126984127,male9,male
m9_scales_straight_o,Male,m9,StraightTone,Scale,o,23.01098,/home/evgeniy/Projects/VocalAssistant/datasets/VocalSet/FULL/male9/scales/straight/m9_scales_straight_o.wav,11.510362811791383,male9,male
m9_scales_straight_u,Male,m9,StraightTone,Scale,u,24.42739,/home/evgeniy/Projects/VocalAssistant/datasets/VocalSet/FULL/male9/scales/straight/m9_scales_straight_u.wav,12.218707482993198,male9,male
m9_scales_vibrato_a,Male,m9,MoltoVibrato,Scale,a,24.79891,/home/evgeniy/Projects/VocalAssistant/datasets/VocalSet/FULL/male9/scales/vibrato/m9_scales_vibrato_a.wav,12.400068027210883,male9,male
m9_scales_vibrato_e,Male,m9,MoltoVibrato,Scale,e,21.78032,/home/evgeniy/Projects/VocalAssistant/datasets/VocalSet/FULL/male9/scales/vibrato/m9_scales_vibrato_e.wav,10.891950113378686,male9,male
m9_scales_vibrato_i,Male,m9,MoltoVibrato,Scale,i,22.3376,/home/evgeniy/Projects/VocalAssistant/datasets/VocalSet/FULL/male9/scales/vibrato/m9_scales_vibrato_i.wav,11.171224489795918,male9,male
m9_scales_vibrato_o,Male,m9,MoltoVibrato,Scale,o,22.4537,/home/evgeniy/Projects/VocalAssistant/datasets/VocalSet/FULL/male9/scales/vibrato/m9_scales_vibrato_o.wav,11.227074829931972,male9,male
m9_scales_vibrato_u,Male,m9,MoltoVibrato,Scale,u,23.33605,/home/evgeniy/Projects/VocalAssistant/datasets/VocalSet/FULL/male9/scales/vibrato/m9_scales_vibrato_u.wav,11.673922902494333,male9,male
